fuente,source_id,motivo
TM,351335,duplicado_evento
TM,352339,duplicado_evento
TM,352434,duplicado_evento
TM,354153,duplicado_evento
TM,356299,duplicado_evento
TM,359163,duplicado_evento
TM,360533,duplicado_evento
TM,361854,duplicado_evento
TM,362093,duplicado_evento
TM,76890,duplicado_evento
TM,84050,duplicado_evento
TM,86863,duplicado_evento
TM,89229,duplicado_evento
TM,93740,duplicado_evento
TM,96401,duplicado_evento
TM,101951,duplicado_evento
TM,104403,duplicado_evento
TM,110102,duplicado_evento
TM,111833,duplicado_evento
TM,111917,duplicado_evento
TM,118982,duplicado_evento
TM,119566,duplicado_evento
TM,126763,duplicado_evento
TM,127842,duplicado_evento
TM,128506,duplicado_evento
TM,264354,duplicado_evento
TM,265599,duplicado_evento
TM,271573,duplicado_evento
TM,281185,duplicado_evento
TM,301218,duplicado_evento
TM,301763,duplicado_evento
TM,303255,duplicado_evento
TM,303483,duplicado_evento
TM,314177,duplicado_evento
TM,317788,duplicado_evento
TM,318559,duplicado_evento
TM,195341,duplicado_evento
TM,196406,duplicado_evento
TM,209431,duplicado_evento
TM,211300,duplicado_evento
TM,212783,duplicado_evento
TM,220276,duplicado_evento
TM,221025,duplicado_evento
TM,227370,duplicado_evento
TM,230381,duplicado_evento
TM,239344,duplicado_evento
TM,242814,duplicado_evento
TM,242981,duplicado_evento
TM,257265,duplicado_evento
TM,269652,duplicado_evento
TM,278187,duplicado_evento
TM,280927,duplicado_evento
TM,287441,duplicado_evento
TM,293501,duplicado_evento
TM,301966,duplicado_evento
TM,308453,duplicado_evento
TM,313604,duplicado_evento
TM,320248,duplicado_evento
TM,2916,duplicado_evento
TM,6390,duplicado_evento
TM,8630,duplicado_evento
TM,15429,duplicado_evento
TM,19181,duplicado_evento
TM,28574,duplicado_evento
TM,29574,duplicado_evento
TM,31137,duplicado_evento
TM,37972,duplicado_evento
TM,54259,duplicado_evento
TM,57678,duplicado_evento
TM,68553,duplicado_evento
TM,72896,duplicado_evento
TM,87792,duplicado_evento
TM,96230,duplicado_evento
TM,99975,duplicado_evento
TM,112544,duplicado_evento
TM,119359,duplicado_evento
TM,124001,duplicado_evento
TM,126419,duplicado_evento
TM,128207,duplicado_evento
TM,67558,duplicado_evento
TM,67790,duplicado_evento
TM,68392,duplicado_evento
TM,68826,duplicado_evento
TM,83002,duplicado_evento
TM,94885,duplicado_evento
TM,95151,duplicado_evento
TM,105064,duplicado_evento
TM,108088,duplicado_evento
TM,110094,duplicado_evento
TM,116751,duplicado_evento
TM,117009,duplicado_evento
TM,118290,duplicado_evento
TM,126255,duplicado_evento
TM,128447,duplicado_evento
TM,130863,duplicado_evento
TM,137682,duplicado_evento
TM,139432,duplicado_evento
TM,146140,duplicado_evento
TM,152187,duplicado_evento
TM,153452,duplicado_evento
TM,153805,duplicado_evento
TM,155230,duplicado_evento
TM,157845,duplicado_evento
TM,159092,duplicado_evento
TM,176044,duplicado_evento
TM,178196,duplicado_evento
TM,184947,duplicado_evento
TM,196623,duplicado_evento
TM,196680,duplicado_evento
TM,202457,duplicado_evento
TM,210289,duplicado_evento
TM,212361,duplicado_evento
TM,213163,duplicado_evento
TM,214506,duplicado_evento
TM,215263,duplicado_evento
TM,225913,duplicado_evento
TM,226328,duplicado_evento
TM,226906,duplicado_evento
TM,229885,duplicado_evento
TM,233432,duplicado_evento
TM,241351,duplicado_evento
TM,247205,duplicado_evento
TM,251808,duplicado_evento
TM,271070,duplicado_evento
TM,273184,duplicado_evento
TM,283562,duplicado_evento
TM,287267,duplicado_evento
TM,290358,duplicado_evento
TM,293440,duplicado_evento
TM,300030,duplicado_evento
TM,310296,duplicado_evento
TM,329199,duplicado_evento
TM,333752,duplicado_evento
TM,339214,duplicado_evento
TM,341255,duplicado_evento
TM,346161,duplicado_evento
TM,357173,duplicado_evento
TM,360655,duplicado_evento
TM,361819,duplicado_evento
TM,983,duplicado_evento
TM,13929,duplicado_evento
TM,15436,duplicado_evento
TM,19473,duplicado_evento
TM,19526,duplicado_evento
TM,20476,duplicado_evento
TM,21304,duplicado_evento
TM,38866,duplicado_evento
TM,40284,duplicado_evento
TM,42498,duplicado_evento
TM,45127,duplicado_evento
TM,50412,duplicado_evento
TM,54005,duplicado_evento
TM,56073,duplicado_evento
TM,70210,duplicado_evento
TM,75560,duplicado_evento
TM,92652,duplicado_evento
TM,92656,duplicado_evento
TM,96631,duplicado_evento
TM,97937,duplicado_evento
TM,98848,duplicado_evento
TM,99576,duplicado_evento
TM,99934,duplicado_evento
TM,101907,duplicado_evento
TM,102744,duplicado_evento
TM,106621,duplicado_evento
TM,114028,duplicado_evento
TM,117170,duplicado_evento
TM,120926,duplicado_evento
TM,121922,duplicado_evento
TM,122386,duplicado_evento
TM,124827,duplicado_evento
TM,124906,duplicado_evento
TM,130166,duplicado_evento
TM,140161,duplicado_evento
TM,141271,duplicado_evento
TM,143047,duplicado_evento
TM,143455,duplicado_evento
TM,144041,duplicado_evento
TM,148671,duplicado_evento
TM,161545,duplicado_evento
TM,166976,duplicado_evento
TM,172085,duplicado_evento
TM,178308,duplicado_evento
TM,198644,duplicado_evento
TM,206081,duplicado_evento
TM,206478,duplicado_evento
TM,209783,duplicado_evento
TM,215167,duplicado_evento
TM,218499,duplicado_evento
TM,222204,duplicado_evento
TM,224125,duplicado_evento
TM,228789,duplicado_evento
TM,244896,duplicado_evento
TM,250725,duplicado_evento
TM,258604,duplicado_evento
TM,265114,duplicado_evento
TM,267564,duplicado_evento
TM,284179,duplicado_evento
TM,295689,duplicado_evento
TM,306774,duplicado_evento
TM,318189,duplicado_evento
TM,320159,duplicado_evento
TM,326559,duplicado_evento
TM,332597,duplicado_evento
TM,332998,duplicado_evento
TM,340922,duplicado_evento
TM,344115,duplicado_evento
TM,344888,duplicado_evento
TM,360449,duplicado_evento
TM,361684,duplicado_evento
TM,135287,duplicado_evento
TM,141467,duplicado_evento
TM,144529,duplicado_evento
TM,148990,duplicado_evento
TM,150854,duplicado_evento
TM,162402,duplicado_evento
TM,166910,duplicado_evento
TM,190086,duplicado_evento
TM,192853,duplicado_evento
TM,130565,duplicado_evento
TM,134198,duplicado_evento
TM,136328,duplicado_evento
TM,137972,duplicado_evento
TM,143184,duplicado_evento
TM,147361,duplicado_evento
TM,148893,duplicado_evento
TM,170897,duplicado_evento
TM,176524,duplicado_evento
TM,178212,duplicado_evento
TM,179352,duplicado_evento
TM,181133,duplicado_evento
TM,182070,duplicado_evento
TM,182105,duplicado_evento
TM,189690,duplicado_evento
TM,189922,duplicado_evento
TM,3474,duplicado_evento
TM,3508,duplicado_evento
TM,8047,duplicado_evento
TM,15906,duplicado_evento
TM,17077,duplicado_evento
TM,36980,duplicado_evento
TM,45600,duplicado_evento
TM,53221,duplicado_evento
TM,268172,duplicado_evento
TM,286441,duplicado_evento
TM,291718,duplicado_evento
TM,307937,duplicado_evento
TM,315720,duplicado_evento
TM,319303,duplicado_evento
TM,320580,duplicado_evento
TM,130848,duplicado_evento
TM,131203,duplicado_evento
TM,135032,duplicado_evento
TM,140987,duplicado_evento
TM,143914,duplicado_evento
TM,151380,duplicado_evento
TM,153109,duplicado_evento
TM,155074,duplicado_evento
TM,155770,duplicado_evento
TM,159305,duplicado_evento
TM,164491,duplicado_evento
TM,167713,duplicado_evento
TM,178347,duplicado_evento
TM,181598,duplicado_evento
TM,182112,duplicado_evento
TM,183765,duplicado_evento
TM,189872,duplicado_evento
TM,193635,duplicado_evento
TM,134313,duplicado_evento
TM,153076,duplicado_evento
TM,153543,duplicado_evento
TM,160524,duplicado_evento
TM,164788,duplicado_evento
TM,166227,duplicado_evento
TM,169206,duplicado_evento
TM,183825,duplicado_evento
TM,197263,duplicado_evento
TM,197601,duplicado_evento
TM,66199,duplicado_evento
TM,69110,duplicado_evento
TM,69136,duplicado_evento
TM,77137,duplicado_evento
TM,88143,duplicado_evento
TM,94255,duplicado_evento
TM,94799,duplicado_evento
TM,98827,duplicado_evento
TM,99455,duplicado_evento
TM,102007,duplicado_evento
TM,102787,duplicado_evento
TM,103249,duplicado_evento
TM,110003,duplicado_evento
TM,117329,duplicado_evento
TM,118818,duplicado_evento
TM,123011,duplicado_evento
TM,265871,duplicado_evento
TM,269788,duplicado_evento
TM,269948,duplicado_evento
TM,274059,duplicado_evento
TM,285594,duplicado_evento
TM,289944,duplicado_evento
TM,291307,duplicado_evento
TM,313250,duplicado_evento
TM,315733,duplicado_evento
TM,325255,duplicado_evento
TM,326770,duplicado_evento
TM,16200,duplicado_evento
TM,21604,duplicado_evento
TM,30884,duplicado_evento
TM,31937,duplicado_evento
TM,34492,duplicado_evento
TM,40373,duplicado_evento
TM,46454,duplicado_evento
TM,48691,duplicado_evento
TM,50289,duplicado_evento
TM,50742,duplicado_evento
TM,57670,duplicado_evento
TM,1810,duplicado_evento
TM,3146,duplicado_evento
TM,4135,duplicado_evento
TM,5739,duplicado_evento
TM,9276,duplicado_evento
TM,17066,duplicado_evento
TM,19607,duplicado_evento
TM,29460,duplicado_evento
TM,30923,duplicado_evento
TM,33098,duplicado_evento
TM,35606,duplicado_evento
TM,38297,duplicado_evento
TM,41771,duplicado_evento
TM,59115,duplicado_evento
TM,2437,duplicado_evento
TM,8926,duplicado_evento
TM,10306,duplicado_evento
TM,19851,duplicado_evento
TM,25827,duplicado_evento
TM,30745,duplicado_evento
TM,38114,duplicado_evento
TM,40311,duplicado_evento
TM,48106,duplicado_evento
TM,52669,duplicado_evento
TM,55602,duplicado_evento
TM,56505,duplicado_evento
TM,2488,duplicado_evento
TM,4047,duplicado_evento
TM,4372,duplicado_evento
TM,6161,duplicado_evento
TM,8561,duplicado_evento
TM,14581,duplicado_evento
TM,15481,duplicado_evento
TM,19742,duplicado_evento
TM,29164,duplicado_evento
TM,30200,duplicado_evento
TM,34504,duplicado_evento
TM,35655,duplicado_evento
TM,47256,duplicado_evento
TM,47350,duplicado_evento
TM,52825,duplicado_evento
TM,59184,duplicado_evento
TM,61683,duplicado_evento
TM,62246,duplicado_evento
TM,331490,duplicado_evento
TM,331511,duplicado_evento
TM,338492,duplicado_evento
TM,348985,duplicado_evento
TM,352401,duplicado_evento
TM,354295,duplicado_evento
TM,65471,duplicado_evento
TM,65838,duplicado_evento
TM,70567,duplicado_evento
TM,71010,duplicado_evento
TM,73649,duplicado_evento
TM,75078,duplicado_evento
TM,76361,duplicado_evento
TM,80270,duplicado_evento
TM,86289,duplicado_evento
TM,98532,duplicado_evento
TM,107516,duplicado_evento
TM,111486,duplicado_evento
TM,121073,duplicado_evento
TM,128075,duplicado_evento
TM,130150,duplicado_evento
TM,143891,duplicado_evento
TM,144649,duplicado_evento
TM,145646,duplicado_evento
TM,158899,duplicado_evento
TM,177202,duplicado_evento
TM,177254,duplicado_evento
TM,177670,duplicado_evento
TM,180542,duplicado_evento
TM,181324,duplicado_evento
TM,181568,duplicado_evento
TM,191634,duplicado_evento
TM,325461,duplicado_evento
TM,329762,duplicado_evento
TM,332443,duplicado_evento
TM,332485,duplicado_evento
TM,335056,duplicado_evento
TM,335817,duplicado_evento
TM,340509,duplicado_evento
TM,348418,duplicado_evento
TM,348990,duplicado_evento
TM,360583,duplicado_evento
TM,361303,duplicado_evento
TM,66426,duplicado_evento
TM,74325,duplicado_evento
TM,74823,duplicado_evento
TM,90729,duplicado_evento
TM,94409,duplicado_evento
TM,94631,duplicado_evento
TM,95011,duplicado_evento
TM,96961,duplicado_evento
TM,98616,duplicado_evento
TM,104342,duplicado_evento
TM,105106,duplicado_evento
TM,109740,duplicado_evento
TM,113531,duplicado_evento
TM,113969,duplicado_evento
TM,120200,duplicado_evento
TM,125882,duplicado_evento
TM,126859,duplicado_evento
TM,67544,duplicado_evento
TM,70621,duplicado_evento
TM,77945,duplicado_evento
TM,84411,duplicado_evento
TM,93481,duplicado_evento
TM,94558,duplicado_evento
TM,100870,duplicado_evento
TM,102734,duplicado_evento
TM,115278,duplicado_evento
TM,116311,duplicado_evento
TM,120646,duplicado_evento
TM,121943,duplicado_evento
TM,204563,duplicado_evento
TM,209545,duplicado_evento
TM,210437,duplicado_evento
TM,210810,duplicado_evento
TM,212840,duplicado_evento
TM,217055,duplicado_evento
TM,225408,duplicado_evento
TM,232712,duplicado_evento
TM,238680,duplicado_evento
TM,238805,duplicado_evento
TM,240040,duplicado_evento
TM,242587,duplicado_evento
TM,244345,duplicado_evento
TM,251977,duplicado_evento
TM,258429,duplicado_evento
TM,131443,duplicado_evento
TM,134517,duplicado_evento
TM,168447,duplicado_evento
TM,169174,duplicado_evento
TM,169361,duplicado_evento
TM,187582,duplicado_evento
TM,191692,duplicado_evento
TM,192913,duplicado_evento
TM,9411,duplicado_evento
TM,12054,duplicado_evento
TM,16090,duplicado_evento
TM,17033,duplicado_evento
TM,30555,duplicado_evento
TM,35038,duplicado_evento
TM,36643,duplicado_evento
TM,39140,duplicado_evento
TM,44008,duplicado_evento
TM,48849,duplicado_evento
TM,201717,duplicado_evento
TM,212962,duplicado_evento
TM,214137,duplicado_evento
TM,214270,duplicado_evento
TM,218907,duplicado_evento
TM,221274,duplicado_evento
TM,221528,duplicado_evento
TM,231586,duplicado_evento
TM,233512,duplicado_evento
TM,251974,duplicado_evento
TM,256165,duplicado_evento
TM,63771,duplicado_evento
TM,90690,duplicado_evento
TM,101041,duplicado_evento
TM,104359,duplicado_evento
TM,104904,duplicado_evento
TM,105580,duplicado_evento
TM,105708,duplicado_evento
TM,110713,duplicado_evento
TM,113181,duplicado_evento
TM,114155,duplicado_evento
TM,118168,duplicado_evento
TM,124153,duplicado_evento
TM,125525,duplicado_evento
TM,127689,duplicado_evento
TM,323550,duplicado_evento
TM,325815,duplicado_evento
TM,326147,duplicado_evento
TM,329473,duplicado_evento
TM,335102,duplicado_evento
TM,340379,duplicado_evento
TM,349359,duplicado_evento
TM,349376,duplicado_evento
TM,356034,duplicado_evento
TM,357934,duplicado_evento
TM,360705,duplicado_evento
TM,66609,duplicado_evento
TM,67891,duplicado_evento
TM,69564,duplicado_evento
TM,70318,duplicado_evento
TM,73863,duplicado_evento
TM,76219,duplicado_evento
TM,78893,duplicado_evento
TM,83140,duplicado_evento
TM,83260,duplicado_evento
TM,83350,duplicado_evento
TM,85584,duplicado_evento
TM,92050,duplicado_evento
TM,92890,duplicado_evento
TM,101704,duplicado_evento
TM,110324,duplicado_evento
TM,111313,duplicado_evento
TM,117747,duplicado_evento
TM,118137,duplicado_evento
TM,122800,duplicado_evento
TM,125516,duplicado_evento
TM,1758,duplicado_evento
TM,6571,duplicado_evento
TM,11056,duplicado_evento
TM,12743,duplicado_evento
TM,15433,duplicado_evento
TM,17520,duplicado_evento
TM,17813,duplicado_evento
TM,18116,duplicado_evento
TM,22528,duplicado_evento
TM,26545,duplicado_evento
TM,28250,duplicado_evento
TM,30588,duplicado_evento
TM,33539,duplicado_evento
TM,43560,duplicado_evento
TM,59709,duplicado_evento
TM,64621,duplicado_evento
TM,332316,duplicado_evento
TM,334801,duplicado_evento
TM,342592,duplicado_evento
TM,354049,duplicado_evento
TM,355075,duplicado_evento
TM,355126,duplicado_evento
TM,203959,duplicado_evento
TM,207599,duplicado_evento
TM,208567,duplicado_evento
TM,214114,duplicado_evento
TM,215955,duplicado_evento
TM,223446,duplicado_evento
TM,242673,duplicado_evento
TM,243143,duplicado_evento
TM,243414,duplicado_evento
TM,243631,duplicado_evento
TM,251980,duplicado_evento
TM,254769,duplicado_evento
TM,255119,duplicado_evento
TM,255313,duplicado_evento
TM,257792,duplicado_evento
TM,198842,duplicado_evento
TM,200211,duplicado_evento
TM,200561,duplicado_evento
TM,206207,duplicado_evento
TM,206868,duplicado_evento
TM,209283,duplicado_evento
TM,217160,duplicado_evento
TM,218405,duplicado_evento
TM,222831,duplicado_evento
TM,241199,duplicado_evento
TM,251615,duplicado_evento
TM,254928,duplicado_evento
TM,256825,duplicado_evento
TM,257035,duplicado_evento
TM,323535,duplicado_evento
TM,327212,duplicado_evento
TM,327565,duplicado_evento
TM,327782,duplicado_evento
TM,329240,duplicado_evento
TM,340720,duplicado_evento
TM,346143,duplicado_evento
TM,352752,duplicado_evento
TM,359343,duplicado_evento
TM,207471,duplicado_evento
TM,208109,duplicado_evento
TM,208206,duplicado_evento
TM,208792,duplicado_evento
TM,212127,duplicado_evento
TM,233060,duplicado_evento
TM,240794,duplicado_evento
TM,246579,duplicado_evento
TM,251919,duplicado_evento
TM,255516,duplicado_evento
TM,256427,duplicado_evento
TM,260100,duplicado_evento
TM,3225,duplicado_evento
TM,7871,duplicado_evento
TM,39507,duplicado_evento
TM,44047,duplicado_evento
TM,46711,duplicado_evento
TM,47969,duplicado_evento
TM,48142,duplicado_evento
TM,49554,duplicado_evento
TM,52818,duplicado_evento
TM,53920,duplicado_evento
TM,54602,duplicado_evento
TM,59282,duplicado_evento
TM,59521,duplicado_evento
TM,62117,duplicado_evento
TM,62343,duplicado_evento
TM,65614,duplicado_evento
TM,339785,duplicado_evento
TM,343691,duplicado_evento
TM,198110,duplicado_evento
TM,202662,duplicado_evento
TM,203988,duplicado_evento
TM,217828,duplicado_evento
TM,218804,duplicado_evento
TM,220134,duplicado_evento
TM,223372,duplicado_evento
TM,252383,duplicado_evento
TM,256800,duplicado_evento
TM,2179,duplicado_evento
TM,14620,duplicado_evento
TM,27924,duplicado_evento
TM,28543,duplicado_evento
TM,53422,duplicado_evento
TM,272338,duplicado_evento
TM,276227,duplicado_evento
TM,277147,duplicado_evento
TM,283005,duplicado_evento
TM,298956,duplicado_evento
TM,301786,duplicado_evento
TM,305455,duplicado_evento
TM,306174,duplicado_evento
TM,307043,duplicado_evento
TM,308566,duplicado_evento
TM,314674,duplicado_evento
TM,317957,duplicado_evento
TM,132124,duplicado_evento
TM,143372,duplicado_evento
TM,144094,duplicado_evento
TM,146673,duplicado_evento
TM,146867,duplicado_evento
TM,150503,duplicado_evento
TM,153539,duplicado_evento
TM,154805,duplicado_evento
TM,167845,duplicado_evento
TM,171715,duplicado_evento
TM,179927,duplicado_evento
TM,183204,duplicado_evento
TM,189047,duplicado_evento
TM,198094,duplicado_evento
TM,201449,duplicado_evento
TM,202470,duplicado_evento
TM,214067,duplicado_evento
TM,215407,duplicado_evento
TM,226652,duplicado_evento
TM,250186,duplicado_evento
TM,253714,duplicado_evento
TM,255326,duplicado_evento
TM,129776,duplicado_evento
TM,140227,duplicado_evento
TM,149141,duplicado_evento
TM,152232,duplicado_evento
TM,156989,duplicado_evento
TM,158951,duplicado_evento
TM,160669,duplicado_evento
TM,175410,duplicado_evento
TM,193476,duplicado_evento
TM,195493,duplicado_evento
TM,204458,duplicado_evento
TM,210586,duplicado_evento
TM,211888,duplicado_evento
TM,217846,duplicado_evento
TM,223567,duplicado_evento
TM,228835,duplicado_evento
TM,236414,duplicado_evento
TM,249553,duplicado_evento
TM,249932,duplicado_evento
TM,252834,duplicado_evento
TM,256110,duplicado_evento
TM,260107,duplicado_evento
TM,1828,duplicado_evento
TM,2730,duplicado_evento
TM,4528,duplicado_evento
TM,5036,duplicado_evento
TM,7585,duplicado_evento
TM,10008,duplicado_evento
TM,13654,duplicado_evento
TM,16277,duplicado_evento
TM,17169,duplicado_evento
TM,19345,duplicado_evento
TM,20168,duplicado_evento
TM,21056,duplicado_evento
TM,29729,duplicado_evento
TM,32016,duplicado_evento
TM,41963,duplicado_evento
TM,46283,duplicado_evento
TM,49398,duplicado_evento
TM,61682,duplicado_evento
TM,61797,duplicado_evento
TM,69904,duplicado_evento
TM,78730,duplicado_evento
TM,89354,duplicado_evento
TM,93251,duplicado_evento
TM,98392,duplicado_evento
TM,111997,duplicado_evento
TM,114110,duplicado_evento
TM,123399,duplicado_evento
TM,131049,duplicado_evento
TM,132540,duplicado_evento
TM,336100,duplicado_evento
TM,341927,duplicado_evento
TM,351944,duplicado_evento
TM,352857,duplicado_evento
TM,355976,duplicado_evento
TM,356545,duplicado_evento
TM,4663,duplicado_evento
TM,7519,duplicado_evento
TM,17701,duplicado_evento
TM,23572,duplicado_evento
TM,24998,duplicado_evento
TM,25614,duplicado_evento
TM,29645,duplicado_evento
TM,31454,duplicado_evento
TM,32615,duplicado_evento
TM,35617,duplicado_evento
TM,35883,duplicado_evento
TM,47454,duplicado_evento
TM,47595,duplicado_evento
TM,48055,duplicado_evento
TM,51040,duplicado_evento
TM,60841,duplicado_evento
TM,63263,duplicado_evento
TM,64922,duplicado_evento
TM,142474,duplicado_evento
TM,142881,duplicado_evento
TM,144440,duplicado_evento
TM,147137,duplicado_evento
TM,150524,duplicado_evento
TM,156840,duplicado_evento
TM,163138,duplicado_evento
TM,170363,duplicado_evento
TM,173019,duplicado_evento
TM,183363,duplicado_evento
TM,193271,duplicado_evento
TM,195734,duplicado_evento
TM,199230,duplicado_evento
TM,201618,duplicado_evento
TM,282739,duplicado_evento
TM,295744,duplicado_evento
TM,299277,duplicado_evento
TM,303585,duplicado_evento
TM,323779,duplicado_evento
TM,324630,duplicado_evento
TM,330191,duplicado_evento
TM,338857,duplicado_evento
TM,348027,duplicado_evento
TM,356736,duplicado_evento
TM,359365,duplicado_evento
TM,360199,duplicado_evento
TM,361363,duplicado_evento
TM,135788,duplicado_evento
TM,138057,duplicado_evento
TM,177024,duplicado_evento
TM,180993,duplicado_evento
TM,182954,duplicado_evento
TM,183424,duplicado_evento
TM,186052,duplicado_evento
TM,188171,duplicado_evento
TM,189819,duplicado_evento
TM,191013,duplicado_evento
TM,193501,duplicado_evento
TM,198596,duplicado_evento
TM,338977,duplicado_evento
TM,340596,duplicado_evento
TM,345266,duplicado_evento
TM,354926,duplicado_evento
TM,359241,duplicado_evento
TM,131519,duplicado_evento
TM,146946,duplicado_evento
TM,146971,duplicado_evento
TM,150884,duplicado_evento
TM,151033,duplicado_evento
TM,155717,duplicado_evento
TM,159273,duplicado_evento
TM,165233,duplicado_evento
TM,179182,duplicado_evento
TM,187600,duplicado_evento
TM,191622,duplicado_evento
TM,192800,duplicado_evento
TM,196745,duplicado_evento
TM,220865,duplicado_evento
TM,221864,duplicado_evento
TM,225205,duplicado_evento
TM,244917,duplicado_evento
TM,249214,duplicado_evento
TM,249316,duplicado_evento
TM,249641,duplicado_evento
TM,131159,duplicado_evento
TM,135831,duplicado_evento
TM,137016,duplicado_evento
TM,141690,duplicado_evento
TM,144300,duplicado_evento
TM,148261,duplicado_evento
TM,153827,duplicado_evento
TM,155381,duplicado_evento
TM,159703,duplicado_evento
TM,164635,duplicado_evento
TM,165419,duplicado_evento
TM,167222,duplicado_evento
TM,169572,duplicado_evento
TM,174464,duplicado_evento
TM,176371,duplicado_evento
TM,177164,duplicado_evento
TM,179684,duplicado_evento
TM,191455,duplicado_evento
TM,194785,duplicado_evento
TM,70418,duplicado_evento
TM,87196,duplicado_evento
TM,88294,duplicado_evento
TM,95999,duplicado_evento
TM,122555,duplicado_evento
TM,125386,duplicado_evento
TM,127582,duplicado_evento
TM,264334,duplicado_evento
TM,264802,duplicado_evento
TM,269198,duplicado_evento
TM,276362,duplicado_evento
TM,280341,duplicado_evento
TM,280440,duplicado_evento
TM,280448,duplicado_evento
TM,283361,duplicado_evento
TM,308022,duplicado_evento
TM,320821,duplicado_evento
TM,320873,duplicado_evento
TM,323765,duplicado_evento
TM,324849,duplicado_evento
TM,7245,duplicado_evento
TM,15701,duplicado_evento
TM,16320,duplicado_evento
TM,25927,duplicado_evento
TM,26446,duplicado_evento
TM,28285,duplicado_evento
TM,28662,duplicado_evento
TM,32507,duplicado_evento
TM,35551,duplicado_evento
TM,47250,duplicado_evento
TM,49918,duplicado_evento
TM,53828,duplicado_evento
TM,56623,duplicado_evento
TM,258940,duplicado_evento
TM,261183,duplicado_evento
TM,267038,duplicado_evento
TM,267179,duplicado_evento
TM,268712,duplicado_evento
TM,278469,duplicado_evento
TM,278968,duplicado_evento
TM,286435,duplicado_evento
TM,290717,duplicado_evento
TM,308418,duplicado_evento
TM,312592,duplicado_evento
TM,312854,duplicado_evento
TM,313703,duplicado_evento
TM,319971,duplicado_evento
TM,138657,duplicado_evento
TM,140207,duplicado_evento
TM,145067,duplicado_evento
TM,147913,duplicado_evento
TM,149094,duplicado_evento
TM,153309,duplicado_evento
TM,155690,duplicado_evento
TM,158821,duplicado_evento
TM,161675,duplicado_evento
TM,167274,duplicado_evento
TM,167734,duplicado_evento
TM,171180,duplicado_evento
TM,184933,duplicado_evento
TM,185267,duplicado_evento
TM,189729,duplicado_evento
TM,190413,duplicado_evento
TM,195303,duplicado_evento
TM,69286,duplicado_evento
TM,70969,duplicado_evento
TM,74898,duplicado_evento
TM,77703,duplicado_evento
TM,78535,duplicado_evento
TM,89639,duplicado_evento
TM,102923,duplicado_evento
TM,104562,duplicado_evento
TM,110464,duplicado_evento
TM,120198,duplicado_evento
TM,123871,duplicado_evento
TM,125449,duplicado_evento
TM,126476,duplicado_evento
TM,5196,duplicado_evento
TM,5758,duplicado_evento
TM,13730,duplicado_evento
TM,27422,duplicado_evento
TM,29931,duplicado_evento
TM,31003,duplicado_evento
TM,35900,duplicado_evento
TM,39605,duplicado_evento
TM,40669,duplicado_evento
TM,44543,duplicado_evento
TM,49246,duplicado_evento
TM,52433,duplicado_evento
TM,59466,duplicado_evento
TM,62610,duplicado_evento
TM,265156,duplicado_evento
TM,275684,duplicado_evento
TM,280124,duplicado_evento
TM,288615,duplicado_evento
TM,289947,duplicado_evento
TM,291406,duplicado_evento
TM,292858,duplicado_evento
TM,310081,duplicado_evento
TM,312406,duplicado_evento
TM,318936,duplicado_evento
TM,319222,duplicado_evento
TM,321744,duplicado_evento
TM,325867,duplicado_evento
TM,195624,duplicado_evento
TM,200658,duplicado_evento
TM,206254,duplicado_evento
TM,210413,duplicado_evento
TM,214260,duplicado_evento
TM,224707,duplicado_evento
TM,224846,duplicado_evento
TM,243369,duplicado_evento
TM,244747,duplicado_evento
TM,253578,duplicado_evento
TM,70855,duplicado_evento
TM,79779,duplicado_evento
TM,80692,duplicado_evento
TM,84361,duplicado_evento
TM,85536,duplicado_evento
TM,90620,duplicado_evento
TM,92274,duplicado_evento
TM,92947,duplicado_evento
TM,100538,duplicado_evento
TM,108491,duplicado_evento
TM,110186,duplicado_evento
TM,110491,duplicado_evento
TM,112545,duplicado_evento
TM,117215,duplicado_evento
TM,121653,duplicado_evento
TM,127620,duplicado_evento
TM,133375,duplicado_evento
TM,1037,duplicado_evento
TM,4953,duplicado_evento
TM,12676,duplicado_evento
TM,14443,duplicado_evento
TM,15826,duplicado_evento
TM,21049,duplicado_evento
TM,21918,duplicado_evento
TM,29372,duplicado_evento
TM,56909,duplicado_evento
TM,195329,duplicado_evento
TM,198483,duplicado_evento
TM,199464,duplicado_evento
TM,199972,duplicado_evento
TM,200538,duplicado_evento
TM,202664,duplicado_evento
TM,204173,duplicado_evento
TM,219850,duplicado_evento
TM,222272,duplicado_evento
TM,227418,duplicado_evento
TM,234026,duplicado_evento
TM,243150,duplicado_evento
TM,243409,duplicado_evento
TM,245375,duplicado_evento
TM,256609,duplicado_evento
TM,258575,duplicado_evento
TM,269354,duplicado_evento
TM,270764,duplicado_evento
TM,273072,duplicado_evento
TM,277573,duplicado_evento
TM,279379,duplicado_evento
TM,280612,duplicado_evento
TM,286326,duplicado_evento
TM,290727,duplicado_evento
TM,293355,duplicado_evento
TM,293453,duplicado_evento
TM,295344,duplicado_evento
TM,313682,duplicado_evento
TM,318952,duplicado_evento
TM,319682,duplicado_evento
TM,331937,duplicado_evento
TM,339494,duplicado_evento
TM,344333,duplicado_evento
TM,344522,duplicado_evento
TM,360368,duplicado_evento
TM,275099,duplicado_evento
TM,277203,duplicado_evento
TM,277216,duplicado_evento
TM,278853,duplicado_evento
TM,290518,duplicado_evento
TM,298158,duplicado_evento
TM,303947,duplicado_evento
TM,308533,duplicado_evento
TM,317272,duplicado_evento
TM,67071,duplicado_evento
TM,69711,duplicado_evento
TM,83925,duplicado_evento
TM,87619,duplicado_evento
TM,89391,duplicado_evento
TM,91182,duplicado_evento
TM,91258,duplicado_evento
TM,100529,duplicado_evento
TM,105388,duplicado_evento
TM,112741,duplicado_evento
TM,122031,duplicado_evento
TM,123723,duplicado_evento
TM,339320,duplicado_evento
TM,343454,duplicado_evento
TM,344196,duplicado_evento
TM,344930,duplicado_evento
TM,346122,duplicado_evento
TM,350238,duplicado_evento
TM,352952,duplicado_evento
TM,356068,duplicado_evento
TM,259733,duplicado_evento
TM,261154,duplicado_evento
TM,262356,duplicado_evento
TM,264061,duplicado_evento
TM,269139,duplicado_evento
TM,269778,duplicado_evento
TM,275891,duplicado_evento
TM,276931,duplicado_evento
TM,278213,duplicado_evento
TM,281839,duplicado_evento
TM,288324,duplicado_evento
TM,288539,duplicado_evento
TM,292722,duplicado_evento
TM,299189,duplicado_evento
TM,302976,duplicado_evento
TM,303322,duplicado_evento
TM,305027,duplicado_evento
TM,305979,duplicado_evento
TM,309405,duplicado_evento
TM,316444,duplicado_evento
TM,321377,duplicado_evento
TM,260729,duplicado_evento
TM,264212,duplicado_evento
TM,276862,duplicado_evento
TM,277371,duplicado_evento
TM,289693,duplicado_evento
TM,289910,duplicado_evento
TM,299066,duplicado_evento
TM,308647,duplicado_evento
TM,308924,duplicado_evento
TM,310508,duplicado_evento
TM,332876,duplicado_evento
TM,334808,duplicado_evento
TM,348457,duplicado_evento
TM,356532,duplicado_evento
TM,359278,duplicado_evento
TM,359753,duplicado_evento
TM,359903,duplicado_evento
TM,362026,duplicado_evento
TM,145137,duplicado_evento
TM,147507,duplicado_evento
TM,157492,duplicado_evento
TM,158074,duplicado_evento
TM,162294,duplicado_evento
TM,166760,duplicado_evento
TM,169394,duplicado_evento
TM,176693,duplicado_evento
TM,182061,duplicado_evento
TM,191908,duplicado_evento
TM,207178,duplicado_evento
TM,219930,duplicado_evento
TM,234814,duplicado_evento
TM,247297,duplicado_evento
TM,248483,duplicado_evento
TM,254444,duplicado_evento
TM,354602,duplicado_evento
TM,361946,duplicado_evento
TM,200590,duplicado_evento
TM,201364,duplicado_evento
TM,204072,duplicado_evento
TM,208537,duplicado_evento
TM,210232,duplicado_evento
TM,231003,duplicado_evento
TM,231344,duplicado_evento
TM,232600,duplicado_evento
TM,236509,duplicado_evento
TM,237171,duplicado_evento
TM,241146,duplicado_evento
TM,248284,duplicado_evento
TM,257941,duplicado_evento
TM,259555,duplicado_evento
TM,66478,duplicado_evento
TM,67235,duplicado_evento
TM,87503,duplicado_evento
TM,91922,duplicado_evento
TM,104598,duplicado_evento
TM,120583,duplicado_evento
TM,127661,duplicado_evento
TM,128027,duplicado_evento
TM,128448,duplicado_evento
TM,128597,duplicado_evento
TM,129666,duplicado_evento
TM,273562,duplicado_evento
TM,292438,duplicado_evento
TM,294515,duplicado_evento
TM,298634,duplicado_evento
TM,301879,duplicado_evento
TM,307248,duplicado_evento
TM,308045,duplicado_evento
TM,308459,duplicado_evento
TM,313146,duplicado_evento
TM,324411,duplicado_evento
TM,326644,duplicado_evento
TM,330593,duplicado_evento
TU,db5b448dd5b2a187cf5b135ddc7fa2e5c8f7f9d7f5c7639200629a17d493d48a,parada_nula
TU,a97579c87b8e8d71c4ee29e6fc4a4529543d020993a5c3893e52f6034954e737,parada_nula
TU,629ae42d4a4d0d08463502c3bcfbc16722e84427ba985ee92005b992fd78190e,parada_nula
TU,63d8d57d7a170b10d571b1ae4f3a6258a19b606ba1f4534018b5b9b92b3c6fb2,parada_nula
TU,8200ebeb72873131de50f4c6771b5938cdd3a972791fb8a2b2157d549b6c33a5,parada_nula
TU,68434e9b7f4f0d2281e86f5bfbffa84f3b25b49b15bedc9f626b0bd84a3790b2,parada_nula
TU,d66f6898d54873487fcfadf2085dd0c885c98a47169f69870ba33fb8cf18df95,parada_nula
TU,1235d65e4dd7a2f30fd11944d60b31d020a3e7e8b1f3ea801d3d56a971b8755f,parada_nula
TU,a661153f75d0e78091f2d137743aa0112fd40a055dadb038ea79736bbb354159,parada_nula
TU,f961927e70c725f6927309740e52447816852bef39a1a705941b0ef2d4aa6238,parada_nula
TU,6d140c5024b429f4d041aa3af507cedfb54fe0063111de9449be97cf8fd371b8,parada_nula
TU,614bc1f575602dc99fd17772533764b18135ed1f42ce95d76e4563ae2bc20ada,parada_nula
TU,8804229c0055cbe5a2a3508c56742db33e296af8b4b30fa207f4ed6c63c2f15e,parada_nula
TU,df0bb45a6d277f2d870b9b5288151c35f0e3718ec94bba0b1a6509d294b73bc8,parada_nula
TU,387281c74f7022f8e20a472f67e7954508dc664dac559fdfada16596fbae46d3,parada_nula
TU,73a347ae7221ca8db83448a6abeedaec9e0dac837c15ab209a834ff7e3d0b7a6,parada_nula
TU,27e4dd6ccf1cd18cee138b033266e3f5499bbe9dd7ffd498631b998e5e53a4c0,parada_nula
TU,985c7b0227d7994fb62f1cba9fc7f103ac9cf62b7870ed67415c779adef2a6b1,parada_nula
TU,1769b47844f5db696cc0252c09662176ce0e49c84f331110a6fbbe3e977f1753,parada_nula
TU,b95121d599e9eb95e9557259f5cecff5f7d8c03a0aeedb9a35da085b6552e8f8,parada_nula
TU,cc237dc95bebe0234bf5b897203e99e708fd42b064fefad736ba33708406fee2,parada_nula
TU,7833be2c2c92f3c89e6113a61ccd9ff902e1d327b97dcd6addbab1a861425e85,parada_nula
TU,cc6c8a03c8c3df8f13f097d544fbd32886c7d2032baf7146e904c3c46b49b306,parada_nula
TU,ab0cc812bd68e2ceb2a1bd80600b5c6e1107a4c893b86290c50c362f697bc763,fecha_futura
TU,5e4014f971055cdb147e1a00f967b253f4f80cdd7de73368e0bc5ab74ecc27bc,parada_nula
TU,431c17ffd9a739cfc824c9a62a22a64358a2d2766282a3b2f92fc8255a5e084f,parada_nula
TU,46216aca3ac3268e5ba14e3973e1c708d67c62db315d74ee237cad005ddbb592,parada_nula
TU,7d292b4fefc96e0c447b73cd1cdcac54a593f4b2f83c8d416585a64e26dc1b61,parada_nula
TU,6d99980c5ba0908d519d7043956fea91f535ea58a4d00950c038bbbac210457c,parada_nula
TU,acf07cb5521f044ebc1c764cb82d237826cf35ef1b2d163fd1db37c0d7cd1009,parada_nula
TU,6cd47f43f7d17865ad8cb8ec7885d51ca0ab32c9baca47ba552917c3414543a8,fecha_futura
TU,b0e5816aadd383b77aa441107dc42d871a343048a6dde780b29f136674bf19d4,fecha_futura
TU,b6805844061ad1c0cba50c8e3b71869f8161445140e3c6f20f418add8e5de394,parada_nula
TU,3ce768aa6ab26b066a26351a1cce76a7b2e5ad0acbd11df2fe17640ce904cd39,parada_nula
TU,59911f8e02b1cc5b3f2d3f64682645d59c9216beacff6a11e0fddaf3468d04b0,parada_nula
TU,80773b665b252b59777bc9d0b2873e0f3d77e0071c7713a2ab1541ccccd34c73,parada_nula
TU,e11b0f42391f9dee8e84d795709aa43e62662d0eec85fc5234b3dd8c1e07b45a,fecha_futura
TU,2f7fd6eaf3dc1d18803b421458787d3ad65cc8d4d7e9b6faa290ce2985951876,parada_nula
TU,316bdc8c6f792e3a6da6bda372cf8edec1ba33bc34c501dd2ec43e2a12bfd61f,parada_nula
TU,a5d795587bce368e8e2927b54d2dd8c65c39c8773d3b512e7deed3128bcad552,fecha_futura
TU,5ca3e60d6ec2ae62cd39c99bf83833768a139315fbf1a224ed8eacb6706eff1c,fecha_futura
TU,8e43f270fdd906fa81629fd4eec1c6b69a17cea5496b8d070926abb29e647cda,parada_nula
TU,ddfb276cf82b38ce547420cad1707fe4c6ef74eca383c9590b67398871ae45d4,parada_nula
TU,abfbf754d307fb23bb8049ce9fbdfc07007655d8f22f731218937afabb739d1c,fecha_futura
TU,ec07da70041d7e275aa3b20c848db49dfb4d266fb2305d0b4701c9471b565774,parada_nula
TU,5903f301ef086e427a319749eca9a6dde0c8303aaf7c065ed2e3505b60055ef8,parada_nula
TU,06a3e3f2061a773a27ef0cf916a4b33306312f606647be31216c6c655268b254,parada_nula
TU,9faabd4895c836d9207c59e1dfbdb3cd0bcdde1a5a9b981ea54991271571306a,parada_nula
TU,67a2e3612dbb47539beae92b08e3ad9d22a49478d0da92929bea918936d74f58,fecha_futura
TU,5c0495ba3e35ccdea8c94f29e6035653e9b8d4a9a986715403471e5be67fbd3f,parada_nula
TU,d119611a4bc0fadc15b06f568d508beb394b75cb825c6c87cc9786ea6435f7ff,parada_nula
TU,2f6d1af0847173014679bde8e7e6efe8bccebc684a4b7156dbb07e338f8ef909,parada_nula
TU,8b407935e4936583d96e2be3b7434ea043d0714145cc0fabbc17d12c2f376221,parada_nula
TU,1336cfc049f997989e76f0fc81fb35b48668c344f5fcb91249db3168ec0d6ccd,fecha_futura
TU,5cef43f548105cb891388900c4381322e161df85b03b86c280c86ae2281221cb,parada_nula
TU,c3c7db4f98ffe5f12ccacf0241e0ffe7d5c443dab8e2a58891bec19b18407743,parada_nula
TU,e3aaa804ada319ed926571ba1a6a523156934d9825a82f7fdccc0897e870785b,fecha_futura
TU,c6afcd3da3976db104a8c0ce27dcdf3ffee9fdb7c3ec8f78ce8acc60958d63b0,parada_nula
TU,3c828fe649e376b0e0db54b028c0ed7f0c70ffbcdd6fab803422b705ef212633,parada_nula
TU,f7255f04d026ef1846f5dc391b1679d56a4776eb9f90c01b147f977f708ecd8a,parada_nula
TU,77460de503db9fa68d7dc9860562a57200fa9d5ea4e07f0ee995df2fb6392b0b,parada_nula
TU,6c2c551e2589b0a061685c3f7f5ac6033adc588e0acd0741dbaa180a109476e5,fecha_futura
TU,84c98b5e599a4fc77137ebeca9a9bcd2175ffbd22844fc1f8b901850ce862dd0,fecha_futura
TU,6cec46749b5758eadb5a546e536142aa30ab2b8dd8ea32b170a3e129e9a0e8f1,parada_nula
TU,95daf48cdc3637268b993ce63c38a1ff434a67d544aed9831d2527808da2f655,parada_nula
TU,6fd2519422d088e657d7f5612f992d0a16961b4477d8206bab49d022e39fa113,parada_nula
TU,b461b61600dbd5ee72ca02a99cdded9b5961f64c82c43657b525077208618ac4,fecha_futura
TU,5d09097cb7e470ce6f2faea8f4842bb5ae43d374bec638bf84ffa4cacd9eb114,parada_nula
TU,29edd95ae13914e759b4b5711353900ea9f76fdffd12fcc1b128d1b62ffb0d60,parada_nula
TU,65be04f45d3603f2a02ffad78829ad5f97ea4e108e63d12d31d01698ee70edea,fecha_futura
TU,fde7fea2aee8bb37060078f50aeabfe1cef723a5537b54112a7fa233b1e4eec7,parada_nula
TU,33af72ceacd6ed61c4a2458bdc56326e39351aaa80e3fd740f54eb88001c2bb6,parada_nula
TU,6c97dd2ae3dfdaac0984202febe351927084151d23f7297149777f4315c7fdf2,parada_nula
TU,9757384d7626639ce2f09a206304a25ef8a9150c1b854e2621de46a3a1f6da98,parada_nula
TU,99ba86629df5bd1c5849d592097cc71aecd62768cd0456dc0813b040809b99b0,parada_nula
TU,ceb5fcf8288bfe279a56817b18b782c1f2e546408056a715a7e04416c63cc7fb,fecha_futura
TU,0263d67d67b72e610b09d41c1c37347011ab9cde141114b5f677ae08e0f24ed7,parada_nula
TU,f0211bde8f0bebbe26f1e4b68dac37b322a6bfa338e8c7142e1a3ac7c68cd617,parada_nula
TU,caa98e904e8b95cbecfda2f15522b6b4f58e03ad20c442a4ec5388992ab57c50,fecha_futura
TU,562ccad631f8ae0b99299cf78a44c84cc6bd48b0bdb4eb482475b46fa0d4f33d,parada_nula
TU,b288781578a12b97187e15f72492ced1d49def96109921057d0300cce14bbafe,fecha_futura
TU,f50cce551bf03e9150e8456f70ce36580b19b50c9362fad1c8910c0fbcec0f85,fecha_futura
TU,528c959bf372945d37509f90559e37ec582b7e495abdfad2a77d695580fcb3e9,parada_nula
TU,b515dd400a809907649f78a5b98c164e166e1984dbc02df9bcc5dce166a742b7,parada_nula
TU,f2569d3351f54792fcf0e8811b5b75bd30ab1ef829937fee8ec3e8223916e6fd,fecha_futura
TU,c0ba15b539266333c51ba9b8fe472de2704ace1eb12f75a2023211ed01d00ba7,parada_nula
TU,e7d56a76b88930759e1683d3de41c319055a788a6745b4d7c8089002c09d4f2b,parada_nula
TU,0d615b5a6a2fcbbb1c89e9e217678434a36672fb23ff355c41640d167aa4dd76,parada_nula
TU,15575d8610718c271c3a6d15dfad45c386d54a0636c302b756cfccc77f3b4eab,parada_nula
TU,ae0502ec7768c6c3291d8578c1c4c9617998c0c8f29452c9aa8241bbf0dedd2d,parada_nula
TU,793004477810b6b6821b0dce0c29d70b5d08e0c37b764ee085c5d3e24423d231,parada_nula
TU,c66fd2b593126d4b48342642e6479c05ad4e73a8dd42ffd120c2c76c50eac5b6,parada_nula
TU,33b5cf7b4dea9fa52efe8e075691f3f2066a476e378a3eb7d7f22d29ad54582f,parada_nula
TU,3767203f90b74b97871db20942b4afd4be91a8db1b41b2f3f4a2699bccb84e0c,parada_nula
TU,f58134c27509ac74362ed6fb087f94c6b42261e1ca46c800edb7a5c21c56ac89,parada_nula
TU,0da9c99fb77b45be84957df45de35ec8904200f356295e6bc13eddec628af4b6,parada_nula
TU,507f23b8a3f48ea1733e92dcb62662c3b85f40d58e04b96f54392989e7cb9795,parada_nula
TU,6877df357f38bb1ed3844f2014b6832e907eeb01ba0fdb6a3f11235bfb768161,parada_nula
TU,8ef303302ea865079e02e35b0cc06d46f81c6c37d6efd512243b37ac6a3ae308,parada_nula
TU,380825a4f8acf21bdaf021973e0f53b2ed0c8858bbeda536697090226a3203e3,fecha_futura
TU,719f824b0edf4f9472b7ae7823365742749562905fd9ea3df387409e2ca43a6d,parada_nula
TU,767e1e81a7c0fed322f11bd18b3db19f1584ef7998f8bfd99d39d20a03a91423,parada_nula
TU,f91d8d6acfebe82fb34f61cb7f36042bf2e00cfa089022a05fb482c90cd5eb31,parada_nula
TU,0d162b6beee09901c9e9a07ad376310bfb6a2b115363debd30f09f639fa450e3,parada_nula
TU,307f504a891bd7333fef8ef1bb25711cbd14f07631c0333a58a7765abb38aae6,parada_nula
TU,fe83f072389f9c8e0c01b15d56eaa9b2ac98aeaddc55b291c58a635d573193fb,parada_nula
TU,98689bba55ecd2888387aaea9a8150ca684f06108862a6b99c21b743b6f6c977,parada_nula
TU,6d6f48667a2533dd6dbc2b39c1ffd4031d3b5b4a1da1462d444e915babffe2fe,parada_nula
TU,1db4ebe4ceb8ce11481633bc176c2580e7783dd32cea200068bad22068b2ddb0,parada_nula
TU,91a00f97bd5b2eafefde141dc34abde014e4e3282b341773182eb6e771cdb4d8,fecha_futura
TU,e7c8e9d96bf8c2573949c642aa68b42504cae9c74a0e5e89f5ead550c54d46fe,parada_nula
TU,f24a5cca177e44c68c0addbe8c2e5a3e08e85cc8910b9b1bd808c556178b0f9d,parada_nula
TU,2e210760c367224b35ca96b9ae1949534a82a42ece46079415b06f1194f789c8,parada_nula
TU,2f883f4573748e05ee28faeaeab6820b3c99bbed5f1c38dc308998eed1dd58f0,parada_nula
TU,a24cb382c3e0795b0a56ca6a4738b4afb239c725a032bac3de6c939d7d4b2d67,parada_nula
TU,dd95b9cd8d33a264297817e77687bd8634d1e38b443f58bc808cfa553fc5b63d,parada_nula
TU,258be4093a818674c1d93189cbea6536870b2cb62d09af7d4871f079386eb740,fecha_futura
TU,f8e0b6fb8fa6d304a26600c39babaade7c205a45af018e0e6522f30eabede90a,parada_nula
TU,9253cfa24f503f3438445c2509d44ecca69b680cb1ff965f9db3b08e3a4d4b79,parada_nula
TU,7e8c34ba689ada3a97f04fe803eea35777d00bb54e20a3c7c0ec5be1407adb25,fecha_futura
TU,af9007e145de687d6c9e1940ada692ca8f447e1f45d9608b9edd29f1d3267d04,parada_nula
TU,a063c900d246591644b2a9afd4f9f29b8d31754b1f2d8e1796ffca17f5eb4ad2,parada_nula
TU,caf87a0000d4b0909a1a288fccdb69b94e8852a738e9afb3973694f155f3c429,parada_nula
TU,3aa651a98c988e5f915ec3cdeee0a99fc227c7420670ef90d7335260bb386860,parada_nula
TU,a77c8a1319024e35037273f83b40d6bbbc8a040d97bda9aede7567f7961f22a0,parada_nula
TU,14d1a8c195b83e4cbbc87074af670bece838d245c252ebdedf783b8c9a007ee0,parada_nula
TU,b00c4f30d8f7c52c2e99adeb7c6f5e32a40aab01dfcd4ec0595532f99fdb932d,parada_nula
TU,650e5baf069a571aa52bdb8f0d016adb96af2d86599776a719b9d9c412103300,fecha_futura
TU,d331a5841b256238001db68d02c6fd258b45333fab7847e8d6a43dc64d2cbe5d,parada_nula
TU,4fa2e1b7a758044afdf31eefd5ec1afbd9c7d7bca1f22ed69415a6794a90609c,parada_nula
TU,af77ebf904a7d4f8ccf6784eda9e518543e9e0b504a89104534c7d701912cad7,parada_nula
TU,30d0b339e43e693058ac393f941c95ea86710196d4fc1274c7c46332bbfcb17a,parada_nula
TU,60cb980153476fba52b89c7a6dd7aad557d15bbeb1d5fbb7199790e69c03db52,parada_nula
TU,f2ba9d1c5470ea8a1560c97022207e4ca2928535957571695c0a989b36633cb0,parada_nula
TU,f6f72e3fde295518598c6cef34759731eb97ee5dea9fd91ea743471844708f49,parada_nula
TU,11362d4630b8c3f23b2fd72176e978714c27105b831b71f24c0de327905643aa,parada_nula
TU,080373367afbc37f08edb4438781d5ac0617e837bf258de17e3735f93e7ebb2e,parada_nula
TU,13b81181467345e0fa5357b97ce325a4619627a38bb2075af7c3db2d88705643,fecha_futura
TU,63fba013a28f680cf9ee088184a39ba0c0117f67edc0c3a02366e60149a6bf5b,parada_nula
TU,5eb20424835df720f2f82f68984e792d9ed45a95eb63453c113084b9a7ffda18,parada_nula
TU,28ceab5d61806896fbe5054570138ac76a23cdb9ac90deb21d9e6e7da530f274,parada_nula
TU,87b7be32b40b66bac284b17444f31363f9c64833a1ce50b889f9f4f04f2a1784,parada_nula
TU,b03af39f02bfd456fba1d6eacd16107db3580e06e386040a4baf899106c8c505,parada_nula
TU,7e4c3dfc5547298cef266945ac3ca338fa1e86b823d1ae5529008ed49c503dd5,parada_nula
TU,224e454998c62ad81148346b9e94327273c68ac896c605c28cfde0256d8fe7a0,parada_nula
TU,e0243cc91896bb69ac225d584ee7772c0cbf2a0dc0d6b5f3e81f102f3de2c2c2,parada_nula
TU,b19f2f7009ce232278c0544d777be5d0de46a50aae69503bab107148b5d0052d,parada_nula
TU,b9e1642521e57c474ae199693676e8a9f7e49105ea1216bc05871abfad11b36b,parada_nula
TU,d0fbbe8b6b41a5aff22390d69bc110a2255a19980f98462133ee0fa9d0f09871,parada_nula
TU,00112b3fef3d986b8b6650f3635739ac807bc30b83d3b2b8e7f78aa0271d9e27,parada_nula
TU,704363893f64144fee2efbd359b3dc324d8c04fd8f6290d813480cd556123950,parada_nula
TU,14d4b6181dadf79068c08838b83bd7c98539aae525d16b1fd2648d0d44de3132,fecha_futura
TU,e734c378b9e94ed9351ede69c59758414ec05e8991b4c99cb4afa7110d33bc2c,fecha_futura
TU,b05f0d514a556340f93e1ace620cceb2ddfc96722f3cbb61fcf04bb3f37a774a,parada_nula
TU,abb82e958a64aac41fc898f8d0f0c8b83da3e2a3dd5b72766cf067cc112e7aaa,parada_nula
TU,f2c6c1fabe98114443c2637d771ce58523af250823a6bdc47f685d580ab791e5,fecha_futura
TU,beb1492c36a49f5069a4ae5a448e135b4fb6bcdb4335f1f949013b0e8c626349,parada_nula
TU,4928456d42a27c9389c3b59ae8ceb1d70c24688a24c6ed85b1094b0e597f98e2,parada_nula
TU,ed5c03c36cc4c00cad813ac09261c725e6df04ecc294ba7ae0a8c2f41895330e,fecha_futura
TU,3a9c6a79ee0a2754f28fa19d230db2eaf81f8c64addb1b321fbb72bc8027de1c,fecha_futura
TU,1dabcb8e85ddd232272ab210621ec3163f231ebeea0dd8be9704981b21e8a6df,parada_nula
TU,61dc52014e7d9c4b09212e3de9e34d8e5cc985c97f5444fce463b2fbf3cf9593,parada_nula
TU,25a75481719a375b52bc480a8824af319325509663368ad0f97a027c721576a6,parada_nula
TU,82b4dab7ec59c06029898a1fa366c6d787c647caef27b5ca379716fa1ab2a612,fecha_futura
TU,194964304189c1b2bf2cae21746c178ecfc68dfc1e7db8f6334c43e4890be182,parada_nula
TU,8fb354fd06d3fd1798e8b030a68ef4006a10a9c689dbcfd679872afa9f110306,fecha_futura
TU,5b421db8ba18119e89c810af4ad22aa172f9e1a2f99093bd613e49b188552d52,parada_nula
TU,f99dc2b42e2e909784951096d0a0d97dbacffc8a526115553bb0dfcc7cd03a98,fecha_futura
TU,492fc100744052322381e0f63b3b342a24e035e78af20134aed3e823e3132d72,parada_nula
TU,ad151fc23b22c1596cdbb96354de86c0167cf384c9ffa2792b659fa800491d9f,parada_nula
TU,e4fb2e6e9c53a232fbf9881d896d1b9698a45bcac70483335ed7e1dfd860ef0d,parada_nula
TU,600865368acb0246f4b0f6751fa5770776aee375ad62028bfa47d1ab22508929,parada_nula
TU,ceeea659af4425810c3b5fa4e4e49f49d5250ed4a9b6b5f442ebc24ab9833d65,parada_nula
TU,d0a5100d26a2c2825374299c3840fe6816ef286507f979ac15148102e3862469,parada_nula
TU,495e45eb09b38b4e3c53aa23b15a67334fbf8fdbf0cbf0be749193560623d3ee,parada_nula
TU,235e4cac4205cdc2b97df7d637301766ffed104ac5f4cf8b71c4cede723f2ffb,parada_nula
TU,d82c3ab737dd0fe180b325560267d906bfacac17237bed237078c8e62ae67e91,fecha_futura
TU,56c2b1e31a8dbc96d44a13243ba397565232aa7ab0f331912478c4e43d93e3bb,parada_nula
TU,f61251e2e6c1eede7aea183ddb7f72bcc37286e7b7859ed0b5b124b0bd8644e6,parada_nula
TU,684bd7eb9d31860fd236ff59d8d6e9306c873738714a588bfaa4e37eab0bc7c6,parada_nula
TU,8a8425e15e8e8ba978019e5e386acd8349c8d584f052c635707ce0fcca9d89bf,parada_nula
TU,cd1015bc2a8468b754937836708c0f63768e76b4812522905de6ca97f77c4096,parada_nula
TU,36fb493048585150f16feb4299fd25d67a40d1cb67b23280e15e8f3db8f48b21,fecha_futura
TU,25e466fde26ceca0e4cafdaacddaf6330c760448c5a7df6f90feb19c53adfaa9,parada_nula
TU,b6434deb6eb409a25698216ff60186b11895860309acd6575469acbacf023007,parada_nula;fecha_futura
TU,1bd25ba15979703e592f3af2d92932a65d9950be039812e2f5eb9b6df0f6916d,fecha_futura
TU,2f1e2fa22b142abcd00e3f8d806d43ec821e8eb1c56db72e522f1d1570fd4315,fecha_futura
TU,e266d1e168f0038d92517467eaf41eafefa02a990229d2d7a495ddadb9e8599f,fecha_futura
TU,68a6a0c25a3455e99078bae52525a4bb92acc95792ee0f5fd7c9af027f9076b8,parada_nula
TU,f6a31f1441ace3559961d2c998fec68eead77049ddd0807796225ad3b82009a1,parada_nula
TU,f2ab9b3e7c2c61fc572173dea899e9eaf3421394308a11a419c1c028ad73fcba,parada_nula
TU,11e0b5bc9fb305086b440b7b54cd89723b9c9f2e2c107516cc811b8e5b164d2a,parada_nula
TU,afdbd44cb74ee91e6865a99417b73fcefbd10586f2d187532b1946d16a3ce697,parada_nula
TU,05168dfe060503bce1b1d4ff2415fcf24e2116eead838e417f7649f7d7a2a3a6,parada_nula
TU,e3a842f52d55b21fdc02395600bd4d926ce854ba1edb3be2abb31665d928520f,parada_nula
TU,cf7ef578321d546922d3f57207c01d225c1808a99724b362a25e5c9205a28cbb,parada_nula
TU,efdf38ca1e42205496f3d4e226aada4bf81263c7a518b65245e148783d95de99,parada_nula
TU,6d5841025d13b05ee39bbda683a1fad2e75230039fee0fbfe78359ba91e32809,fecha_futura
TU,1c7cec0a10b897a9fddcbeacd44fc28738fa9c46bf25f15424df4301c3aff503,fecha_futura
TU,79e0df77222c4d6668b489714c531c04ac23fb7f844f6a791d105d745ad83e68,parada_nula
TU,bfb83c5ae09f242430fa9a819a4cf21e35045e623ab3d61df4afa72715700f31,parada_nula
TU,fb655045cc8ae52e2410539d19eb678a4d96b893c8619c390972b3156abfdfe3,parada_nula
TU,766d449bd4b5114edf3b976f3f6bf11b23cd6de7abf2908a926767b659b132d1,fecha_futura
TU,ec95d698985c876a7e7100b36a4f8aa07ccbfc9bd1bda617995bde84126db4ab,parada_nula
TU,c2d22c8793a4365bebb5a1f36597bf4ad11dfa6308d5127c2a206e8d1879ac67,parada_nula
TU,584cc885469e27d9d5acb2ceeba230c90ddbc37f9636a2e8b182d9bfae20b2f8,parada_nula
TU,e46071047c2c598946c9ae13d0d9702d896359af52289d558e9a194f6e8393ad,fecha_futura
TU,26bf11f83fcfd9b7e23adb1c6eb1967cc2e0ce05363523cd78ba6e76f0c066d4,parada_nula
TU,54109636bd5fb78d30d7a4caf487e1cf8b1f4392d6e369c8ea54a73f1c64db08,parada_nula
TU,eb251b16aa1ec969245b32d043cb5e79dfb3fc37871d4b907e7ac797a42b4244,parada_nula
TU,adab99a3a513b2b80081e05c83e72a4d77e4202bcbfa7ae651282cb0316ec231,fecha_futura
TU,0cf19fecc8fd40f2cbdc08ff13b273d9f3b07594f87605fadec14dcf4ab9eaee,fecha_futura
TU,ea8488508a549cce05ce0015ee3f749550cb2da4a1d8f90433e1238105e1921f,parada_nula
TU,1b8c6151fa5dcf4adccbf4bc25003f1de795c0a09a101f4ac97afb3d4c1fffb2,parada_nula
TU,5358afed51e0c4fa21a02625a1487b8328e3b9d3f9d5581c0d616a8a53c4098f,parada_nula
TU,0bdd274d98a42035215c9d35954ccb795f704a2e3e75111207f6bde383a79f31,parada_nula
TU,bf1b3c0314e10fba4bdfb926b2ad9eeb527772da2d6a7a24cc9a24a924027755,parada_nula
TU,3bef25e52916ea9711a6dc8b6625b81f3c1c27bcdbc11db30fb13eacb00a74bf,parada_nula
TU,80b3b5d5afd334e913b5d13ad7faa4b07c305b14b5302d4677a0276128be81ce,parada_nula
TU,b3c19c7142c52288c8887eff9731d3aff1be76f790287a92d10d0ba7151c98ba,parada_nula
TU,f67f03bace3a92d5c5d712fb2e9a6b0d1157eb4d4a96076ac6107b8a2678d2a3,fecha_futura
TU,5c6db2656e06e71911411ecc1e732f104fa1eb839783af774efcb038f045002a,fecha_futura
TU,5e2076c48475c8bf971c4c0387470a694d1a709043ffb7f54806e2e4262a1558,parada_nula
TU,383f0a041acaed78cdd8a83b891478e36bf445b67b3bf7c2cea529db70ec32e4,parada_nula
TU,d27b3dd3ea56399469a4370bdf76cf9dd7a1c856d74ef372b0777405c7adbd9c,parada_nula
TU,36537b2c539482dcc076835662042b3fddc84da001643b9dd1cfbb00851f5315,fecha_futura
TU,07bc7f6e633b9d17c50b59bf9a82c290ef0bc36a3ade6b8967f64e712817389f,parada_nula
TU,a4583031095f054959524449dbdbdb4973a32a4df21810639277251458bda049,fecha_futura
TU,4e2c0588a23f3a1ec190d121fd14106c30b210155a1dbb46dd334f329aca11aa,parada_nula
TU,45c64d21dda4dadaf4d69a3c1aa1d7697711fe4779116de638072ba7e806db7b,parada_nula
TU,0c1d5318291d74f67c05ec8c7fac99f4e640a49ad298e67a69d37cca7456b2fc,parada_nula
TU,2a1bc716409f7890c74890d3cde2b8f4dfeccfb50905d232405d4fff014f5e24,parada_nula
TU,30d730b9fb6cdeed521f1ae783c9e2bb1a0fd4fff870aa8734b127f501879ef3,parada_nula
TU,e689c1c9218acb9c6ea19a948316481e2303afa33bd374e66e813ab892a962d6,parada_nula
TU,90b6ef352aada573dd50dfe24a8e51c1778a0e90780a994450a6e28418967e8f,parada_nula
TU,7412c1a23ae018ef71674c721df0932753211dca60cc8b085928c0fc9dda2e97,parada_nula
TU,f0f2d28aa66a543f245b3d258556907774e2642134ff849cb938c14a8abd0e72,parada_nula
TU,2aec6e751835587dd0ad3dc9df96692eb00d433d89e54b7ca2d60b0e4d9989c4,parada_nula
TU,5cac9fdfa6d9cba1b60229ce082e6d6202effaf27668288ff9d1e4ac6c270135,parada_nula
TU,6c6bf26e4832aeb222cc4dfda01cf53dddcbb61a4c6bd268a32313e5fce7dfb0,parada_nula
TU,8d7539910e5859b15aa5d5b0e0b18505b87bbd6b4653a386c6034fb34fb12a2c,parada_nula
TU,c9fc0f696f2a459c2f9d03a92b97d1d790804520e5bab8a6776ad5d626f1b93c,parada_nula
TU,7d33be3144248668aa9f4a85f322e1c9b9e60b46d4e66d6ce3304b779ac301a6,fecha_futura
TU,11cf86d4d01602128b399aa9372324fe995dec72f03e85f4ce4133abd59a0342,parada_nula
TU,4c7c27b5b72a853ffd3e55ab0b9580caf1c80ea2a7aa56175f4f42d6cb1389e0,parada_nula
TU,cfb99c1ed0eff65b1e924a4d1e89650c5a7a004c0dfe1f998275a3a6b79b8910,parada_nula
TU,3fcf84559b82765f4db3163807dbf938423ab00899e371bebd007f4c042a8690,parada_nula
TU,a0727202451881c521aa1cd5be8d93efb4e504f0a11ef27838fa8d73cabbae06,parada_nula
TU,a0c810059f1aec408bbf82a7ff984d6be50905ef532a44c062507cb31c54a421,parada_nula
TU,77fe434026b35935da479a628fcf5155b096891060865a0ea398e569962867ae,fecha_futura
TU,8c8a84a0018569195236672f52caee4667d232ec6cac219c5fe6c98ce13f994b,parada_nula
TU,dedc5b4157516efcac7e8460def790745de5fabb1f8d3ce4576611291381994a,parada_nula
TU,b08a47c02f2f32202fa489fdc645aceda0a52b91b248500c6b626c382d520833,parada_nula
TU,b627f30fde5bb3af8e1dc35e22e38e840b1476063598a3b8b510c16f943a92ff,parada_nula
TU,2484f552ee3bead9f64c6c266fd7eecfa203c09c01ae85e0f267586abd66f7bd,fecha_futura
TU,ecc8489a6e0fcec85693f782b2d2189c5ebf3a940d5af4f37288daa1db7ef42d,fecha_futura
TU,899a3f7fd7d0b6fc0fde977e5e3a91f18d74d00fb72373ff1e9189fabbd864d0,parada_nula
TU,cfbeb47817982f80242958d6fad615fc242ef0eddaafb50e89b3d05b1c6c8d4c,parada_nula
TU,7ade04e9f415e804dec1ec12a0d2e09a20784d72db59071f822a5044a5becd55,fecha_futura
TU,badc24b7a976d18615d9391051c48bcea50abfc55f05b76795d101883e3a7577,parada_nula
TU,bac835f51c362fc1524a022dfbef4c2f8659c9ce4a0ffae970a2d345ed567d2c,parada_nula
TU,86e1d471667847e4a5a603dd7eff52d417f0aa4bc9f113a3e248dee47f831c45,parada_nula
TU,9e6481d7004592d87eb0fc0dac67dd88954f71f3ef4d74f74f38219b1b585e04,parada_nula
TU,42aac1cb49a1d9ab4a7f8d02b0a129ea5bb9252df5d00dc98c7cb4afde794f38,fecha_futura
TU,4e87222833788705feb8d8568aad24b77163dcda0ca43b5d2a97c9a818e38cb9,parada_nula
TU,54e45e3c6792ff22f96d6c34aca71b3d8dfe11ff64d49d19732b9559612868bd,parada_nula
TU,997664d9c0ae5682f4cfc3897a5f248a798811e6845021f34b3b410a4fa90ffc,parada_nula
TU,7ce4290fd1e151167c4cd96a44d6317c85af5b16dc5b85f102720d3c70ff6263,parada_nula
TU,f3bc47e18d2640e0f1c9d233b69b67d8db7efad7c5926e81cf42a99fded1fae2,fecha_futura
TU,e93741e1d5b6155a8d9fd8fb4ed2a133c8b0d756b25651cc316f1cc15f78ca48,parada_nula
TU,3360385a06f78c0349b57068fa8c8db1a6527e88c63c0f328186085f094e6f43,parada_nula
TU,ab6f4591a39dab7f2e763ee338705f291ac9cd89a0c39a590d426cfab9b2f427,parada_nula
TU,ed98329ad12dcfce79527adc9e12520bdc57a29acc3d60ce836e30d13f61e259,parada_nula
TU,d8a252e748cd47aeb4750244b3e8fe3e9ed5f3f4641ba7d89a03bdddb2d96292,parada_nula
TU,bc586b6188fcfa4107926f6601e314738ecf4c1f5fd00b1412acfdaf5e5767d5,parada_nula
TU,7c37ea365e21c91789a20736f08a87ac184960478e61c77e5b5a580c42d58861,parada_nula
TU,56b20e27831e880b6c7490537d613bc8d98e85c4b5ddd43c1a9a0ec218b5ad33,parada_nula
TU,000ceaa8b96dd193adc0e5f0f1dfc12ed67c599b03faf6f90b66982c29c20332,parada_nula
TU,1e6f490fa338653ad23e0de122dfe7f9589087867d5bd81e0ef6f2faca0d69db,parada_nula
TU,5dd70c5f6b6b66c9a9b78bae29f0d9c8682c9809b9c5e6588d9dcf12138a893a,parada_nula
TU,0b8790ebf3abc2b20df6d7bb6c1668807bf709e7b7c989d510e214eca6d4178c,parada_nula
TU,eaf306e4644cef61eda0422c8d14bf5a1d5955fd5548c5b935f7bc54b226087d,parada_nula
TU,7f6cd7fb238f45c282540f7ef06c55f8d8a77305e6dbf11431edf0d54fb5eaed,parada_nula
TU,91e156413538c957ef2db182bbb23b1cbb67f6b760ed902c75c20f532ce39bfb,parada_nula
TU,42e1f780da64846505b38e01650f32d39e9da95e993764f7440f66f29467b98a,parada_nula
TU,a17209a5bc7cf3ff40cff9d7da8110fbf990260e5fcd004e185d0f28e338d79d,parada_nula
TU,022c5b25cd35cf752cfef98f9650a90e00764eaead077d2429de11017bd02d46,parada_nula
TU,4d4de136bf14f1024dd67b932d688cc3f5b829836541bb6d3c35d011ff641a8d,parada_nula
TU,435a6377b0f798fb70cb04e7f4d4edbd24826c56e2b669d627d10afcada1b09d,parada_nula
TU,7c90ca1c72bc1e59f9ff181aa4961e818ff138f1065870f5b086e2723fa15f6d,parada_nula
TU,fa0fc860e96d9575fd15fe068bc92b29531c698e509edfc901082051aea05431,parada_nula
TU,693b9f744b2ccdfbfb345fc3d2d5a62f66f3ce5a7015f8a0a341ae4fe0ec28e6,fecha_futura
TU,848ef6fa5da5e7aff96f29b91c2b075973fce16e9855e7aade33fd41d0b84692,parada_nula
TU,2dca06d49ed5f5872f5d49c6157d8b0f17978e0b63a4d95e431f23cccec16a50,parada_nula
TU,ed9b83f096867413abeb7c713c14a41eeb5116f238b49b10954755de8a26c7a4,fecha_futura
TU,f369b9fdfe7d152a500da69e94a08cf230a1055828ddbb9244398f3f3db53725,fecha_futura
TU,708435973d3808f12ada899f57192ae96549bc19d82954be2f6b881094f80e8e,parada_nula
TU,961b8d14c0606844cc1c79e64953a30fab4b5d6fe7184703f110233ba4019ae2,parada_nula
TU,c84f137ceb1373cbc0e8c4b1cd2f78d8ef4f42dbb4894a0a4ac2ca14df8c6e3e,fecha_futura
TU,45406aecacb2d07bc470474564d6257660d87575b55fe789f070eec3f3b19121,parada_nula
TU,7da798bbfa82a96b440faa859c4b2e2a1342c309c7d81e9ba8354c8c5c976ed3,fecha_futura
TU,233a1c492c2ff06a182f9c10ffaafda8ba3619e3c3ed3907fd2189d7b9a90b00,parada_nula
TU,1f9001ba4f51d5474c988156d68f8579afc2259b45541ca2405f3d55a8e18916,parada_nula
TU,23c4048173f8e89ba88c33e743e81ba8914d66d4de2bf2998314824955ef7bc5,fecha_futura
TU,2efc57aa030ade46466289617a827262f657dd6b0a10aabb9afe4bb04221a059,parada_nula
TU,448d3bb3f81e9fe03497a7c0061a7ec92e3d330c2cb2bc9cc5364a6ebe274665,fecha_futura
TU,32301b7c700adc1d2775fc20b5cf9526547f7f6f888b204aa998f8d7ec0a71de,parada_nula
TU,8eb012300847433516a45d7aec6c1c5f9d130e7dfab6d27aab79fe53348936df,parada_nula
TU,6f05423481f693bd4b6873142d20b23093d61e87c9a2af97b4c546532d0dfc1a,parada_nula
TU,9fa66eeafb97aaf9c776b7d71a99b8c3a55a02aba1cbc0e3602e0bb6c9567c8e,parada_nula
TU,875383964808441c104c71400e61c7c59435917a7f67437165d3d04621bc0767,parada_nula
TU,7d5e3cbed15b5b7de1431eb1579978be2da28bb7704c552451e826fc21d5d5a5,parada_nula
TU,a4b736d220b61092f8f4b47c99c2bb3cdb17deca88e87aed8ed84c8e62dcd3ad,parada_nula
TU,e3d4750d9076d3d620822438e77ffe66b840d60f51c42cad60ade0c0653fcdf4,parada_nula
TU,56db8db6aa71d6ef4a8f9db7d79a7cd6e5bc28554a890489f05038e8ae3b98b3,parada_nula
TU,650c60f989f3bc844f2366d760478a9176676c1491f00a334f138d5263a40849,parada_nula
TU,269a93cc2747cdeb67326e7acd17d781d9f5d51449a81bfd94bbc24963d07825,parada_nula
TU,f89e85a747f9bf7b2ef38aeb1a85719f49e5efc508e423b87800c97a40acec05,parada_nula
TU,4e59fdb12e7c70702129c23ae99ffb8d23850b28f043de19ea63dadfb6c30851,parada_nula
TU,9a08ce821fe2008a30d69a23df7a2aea189995ff63ed776a49b0687090741834,parada_nula
TU,d38bbf2b597be3a2133f969852a96266031bf533e8b17dc44136b91a82d34cb7,parada_nula
TU,2b1937a71328786bdbb2f414b2c564976262b74955d847b9b53343e223dbf4ce,parada_nula
TU,8f3a1dead6adae7a85ddca5de6efd5be22e6462ae10069a968baf41b8beafb98,parada_nula
TU,0bd3f0b83989870aeafe83a3e31a041063cfd3ae04f9d417e989cce457854886,parada_nula
TU,22c23f09df1b0d39660b7b73bd0ae9f95fb8fb4dbf7fe578b1e1a40c50052526,fecha_futura
TU,1fec62e26783aaf29daeafce2ede10029735140d25349c4e6504fde5240da5dc,parada_nula
TU,8977e3f84ced5bd460a39bbaced6654d3fbb2653aea616a820b870eca70deab9,parada_nula
TU,b710bdfeec0a668bb67a60bd023691aff90be7445c74370179c98e2e98c276a6,parada_nula
TU,d2bba4e73fc7b6285702e8b4bcf3abca616788f19cc994bdaa339de1ed53deac,parada_nula
TU,750eb9244e5733d67818d0cae5cfce113a33ced6537d0785f739874bd8647f2b,parada_nula
TU,97b25f314d4d82aad9255a7e0021af5d535dab1e66d4649c96693898fe7726d1,parada_nula
TU,c9110ace8b0ea686008b0d586054d0cb4fa250134812d15a965163efc32ad487,parada_nula
TU,8793f05d0d66c3cac273d09f668db2865aa04de522465683170f4e4296595237,fecha_futura
TU,ef47af313f71704b65ea92b1606e782519fd9c0fe06d0e2834ee3599232833ad,parada_nula
TU,3d5ebfc1fa7a4070254abfd9fa164ede6ac69c5ffcebfd4fde3e579402e9aad7,parada_nula
TU,309a184582de12715ce7a477136d7577270fa72dd0b9ba050391369aa7af1841,parada_nula
TU,58ff9b3d7bb42efb528e241cd6e1d1f71baea5b9d5af32a6ff92a69cf64e864f,fecha_futura
TU,d0c9cafaf25a4a8551e362cf04e5e5e0b3376da1846831a481596a5be97197ce,fecha_futura
TU,c47350e8a69591f11760823df95590bbbac7bdce5a49ef8df28e42fb28f1888e,parada_nula
TU,91962e2bbda2b447ee93f05b63bfa0493214992ec8f87050349e4f659f2681dc,parada_nula
TU,e91baa56f54142f0e19d843157c2544f2c1a2a7b80f94188280dde3356857d1d,parada_nula
TU,9cd4061389e87337e5ac186860d1b659980b50ce4f199775c2c2d2625fd42bcd,parada_nula
TU,51f93cb7ab54d92ff0f31ae6b07af6952217215b2083a030e8144b0743c90c65,parada_nula
TU,73b16bfa1acdea09b98695eb8b69b65309de0652db1c288a0eab77faed8ad178,fecha_futura
TU,231d7daafa1f2d1bf06db57f33ba5d5bdaad2d9f2441256fb110735843e06374,parada_nula
TU,2d0d7f8422300089eb4cbbda9601431ddaa0aa94aee4900a11fccc4212bf2c82,fecha_futura
TU,57947a7a3fc6fdc3affadd535e59a11b2d917a8bfbb5d135d3e055c9da393d84,parada_nula
TU,c723d7f501b5194fb914ee567d2404ba2a2faac7215f5ea149b518efea1129c4,parada_nula
TU,76ecfa15309d78ac668d9b931118d745041b665824696cbf6327e768b786e6bf,parada_nula
TU,303a33f81073d1464a36ddcffe11853ee47fbc251aff94f73221983dfd13f8c6,parada_nula
TU,cc7f77c65e83606ea33d65f796ab06a6728b960341963aa45bcd024d0ed23127,parada_nula
TU,e8a805ef1c89ec0e5cc8fc26da0f6489b581d43e7e6009ece16bf439e56e8d42,fecha_futura
TU,2513105a8312a992b4d9645252450737d527fd9eaf4f6b2ec39953802d8e4c98,parada_nula
TU,720a83b783bfef8e405a35363a0cc326d4dee485f799ea07f3a455f83f6c578a,parada_nula
TU,b358ad9a7a0bcb469f36922f300c44229af5e37abe0ba771bb1bc0be14e79b00,fecha_futura
TU,57247cf13607c450710f3b29db18907be2cb53aaabbd07c7edccaaa337de65cc,parada_nula
TU,7224a962fb5f89246011bd2a4861a688e279e9185465b8e052910068299eb216,parada_nula
TU,808f7dddf952b2e1be047ab8a23125b263730197b6d4ad0f85482761833f746b,fecha_futura
TU,cb1091899fcbd47a3de71cc24976f3fc45fb34f8973e5ea525c7ccc7215290a7,parada_nula
TU,7c8ca42aa1b43e90e451fc4493ba2538e2b946aa3861d772298eda0a3801f366,parada_nula
TU,6258908b0a15199fde196fc7418717780d8084092c78ca5e911f80c87d3f5928,parada_nula
TU,9c1e46cf3a508b148af5bc517516c9f4419b4456f4b65e4690bfa79eaaf9d267,parada_nula
TU,8efda05e38fa6864f056e715455dbfa9b0d069881c06a21d1e6a2b365b6c7f2d,parada_nula
TU,77672db667a3b81c1e0fd26ba996a65cb8e8cf6fee0b30694e78570dca34499b,fecha_futura
TU,cb9d5232185eefe7983696a5c2e0839a36c683ef961d52d2ed267144a9688637,fecha_futura
TU,0a416cb8a4f4d7684eba3fe51032dd6a4140bd64e7badec4e60358c7ecf009bf,parada_nula
TU,8c23e9cb00ef73ba4e3dec6f595bfe6ffeb70adc040b97ca90b36dd728546f5f,parada_nula
TU,444474c6c98b42ef4def1314e418554d26d8eccdc11f95f41e79206477aa24f6,parada_nula
TU,4609d25dad615d8e232084d83eb30e2728323f47b950b9488a8a39e88b0a4108,parada_nula
TU,9c3e90155143241a97b537a6da1c6b049cb61cd50123ce7b687285a527a7484a,parada_nula
TU,5fc8cea70a9e5fe0206bf9ab05a06dec91b6ae5219d96ed5549bd0efd4f25d0f,parada_nula
TU,824a8c5944270c0e2a24f49db94e8ab5452ea08e14f180c8be5c5bbb920136c5,parada_nula
TU,ef68ed41b2337d7110c4a98f8689ad841412932777f1ceddf6793cae63a7801c,fecha_futura
TU,adbdf30011675554f8a79a50071b9b7e7aa7964dc71024542dd09aa1886d4e6e,parada_nula
TU,9f05ca64f89140c74599a443a0a279be01701bc8488616d4b9a28707c4ec2130,parada_nula
TU,ba8779828676b8edd49df7732ca77ddd1123291e57f8f57b3afde4d5de6712a8,parada_nula
TU,d8efc35a16429fc64d50ec6e92e2ac270eac7f42e7334ab74b4434b5d72e4366,fecha_futura
TU,726e7b0c26a6a981bb3eb9c09f2e7413cc7705e3e615770a06d1d525ffb26897,parada_nula
TU,72853af2147829941cf1e4f4ce8b5e8334a2a9fb541ab86460d131f8d7abd4b1,parada_nula
TU,fb88a47083f4c0057be5a11ea729b654d50cf8d6a0c0c5ab2dc83fad035bbb5e,parada_nula
TU,296a7cbbf89c109b545ec60c3e0fb9d395e060884402df22af8e2d0c6996dba8,fecha_futura
TU,28d89778384f53cd85d1b3179dbff4d53f8dea5b2058c7003f51376efdf67bf4,parada_nula
TU,25c80ddce8c908692a18cb209ecb3000cb6310364276de5d3ef999b26ff041ca,parada_nula
TU,4fb08e8cb76072069d607eb30ec0d713ab674ec3a7324f5ee2c5e9b004d29356,parada_nula
TU,535006c94b7361f4e3ad8c564a1634ad3271060a8c39e20310bdd4cf43651169,parada_nula
TU,3f80a15a06709b5ca26c9c59cc2ae00c3c229cdf086f01a3855bf7b59e9db4b3,parada_nula
TU,d6e8c6a0f54c899c8344e0942496e48c73f86ff5b9fd4ca83406f9325864badb,parada_nula
TU,16d34a26d3f5a67923230452bd41f36b02015c2e8572ab1f2a664d696845ea34,parada_nula
TU,8e2fdb36cbdf47cd26057851df218a86157d8941241160ad4cdf04db2ef5e9be,parada_nula
TU,a4613e907765bd1860bd7c5d5c9cf63469d07bcfffa498249f34008fc3415c64,parada_nula
TU,24ca86f5f1694a63d35425374b892a578826425ce855091c8000055d6b6a293b,parada_nula
TU,b8b40d0f3785219755703a600bc34551259ed53cec946dbd046253f081d7758f,parada_nula
TU,bd5897e3667c65007c06ecce0c6f70574bb6033028022902dccc0ead446aface,fecha_futura
TU,7bffd7c3c43185d972fa8595542018f02e93fa25a4eedda72c16dc096dd4f9aa,parada_nula
TU,5af3cf1b2fa4cca6ab93576b3fa6e1f8568bddd20a18f823e6623f7e698136a6,parada_nula
TU,9f31eb4d9445f0905bd09ee3951af7ffe41c28e6529a3601704a66fd97ad0294,parada_nula
TU,9a60de4d65b8d3c87e1ef3c1d75da1cb8ba79a22d5cbe86bdd3aa3f00c901560,parada_nula
TU,377eb0f7964164eed9ea1250ece9c2b5594b7db208ce56dd29b20a0e9cd4afda,parada_nula
TU,2de90a1dd5599c433798553ef11cbd5bf4c7d294b3727075575b315e8c9de29a,parada_nula
TU,20b9e6c40bb57bc8dfa2edb0f65b97c5e596a611a8820ea763500ac88267b200,parada_nula
TU,4e304922d866f88c697385e55429ce8ef65ef2413001cab45e4178f03deb54c3,fecha_futura
TU,642be8fc39c7b50e04998fc5407193401638dcbdf4c842a57bfcdb7abf4522ad,parada_nula
TU,061e86aeabe08443b2ea6da3b3b7fe371e9ecd733ee6045144aab85e1e4ea376,parada_nula
TU,9c0e31ade8371d9a3782c292ada66084154394419eba5151aeea6c1603b94b1b,parada_nula
TU,10897d2534d8867f7227a87a8e09817ee7f5cb0c4dcb491542b3b0da2101cc71,parada_nula
TU,a1ebcbb6a60f759fa0b0b7553363f36f972b218e572e20c1e1b15a7160fd0544,fecha_futura
TU,08a7747ca81f43e0bf84b1c47dc85d0fcf6210a316f79f01cff10f496cd2abc0,parada_nula
TU,819dc88b21ef1db1dbcf432a65f88add52df2b0868baa00fa4aa61b41e6f1ce2,parada_nula
TU,7c166a89d30ec6ee11edc5c45a310dc81ee93ca561f960722cc790c7cd9f500d,fecha_futura
TU,8760adec1326054edb16094ad4307b0f7eba0e17d4c920615075acaff1179a0f,fecha_futura
TU,0f2fa7e53aabdadf550b8828ba872585fc567d60726a56da77b1284a1ad6330d,parada_nula
TU,ccd6451c80b87924a41ed7b9094e218d7a94143d3185a393b4f695225efc9cd1,parada_nula
TU,2edc15837a506a89cfb1011dbf88d43bda13be5ca7b3d3c5c54794048b2b785a,fecha_futura
TU,3e0b5972ec0e2b8ddfcf10eb734c02cba09ae543603d21e2aa23bf3038acb439,parada_nula
TU,2b89234236a100da6fc89b05872f7e106bd978c99da3000e36f17ed747147a24,parada_nula
TU,7f66fec4585733e47f6dc81cd90c9cd205b761ccb3e1b3aae22bacc64895b428,parada_nula
TU,2c5b913a1505653e911937b98805f6afec1a2c3df9b829da44f73ae4c8f8939a,parada_nula
TU,c2035854b02ef0891188a8ab51ee733c590a160c6e961c37d4e61aef41c628c2,parada_nula
TU,3898d9475d7e2c6d806fc837d1b47a7ede32534cba74b4d02831c5226c12c198,parada_nula
TU,9ebcd38d266f67271a74b9c148c630a4bc40457fe18a177565c46be554a7cdf3,parada_nula
TU,63e68d5e1f8c57a6c6e5687d10f08ef8bb4869ba4f107e45fdfab1fabc98e4ad,parada_nula
TU,0a86d4e24d7645270162746553f26882a722d9b7a151fce5e4bc9173f05b3a6d,fecha_futura
TU,1782d50a102909cde58af6569940f345ff1a2e4a9bf3702c35e79a2f7d4e9e76,parada_nula
TU,eaf1e0c67e752d2f1d41a6b83fada270817e23802cb3f1703198e04af6c23433,parada_nula
TU,d8673f0225356761b7e6e2a45314bf0a3e65ab64b219dbfa0f70de6ee026b40f,parada_nula
TU,08fa8cb43bb2e012d732ade4a2e1c90315cfe98ff486e9730548d930eda1354d,parada_nula
TU,39134a9c2d13751cc6f747e6ebcb1d0febe516d86c3e5d15f41ab212d93b13db,parada_nula
TU,9f34f7c77f32ff5f60efac92e89efdf901f8e13af34c5c9922629219fb1df8f8,parada_nula
TU,501def4b8e1ca953eca9daf85f8c7c7816b8a0b9b7279b144e0541916534df2b,parada_nula
TU,71fb42b5bce8106f6a21f723b8cc1ab94ca9f4ec994a876040c3d4a826b4fe14,parada_nula
TU,b3f97746231ef93e39dda802c510f3f3e17e92773a56afecc7ef869497e118df,parada_nula
TU,0acbf64011cc8e1fccb350a63d8e1c528aa10357e8f31dd3f0606f9c506bb640,parada_nula
TU,eff7e51a88a4d389f025b53c3e561de72b0dee19db81017eab13420e1427d6aa,parada_nula
TU,8df059e7f488c7ab2bf65e150ef50a7b0e3f19ad4a46006aca8ae8d6a0ec1c25,parada_nula
TU,6878ff5450a17e7cd5049db64aea4bbc458a54a57c61c8cd6b4e4e4c9065e8b6,parada_nula
TU,216a0ee9d1dfe5962ac9aab62cc7be87dbda6f5b8ef26e8457dadf9e60d2dd22,parada_nula
TU,dac1e4f3c16b0603ed9963eadd7911ca88c7934d2eae54fd30b5010ca0dc1b32,parada_nula
TU,ade38bc278d62b43c90ba4c053070d2d363405bbcc69bfbedc2cc881f6f7f3ed,parada_nula
TU,ccb562e13bc595a3af122bebe64377c8e0ce12f133b8e480bd4be5420f8c13dd,parada_nula
TU,00898b1e760978b075827a20bea50d813dc2235bd283533fb1f22b64b8170f56,parada_nula
TU,3a299ca6f4a5129890bcad91a28aa7d9cd747d2acee6c21f05187fafe0d5bec7,parada_nula
TU,5aa0ecaa578fba7b348eef9c495404ba584d4bac28efd7818a311640c1d6898b,parada_nula
TU,d76376bb83585f639578668e6247f6f804d77361c626aad2cbc22560be1196f8,fecha_futura
TU,149fb3c815e6241f4d74e43352cbec6f29179d7f7b21aed47bfc3a77f456020c,parada_nula
TU,c695f2cfac87e8ef011bb9e5a47e42fab3ffc5c321a1e9196efdf9536d3facdf,parada_nula
TU,3841a5d37cda4ee0470c5575ddf6e0801ff9cedc3d9cbd737ac8608ef3f96b40,parada_nula
TU,138689b24889bbd2614026f141acfc2489780402ce7685e42ccb8d628be8fc91,parada_nula
TU,15b3677221a120e9c0af47b543a7da86ccf91e1e6b26d0454d95ae81dad00fa0,parada_nula
TU,ab783f8aa16c5e4fa8c4296ea4547dc7c5a7010c910bcf9a6da8e87afd207d4b,fecha_futura
TU,ac99526e82c92fb1fe104492a5c88136fe36d211754c9e8f903b88eb02db3f67,parada_nula
TU,4acec08a55ce93126534112bad491d6f99211f172f9b106f43f78ab5f397724a,parada_nula
TU,9f6a9a604b85de54e5840f3086b74811f57e81fe49216a7e2e9455a2e9e07d24,fecha_futura
TU,72227923ad497aa0b8d53f5248907ac4c6bf0466671d7055c4b596d7beb3f87b,parada_nula
TU,221f3e32a52392c1babe3cd39331aa07269e4b121d11da92158ea21facc40bad,parada_nula
TU,1019ac3540475f0f3a1774c9ce2dcabc87f25f6b824fca92624e267f25b4437d,parada_nula
TU,9db36a44cd779813f5cc9f7f16feae337a5132ffb1ab5414827a055fbd90b340,parada_nula
TU,a8276aab2decf82a0952094f80b55c2786bf05a01febd9ff66672d18fc783542,parada_nula
TU,63983b9654b1c5e8768710747398a8ab67f3338829fe5f78a4cdaa29b9a168d2,parada_nula
TU,0b7179a57aea1a4230730682a14d9bb3d981c4b7cf8211ec602fedcac74abad9,parada_nula
TU,a153e2836e5af636fbc0a0d6337abe10b87ae63332cefa2bcff76954035c1d22,parada_nula
TU,13e348562b8af57a90d93efb27f34d947187af3e176e876ea3d65d44d18ceb7e,parada_nula
TU,eb9e3f9a4dd182866194c3d2c9d287b6ad562c17fc6380b01c4182a2dd73305a,parada_nula
TU,80ec85d5eb3a5c86108fd410d2148614d1554ee96b07b22dbbfdfca13400235b,parada_nula
TU,4f63e5e25150a2464ab66e2c5fc971834fb351f24a50421c9902f1560bddda20,parada_nula
TU,c00ee7d839278c3f0b41e9fe18e4327b4e293ceea52e8aee5cd61d003c1c6466,parada_nula
TU,5811edd9b76ed394ef68902c3de2f2165ed6cb470d340ebaff4868d050893253,parada_nula
TU,1067ece4ffd7ff2f79f7bdfd910df1c3c608c922988c46acbf7badbb818bae9d,parada_nula
TU,2891ec24da0debd58e0034fb67f5366aa6c3d99cb94ffa7cfd635365a02e5787,parada_nula
TU,2eff95e60a8f709cfd67c8b2e518ab5b54ebeeb3c8e9b1c65a7518ba39d747c9,parada_nula
TU,749730f22ccf9125b2b54eabc65f9d302dd81380a7dd33760037c8a88af0861f,parada_nula
TU,78d17f5dcd0c3eb4de3cad2477a774d354705c86d304e422bb8e33ca8e132312,parada_nula
TU,cea9c4d8b35f9a8cd03b6b2bd174f6e99ed7d2d3afc7a3c3ec9c1c9aff3813ee,parada_nula
TU,9c232f42b42122f5b0e6eac1257250e7fa507dc18c008db53fc46e265ee8d294,parada_nula
TU,7f672239082634b4f359658a336d3a3e93e8e8983b898b6282e24b4b05e420d2,parada_nula
TU,6e275d111ac4a78476fea20857076eb287a6debbae10392ca8a2a5ca2e46ff0a,parada_nula
TU,e73528b465e7ee6a830ec8e9732120900be34f6d94be8f1c164ee4fcb555b71e,parada_nula
TU,8151c7743ae37801de8c76d99edcc05862169c2c290bab1ef8d576ecf2b78dc3,parada_nula
TU,782bd746a0f899e92ca5fbf638bc655ae7baac2d2c86368fd0226dd73a1d4df0,parada_nula
TU,7a915d4c6d7b89aafc83b440dbc76ae7511925aedb0efcfa441cc50c00e3d7b9,parada_nula
TU,fec032755f036c7edc0a7745443f4917cfdb9b2cafed79a23cb31a1bbfabdb65,parada_nula
TU,3ec675d473fe775ce740f5f55deeaea543140edf12292a12f1ab8ee411706385,parada_nula
TU,48678d6f3395dba1b075d4a89b2a3d42fdedb20a33ac746d8355d8791e867b33,parada_nula
TU,aad2ecd1570baec25eb54953a851431cb77152324ee1c7eb6d15cd0ffa3b3e2b,parada_nula
TU,2c4723e454044e283466b64ebf3a06520280dec099d6adb103fb79c91860176d,parada_nula
TU,8c3225015c8b7333bceb7c77a871550cf7d1f97e89b54ee4adf02a0edd57ccbd,parada_nula
TU,16336e0372101fe98f18deb61cbff4c8f1b3e494230c2c523b01981d88280cae,parada_nula
TU,42bbe1b5ffc5525edd1db797e52dbcd57d48cde63abd8a2a08abe0f88aed6569,parada_nula
TU,c8136ee6c7f8295a2f52c14d3773c820b2ca7a1a62a41eeb4795b0b0cb0b4583,fecha_futura
TU,510ae5d7155ceafa6959399eaab31060b3bbe5a2e8a05038ff3414c37ce20461,parada_nula
TU,a7a1509e0b32a8adf3e84d6ccd2e84e6d61113fc233fd3593af69496ca46733b,parada_nula
TU,c99142ee7159fb48031684ae9364c88521b0114175fefd3d267230b8bd767fbe,parada_nula
TU,b8bb07f6c4a1fa81785659c68e9581c000006757210d84dc53bd6cfcd35f9e19,parada_nula
TU,63a02f64c324bbbf2b6045f408013068b8ac736f1f5f33ea6e78f6c4a43a86f7,parada_nula
TU,89bb7c98b21753b4068d9e5fa8783fdf299244d387793a15393236b835c99042,fecha_futura
TU,a50db33273dfd853c628224810d909814ccfdd3acd7a368ec0ead857c2c33a85,parada_nula
TU,89d36b64578f212e03086f4d651774bb2eba53c3a8ba95969fc78f7d1b0e6a19,parada_nula
TU,34bcd32336bcf0e4e736b7e0ffabc03386de9991228e598d035593229304ef39,parada_nula
TU,8555b44a69688257dd19e032ab4296717614add4c904a2a7fcbf588c10ba99b7,parada_nula
TU,7e6667a579ede13a0c12041028da042fc94d65d78b5e0d6fd4aa55759734a844,parada_nula
TU,71c4c8f9af85164557ae14dfb6a5781bd8f2d417c9783aacae6d2c100d6408eb,parada_nula
TU,f02680cdeb7d2642b2a268e9abe560f797db338dbb513f3bb9b2e4f5c4d70dd4,parada_nula
TU,2ca8db8df4d506c62d0da7eb8c0977212374e228b4b5b82e6ec3a85d848cae3d,parada_nula
TU,a50f722aa9f33f711ffa7b201b6a1837cba8ed7cd0ff54f77794d5a5b293d081,parada_nula
TU,1e164a1b58efa7e1d31b340af9f43b1900d2b6c55fbda936a4ec337fb5ae9ca4,parada_nula
TU,6b02f9d5aabba25f492e2953ee1e01a8a4440843d5b8f469e424bb45963bdea3,parada_nula
TU,e67deba3dca01fc79c97758db49572e978309a22bd715f7ce9d3e8013a94e0e5,fecha_futura
TU,3654fd765e4590a4680d4a4edd5bfc5c23b962e400413342e13c9d81919fda1e,parada_nula
TU,39e7466c842ae0a119a5b97f4befdb2bf2bfdd0d2eb89e00970d8e9f92eb08a2,fecha_futura
TU,24ed32fc4413622e5d2ad7010568911fb805169cd29a03e123e62d0ed6c7a451,parada_nula
TU,d57a271e1c7736b219d8a1251d710c37dee8a9ca8dc1a70ec639cdef985139e1,parada_nula
TU,6b06ade8639a80fc28949d9ca075fc8d119505547c5eece1eb8406f42717ad43,fecha_futura
TU,76f27d390f2a97b18afa614c9625714a586205e61227fc2ea54592e196678dcf,fecha_futura
TU,72166fb2f3a264363bab755b627dddb476314c28c7e21137ba1cdd411a9306e1,parada_nula
TU,320ae9a109663146e271f68646c0eec9b326a94e79cba5d7dae36867aede846b,parada_nula
TU,324b10ec8ac2ac4a7f0974481a43e83ca9c9900dba0f5cf4c3f6df3a88d1067a,parada_nula
TU,9f3c336f8d82936c5d0b2e18aebe0d0e4130f796d64ab8f2931ada89f719cebd,parada_nula
TU,2750db4140c1e10add253fb658494688600eb65152addf3f123934a2a85e6c3a,parada_nula
TU,3268aa14f55d22a85f84aa3e615a93094a24758afd06b9f887e73f6fc5211e4e,parada_nula
TU,bec2f6bab4c951cecd32e569c8ef6322d85dadaf12281176b2f8844dde4c5663,parada_nula
TU,ef7187a07a46f0ea074ed6f2f2ce6375d1c92c45c76c45f887994d22b4b9ddc0,fecha_futura
TU,583014af52eeb7c530d88d426f8e1bceb79fd545103b025ee25b4efdf9d9f301,parada_nula
TU,a434a0012d63e025a1ac0ca692b6fd5c0271d11471af100a30bbc51a79d39934,parada_nula
TU,74781d62aa4fbe6e6f99bdb4aae1d96606d954209f5e558bfad583a68b44098e,parada_nula
TU,205e54e7ef850684a5f91b8f2b5355a3efd95947b0bd3dd6af4b7953e5353704,parada_nula
TU,dea459c30876efe2d08c58fc60b7f41f5086d93a2eb5b2b4f77b2d3258a2856f,parada_nula
TU,7528552b0b3919356a5d40c12548b50307dcd125874fd9801b8d1d9c47be7f0a,parada_nula
TU,21c5b2dce93dd89dccfdbc7cb65173b876de238e6d427c22b23af7063489f6f3,parada_nula
TU,148e2b60cea3abcde1b082974230fc3496958edf224a6c3554998532156d84a0,parada_nula
TU,24683ee47f56ea3bf8d30a705a6699d232294492740239e0b36852496430976e,parada_nula
TU,11ae9dcfb019b9290f423599c369a58df9b00822cb187221ae117efc52f9ba27,parada_nula
TU,6c0e26c764b49fdadc832e64c4e51ba37ea694a3d0d252e627083a4a65ecf9ee,fecha_futura
TU,2bd48e83944c104f6a82ee560b74223cabf5d4f1aa8c51ced2c2be8ba47d10ca,parada_nula
TU,a9fc07dfabe58789998d5bcd548fed54715efe146c78354c38f9133e13bdabe2,parada_nula
TU,6c70fd86243c75ff538e38bcb6eb9bb7a1ce0a8f4f6e97b6bd208f8d91d5033a,fecha_futura
TU,707b4cebc26e6ba7e95f2c30b41802adbc60ceec30ef1171e22964d946356adc,parada_nula
TU,0be38c100e477f82c98440ffb0f6abd0f776033367db1cf2033b09e8ada55027,parada_nula
TU,9d34e96f2f6d4303ad937447f03a8278a19d9c335b4d5344430ee6926f3ef6bb,fecha_futura
TU,30cf7055693e90450cc779f3377c4e2cb57fe75f4a0d1b03937e1802d36081c9,parada_nula
TU,8d15a857d7c058f3416a312822a4bafa47d74a23875a19f1990d50dc1d81ff87,parada_nula
TU,bd02ea4f4050fe42b09823fdf6a6b8c561e0feeaaf14f5a092c1c6b5e0973f9c,parada_nula
TU,4d11299c29714d8d2a370da5d50429604b5a9443ed22a80dcb54e127c5c5807d,parada_nula
TU,0c9030b07933df006dbe26ba0b90bfbb84c5f3778411a83970fd855c65e39067,parada_nula
TU,69555fb064a26f071dbf18c035184a1486531da580f633a8b065143bf9e7f426,fecha_futura
TU,1fff0768f2c59f361aa789db665ef72cfbd7c1dcc877e2d0c68d7eb956a48070,parada_nula
TU,78caa3812561202224b0faa511a955dcd33d1145b4f5c6af0269b3c5b07bf659,parada_nula
TU,fc9fba1b880b7c06f0229035a26cec9ff1ce2484953f1b2875bafb74da6b355c,parada_nula
TU,4c643fdb9336ce72ed242a03cd86785dc9bb197207a83764bf3109e1760cbb1d,parada_nula
TU,57ca94fcbccbe10ceeefec9752eda335cf4fb578d853c6f278a7dfc3fbcff588,parada_nula
TU,4efc61a3522796e347eaabbecfdbc90a33315efe237a8a114f7f6922747cbaf4,parada_nula
TU,f5a780b87398ae0f7b4e780e08a545d0a35da73b31940f260d8d2c55eda6709c,parada_nula
TU,ca08df40501e28ca7e9d46ebef1ec23fb955135bd66a3f1f2edfbc2ca8d74569,parada_nula
TU,9ecadf2d9a33cef134c37dd171eb83e58d4524625722e1f6e58ef289786a1a71,parada_nula
TU,17eb9a42d5a1c146be637e6136314603441a5ddea563cdebf326491d4b5c6932,parada_nula
TU,dc9f76c9c4f88be25b12e486286d50d1f2c51073d7d3ad3394a25f14ac399dbe,parada_nula
TU,f7ecf81fbc30d0862b61e116ad7fa1d5cacb1f6297512ce99fe9cbc8cfe69045,parada_nula
TU,6e0063fa88aad5b40c60d2d62a8924f80ad5249a4b575e3bd4e073934383a3e9,parada_nula
TU,c32b5934c80bcc2167276f998f92f555781be2ed715fda15bfdc4587ddc526c2,parada_nula
TU,cf3b5fceaea216c7c07b9283968a7482f70e8763334ce152015c4681dc835ced,parada_nula
TU,33be44de282eba03ef08825929e5a9431ef7d8b9ad52f9f942d4bc1d6f785fb5,parada_nula
TU,a5b28941348eb5fde52b568115b5e7ba919f43329a533dc777c50e16ec295130,parada_nula
TU,d454a8a98e3ebd7c4dc9f6af005fa6170fd30372c66debeca353c124b9e5db03,parada_nula
TU,61ab2db80ba7dfe9233dbd42c775e95b8c22e6fa17945fca2eb6cbe2f4187ece,parada_nula
TU,dc7356e667d82763648a0417d7ee1c9b598dd82f08f73255e0e3c86879e34943,fecha_futura
TU,8de48e82cf81d8bf29894d08647c0ce51f1c59ed9dabb615020e1725fd673956,parada_nula
TU,a5fed6c70b6ec3046cc37f35da637ccf1db0350d2cd778417fcd282db7abc19a,parada_nula
TU,62be5fa3818e4fbe63a3cd9f8f82e51a810c46f02b6796f542f46a6adb5f1146,fecha_futura
TU,e7a018ac0dbff229a79cbc635fc11505136a77ed40b0a797a43310cffd3fde3b,fecha_futura
TU,e952a1d84801fbf86310241a35af8e67ec99c97d2265c0d8a6b412dbefa85b1e,parada_nula
TU,d65688ad719dd44d567cd8b865b6d98628aad49883761eb1d697998349de39fc,parada_nula
TU,25cf26a1a6e38277e8cb24c40835b9b2b3f4cd20ae70b6adfeff5976d9f97a8c,fecha_futura
TU,bd7c36f9a6f3228ab4a31dbc4144d3d431bb182bb85a8e15b6e91d091763f4cd,parada_nula
TU,d2f30be09a7bb93547588133416aeb73732add56a23cfaffa54ac138fc15ec26,parada_nula
TU,f3e9eb3e6c221a3a43ce6c430e125439864e98ec105629384855e8a93821c18c,fecha_futura
TU,dad6f1f4ed1dd5fd25c9a9b37a0664575a12e73bb0699f0f7ee234d3c4b3e784,fecha_futura
TU,20e2d4dc667b1aa2be8ad1cd3ddff6a01069f78939dc647206dd222af3967328,parada_nula
TU,93e06203cdd048f06aba2982a93697c2f0511d9b5da0d2263ab482a0e02f5377,parada_nula
TU,d32577d7d9f71de723c1837bb3fb6f1d1ee21d11ff75813149773eb0407321fc,fecha_futura
TU,51218bd89a123579aedf37f47677faa1d1a8eed188bfca97aa2b52831f15abac,parada_nula
TU,441440944dc23b3f83dcf19093c888ba2ca9d9d341721b7b48bd8f0b59e996d6,parada_nula
TU,c854164b1a319333eb3719ca4bd45030f1a63a501f09b0680249db199bc6fb09,parada_nula
TU,f562c81e6c611074a661bbd113cc43ced0d0a7e927e373052f83cbdeadbd440e,parada_nula
TU,7d59b4330d2562ac266a3a774b7504b3e6710c7fd6ad90821002e9ba1a08b631,parada_nula
TU,a0adf3ead4c510f028cde624cde0e9cf896cae2880bdc6d91d24991490fa956a,parada_nula
TU,1bafd0ddde391324b5888dbcf10537fd9e23da7b12a3a6f5ff9b453eca2bbc55,parada_nula
TU,e30fee62e5c7664fdf5e9ad33c3444f2e5b8af9970a8d79b596753100be04640,parada_nula
TU,caf54f415ed045b6f5898be1d95eee364eb935113bec6dab9fedddc192caf448,parada_nula
TU,20ac825f7e3a013b3110f329f079bb2fcaf94997fadc0f2500eebbc8b0d041fd,fecha_futura
TU,37c8d45e275f0487159021ab101113a92327bec118f2b42aa680582b9da45034,parada_nula
TU,5df204435ce153b412f76c06bfbaf1d55ac1a8a8901e694e64e9bfed9a63c7e5,parada_nula
TU,4febd824e1de5959a36a5a84cd243e37f639863e57eab670368fac46c552103e,fecha_futura
TU,6c02896a2309a2319e350a820e20a7e6c6022e53dec09d49f8f713afba2a6413,parada_nula
TU,ce1502fe8f8950da18f0b62e930db9931c5e15861b92cab76cfa0494a3b2d0e9,parada_nula
TU,b6fd0abd655dd3f8b6e034b1d12c3c3a09272fecf7c9f5da558b5e60908454cb,parada_nula
TU,7c566fe14796dacc1d09f02fae61fdde6805f32638498b572e3fe18ca9362f25,parada_nula
TU,e435a8f51848ec935a71d9fa88026d5f086cf4e6735a66ad46b8163d2d878b27,parada_nula
TU,ea9993c05669d8304a07b628f473bf92b171723840f372242b086b9a0b5d3bf7,fecha_futura
TU,8ea7efb5c00723996e04b584c7da63dd2e120fc129b9cccdc18748bb44d64339,parada_nula
TU,36a35290a6b75d6879133e857ed5c651cbfcad81c52b8438ab5007f61f7c085e,parada_nula
TU,bbc9e63727e902fa70df0db0558422be6ed7cb840aa4130ed6b9dd385aa234aa,parada_nula
TU,b265567cb59f9a589d7ce6860aec82671c9e50b1dbcd915aea0d307a50d7299b,parada_nula
TU,5c137cb997d7d324ef02a6c17c1c025fbe72ae05a32cebc64c254bcc5f566ebd,parada_nula
TU,dfced214ab9ad2a6a5a599955dd9cbb14affef9d34dd598bc58e81b1abbb5735,parada_nula
TU,6fd28b2276d39141819f183679b25c2ea71f9602852d55314344809905f62044,parada_nula
TU,0bbb0a33a9d0699d98dc67398779163e0fc7f5d1ab978c5abc225839c0f50f7f,parada_nula
TU,159a602e60fd7c73e00c54f0460c1964a39f86f25941d056ac1a7a0567ef55be,parada_nula
TU,6716473f360352ce7b5ce8b368102bea0ee752df82a375e8e35aa81e0de6b210,parada_nula
TU,3e5d378d0059fca8d5393cbefcbef37af13bc6fd2a6aa31cc77e7d504345af64,parada_nula
TU,551bcc6a12fba320d5a92e3786b5c9e3ec5717ae4f587f4c2e22ff6b3a93f597,parada_nula
TU,263979174704f6b44fbd9ced0c8c0f4d96fd996eea08ad2d1cc9a4161b375164,fecha_futura
TU,61402aa88a05f45c467917b4f513ad2ecec665ceb179e61420b8e99706c73cc3,parada_nula
TU,d2d82cf71537f5f728c469a0422a820af9b7efbfc2f0385b598a66208c6b70b4,parada_nula
TU,20b5c95ae6dee83f9df664fb0462b7f3249f1386d7ba539f9ea78b4837323409,parada_nula
TU,5bae9035a96d41bd083b38482450fcf57e062f3d00fd6533562769cb7d6fbdd6,parada_nula
TU,a4437adb2018de967de32157e97dc73a3a492c89d60892e4ad8fdbbac9783ca0,parada_nula
TU,450d35c3a7e06725ec7d1aa9e2bcae9c0647c25c40b940a40b6fb129a3d89df7,parada_nula
TU,b0eea72a9376c7880599c0b414ed28b22bf2264756ec122900e56682057f4085,parada_nula
TU,06d13116a7884dcd2f27a4b15eb06e264bd3b0a1381b83b3771c0af3b51a62d7,parada_nula
TU,2707d34ab9a4093fe9a2c3bd232cd8869fcdd2270399aa8e8c378666890cb6b3,parada_nula
TU,c89005813b085b7e93ece8c60628c16a0a82349f33111d1b4fda5f24dfab3f76,parada_nula
TU,1bf91a281a68901717f57a3528710efa2a4f402d839c4df7e634ea4dccd9decc,parada_nula
TU,899f1d84267679f54c7d78e6aaddd19983b9b529b072bf133b06ce2c9a286dc7,parada_nula
TU,bb2ecc40cab1a1abaa104a84640c43e9864f68fd7df02d62ad00399a6f97ef16,parada_nula
TU,6ba4b479f724bc75b2133d4b768b709a1dee6680b9e613f01e5b44a78994b8e6,parada_nula
TU,f67b1dd2e33241cf45694dce4ff58f4652494a40e08f589fbb1b5395ac8f60cd,parada_nula
TU,bc58ebd03cf22a5717884da5fbad57e92b5838f8563af62f46d610e03007e843,parada_nula
TU,e3a66f02e5f36f745c598732b7c5e15e5e8b192d4455b38c435d4d4d1ba2f5f3,parada_nula
TU,cd405e87e903cdc3e33492fac1293acad44ea7b033a741e6b2e17fd409268b91,parada_nula
TU,dd96c26999c8596b6326433aa9d196235e109fe80a6b1a56be9bad0b14ce9b68,parada_nula
TU,5156c9e03377ad19f56ce3ddace8d9d503f842bee5e3bc9377b563f400534c94,parada_nula
TU,6afbc34d6aa0ea842ed5b5bb9b334480e90edf9546f153fd1bc9545da7a7900d,parada_nula
TU,ffbbd34fdc8fd245fc211d27c166583e6bde248caacd185902b03549461dd651,parada_nula
TU,da73273d867c497f4de33059a17b60d532fffa7226057c3e861a681e7ece105e,fecha_futura
TU,ad57a0e82a8078318b9c336e06cb8c292de4d6ec440e2fe7601c52e691637ee5,parada_nula
TU,5069377e3913791d9134153ada7e026b36dec5c953142aa35bef0f2e317db9ae,fecha_futura
TU,6695ecc2fd02caca306e3a4d977847ed5994207160fac324632401aaf71673bf,parada_nula
TU,aa139809d48acc05d391319dd1db8c6824d4faebfde9840bf7a35ebe15813ee2,parada_nula
TU,4dea5fa6dda270ff7d96f8457bf4142669884a0dd08625ff0a60a845483c7e6a,fecha_futura
TU,fb6ae5642306147f6c7a456e80b8d54633bbf44636306bfacd80005da6de32f6,fecha_futura
TU,0275559b75546ba9e9870c0dcf66f319fe965d986c576d335fd709b76f23894e,parada_nula
TU,83cabd4aa62a101de494391687f15b8602423733e4b486db546d6c13b780904a,parada_nula
TU,a14a05a034d0506139652e2e91950c3764fffb4f0246ded93e3e51c4d1c611ca,parada_nula
TU,8c047ac3760c9b5a9bf9467d04f88e573c1c72ead0ed6164e5e1bd95f3c02fb8,parada_nula
TU,474c8cc6ff7709006ee942de6642e51a2f9245ab1d727a07a5fcd569a2774853,parada_nula
TU,f0d938243d95ef71bde728145003f06621b39a54dd5198e3bb99efd8da60e799,parada_nula
TU,7acd5f8e7cb55c7700d9e16e87689de1fcbb43ac907c7fe4eab121b3312bccdb,parada_nula
TU,2c1ebad853ae4f62ddfb983df48a03c591a1db3919f6d4139a8a3fc6d1b390f0,parada_nula
TU,c8627b9b375db1a8e67298fb2cc2098564f2f04372e64a6916b4be516c99e58d,parada_nula
TU,2bf43ede4a9e682fffdad0553d040e14f79c9014c056b92208910bbb001997ae,parada_nula
TU,56b7cd402b531a74c030bcba49ace7de582bf2b1a70621e8970a79f0b43065f8,parada_nula
TU,16a7dde17b572f130680c8f6dea2695bbddeabd1096634e41940c98568bfd4b1,parada_nula
TU,756d64fe9a8c1a01e5fbdd0deb6ddfb7c18b80de43ccc6957170e1841375c12e,parada_nula
TU,0de54271234568b241a0afb20fde2fa0d6bd29a557846a3b2598e8c91c81fb9e,parada_nula
TU,873ca7dc80b77be1446df4e4a1adbd30b144c703ed3c126f696e0b18c1ad2853,parada_nula
TU,9493b2ef842ab90a6538da5b6b9fbe9a79d8b758deabea360f68d1fdb4087f88,parada_nula
TU,be24f8451e0bde46725ae63386f7819443408e6975b11fcec4492bbf75d7e55d,fecha_futura
TU,c349df16360dbb89bb9c61ef196a7b7e88b3a1bbf54be80a6f7b03368bfeba66,parada_nula
TU,afeaad12b443f1ef28363973c7aca43c5d278fd98e81fa22a786b1c168d030d7,parada_nula
TU,c296879b9dcd4de3597c61cac37f3c4fa68f23e064b544ce3165239b66d714f5,parada_nula
TU,0e51759a4c0a6a11334e7577dda384d90215cea6af9d4e1742ac8bfa19314ba4,fecha_futura
TU,115264e2eb807774680d68a8284130b423028c14726de8580c4e9f74635f3e49,parada_nula
TU,5b168a2b43fb5998e55571287508d8114dbc597c67069f0d912c18999e079425,parada_nula
TU,f283e559d8ae6668a1681fc6ff500fb7e1ca2ce34b9c46c04640632f1ea994dc,parada_nula
TU,918b6f952a8d80bd9ada0e16b6ed0488bb172c520aa94b650f73e83d75e1aa0c,parada_nula
TU,46b84f95c8d97b249be8ede7aee5e10fe2bc565eb0e962029baf47df93f4fd91,parada_nula
TU,bc7754bb5eb9f30bea6e3a1402d2a0eb2f6dcbab9513c10da213e4611f00e4d7,parada_nula
TU,ed10d83c4be130d191d011e9005c6469fa3ad1124812d9fbf90937c1b2b56e1d,parada_nula
TU,d53a417e364e884a154f147a22d255a775c65d358f51910ff89c64d6075c4566,parada_nula
TU,b940309b705ff3b5cd3fb0f52ac33bf84616d77f04f154532aeb161ab42cc32d,parada_nula
TU,844e20513181020572287f018f8733a39730fc44cdd3d4a387b9bfb4b17a029e,parada_nula
TU,fcc982182b897dbbcdb1e8e559aef838c292c900e475df86d7aeaaeab116361b,parada_nula
TU,e4dacd1f16ace5d913a207e218c9edcb4942d477b3a7bf939ebf0e27b389a94f,parada_nula
TU,d59c4aaa802d57ea3ff1e66c4e57290d21b7ffd960adc9566a170be5f6c334f3,parada_nula
TU,d9cf3b0916cc75ec212e409d3164aff6378c78464086f1dcdc77fc9306fa862d,parada_nula
TU,83b8496f7229eadce0cee479d167fd8f3160998267fbd34a0aef523e92347d2b,parada_nula
TU,2175e7a576a284854379b209706d2b1d3aa00f2a3fd923a90c99dc5303057bdd,parada_nula
TU,545c04a15c11b9fdfdfcc891f2017d03ac3383e841c59ad1a7480d30b97da69d,fecha_futura
TU,de754a8012f7c71d2b020be1253519a3582c29e5d3d2bdb0818d3d653516b416,parada_nula
TU,7cfd7b7afbb20561156d3510d93c44f292f9bc2294cfd5f89580c96511309482,fecha_futura
TU,dc0b8d2c20948049f1512ef88c844909b6bfb4b0ba3c0c9aaded0eb349fa61d5,parada_nula
TU,3ffed7bc62d8b6bf55fa96c039c7ba272a6295696d38d4a7f017ea884839660d,parada_nula
TU,2aeb06cbf80ea0d83773fbb1bd16fafac9b709115644d5d94e247ff2bd2f948b,parada_nula
TU,9a72ec7f4c9949898aea11e04be610b5907d43b660a647cf3dcc8b7eceb794bc,parada_nula
TU,d0ef5c885db8eeae6b747d5a69da63ca55830c39774c41e5d3e9dc8085379c38,fecha_futura
TU,f8439f96beb464c4b2503d7dd0b2275f503cf9a419b4dbb8114afd4dd36c1d5c,parada_nula
TU,f78a087a450373f9a7d11d6f21616ad1fb5513ce634add57b8abcee4a65d1a01,parada_nula
TU,50135745226c16da3a2100853955ee1316d544f1ade78a180b4ca9d4a02c42b4,parada_nula
TU,824964bbbeb84f3fba6621082b1b86ebc36cf85e7cd4b2e596848b2363ce0f23,parada_nula
TU,d31d03201e1877b53c6c03fd8f989ec1e10df05c5720a30abff8f64057c5fa20,parada_nula
TU,c64be6a854355dd38910ab6a4f10da15eb6832e3cc44c28a98f1495b366311ab,parada_nula
TU,54fb8129724ac5e2dd57fb9ca9c2daa1497fdd023a2f8c8a56d1a03849cd1d9b,parada_nula
TU,52da517d756d78847c1b756777b4f8bd6d5f3a4ef8337a154deec16c23a7aa5a,parada_nula
TU,c99be6b1411330f49ad38555677b216b8879b91d3a236dd3b4b47e972d285892,parada_nula
TU,6caf1b52cb19325d3799554c7eda6dc99d5ff11305d5ca97673c67530cc82e66,parada_nula
TU,b23d8e0736cec232b1993b6a2589b62950334ee769675f66a312ed8df89bbfc9,fecha_futura
TU,84d6bd1ac0604f312128e544ff5e785d6441c6af1613fbda83abfe1e55db1243,parada_nula
TU,154d4eac09987fb67ba40e6c614968e33ed0a6ee571bc7291285a5c3a6518e40,parada_nula
TU,2f5cf4241994e5ff34c240cdfb7af521fa5cf1ab40c28be578b6d0327796e170,parada_nula
TU,6df4972b8f660e9fc02457be109682e911afacb7fd01a9b539047927226d1122,parada_nula
TU,479aca2b081741e0e5eb533b688c34e3feef9fac4c6bf3355c4dc1d421306958,parada_nula
TU,02d011d1f9a32e6e87f7495a687bcb965ce260b4ab71eca1b2e5b24cd981b11c,parada_nula
TU,2879530a11ccdab60f901d301ea1fe97f154d39189b1739d036ec77e4ad720d3,parada_nula
TU,dd65d2c55377cef72f7e2eef4708fd3932838b970fd43e6bab1a85f121b5b238,parada_nula
TU,01c09c510422048f5c8602c8ec02567f5593001e3582d10a5b75c214384fc96d,parada_nula
TU,2c24e720ea68acfd867e33be33c09c5e803567a108eb320680b8e5f66ad5ba2f,parada_nula
TU,f377a2952967c838c4a8b9a25d6bbf2766cb02f00547f7ff1531fa407bc9d7f0,parada_nula
TU,bd93af735ac1373ae169b726c83ed8a0596570a4ab6233d89001545954156e8e,parada_nula
TU,d1a8c3626290c648ccec1ebd0c39c6ebac3c5560e4e97ca4e8cc00fc13b7f2e4,parada_nula
TU,a4e2fd96c723b9053383684736f1a5e17fe8951f98a419623ea8aa4a78fe1114,parada_nula
TU,fa053421ffe2399cd84b76ebf926a64ed305e621a7bbd6b995307b3669d8a10c,parada_nula
TU,8c3f386b9929b0a448f88ce318c919d0893639a7f9a7f97b3f456d8bdd69fc09,parada_nula
TU,3dea5f4105e0a0f722103afecb3741462124541ad3efe60ff500dd0ad8f45068,fecha_futura
TU,8d699c4b4d752f9326aed182572263585fd25435c901c2c4fb609e9c38b90dbe,parada_nula
TU,556416a4a02c3dd7fd8497e0b08de7f577e6fd0f19ea76860589d9b0dbcd1774,parada_nula
TU,b7d4c1d7ea76b212ddb3c27871d4cd4252a5a8c44612a456896ccb57499dadb2,parada_nula
TU,2f0fc4ab68bd92c6c8289ee7f354816779879f6f10a6394ed2132f0a5cc40f0a,parada_nula
TU,1583b365513ff5c94fbf9ca94261581263aa00efec7b2937437a4aee07877673,parada_nula
TU,ca7bcfb59f9df111f696c690831059b81b1900e02b73f3b824682f02bd9fc407,parada_nula
TU,37c72cb6b417abdcf7f751ce305f9f160b83f0d41fbf35cf77c705cd7c9a5e20,parada_nula
TU,e5c55d06be97a5c7a176e0125167a7fa954aeabc0480e141287740e9166b839d,parada_nula
TU,1eb5d28495a40f125362d2476a4c43d4a84c58ec5c064b6891d6ee7a27b1487d,parada_nula
TU,137b9fea073ede67ff7a12671796cc57df030f6c2a5bc56e39c3119420951310,parada_nula
TU,453d45ab61d1e22bd6d980afe1b9404d771c619134b6f14b9ec03b8cdcac5771,fecha_futura
TU,411b9a72cefe85a1ced702e1188b1d8b4609aa6a903c8cc013f2356ebf6410b7,parada_nula
TU,92d7ac7be4cc9445c81867208014926e16b2495bb3221d13b9b21f95ea9ddb27,fecha_futura
TU,0dbf36bc9dde3c9cac68171a2d812d9b4ddc9ef382a18ddbb55b995d0634bbf2,parada_nula
TU,978b2063da3871443206c2ffb2f4380ec557dfb6862061d8e3cf55d3dcc6aa94,parada_nula
TU,7bd76f595f83d2bb74039473588c79e65162788b8b7c0d485e008685a89c0b72,parada_nula
TU,728e838cb796ea92d1d4a3d51940ec961c9dce9f0795c541d91b8f0ff2013848,fecha_futura
TU,73ee63b69cfcfae55f756e2ce5c15d2443cb93a960f636f8e08d6b7353d9dba2,parada_nula
TU,4fc4b8b574b9a15fa5b12a19d868841474bffc1ec93e0ddd743229a8d1ba6ffe,fecha_futura
TU,41cf90feb1ed04bd8aa63c8a907ea8870dcebe75ee4d6743af900291079e7b82,fecha_futura
TU,5b6f6b0e5b2ae437d4aed9beb198e762dd0e92e7aebd1ee42fccd7e34a5f5903,parada_nula
TU,3967106c01b771cc66117783aa01ee2b2ffe0e61ff0153de2ed47e15e4991ec2,fecha_futura
TU,f1b73899f7d0509651669072a74d9eb852ba48e6b803e78c180f1e7c32b8d8f5,parada_nula
TU,3f55f7508f4c7d43700a6a588153fc04d3c3f46e445627a6977529300b802d4d,parada_nula
TU,52ce1f3fa31d19ad583ec30a81f7a6a67f248954d014872a2b0ba1eba2dbf2e4,parada_nula
TU,dba086f46c9839966357913447e9df5e331d64e1b0b5e5390438661713e79a14,parada_nula
TU,ae01ca497fdab1cbde3e492deaacf1c1d06b71ece26f995176846794e3fb1273,parada_nula
TU,3051bbbdb018e6d082dc282648ae5f4c11588a18af4faf0fcc4c7326ebdb820a,parada_nula
TU,f70fe56f7f25a75c7ea68859be842712dc28aee6684f6717e8ff57cd8136ffae,parada_nula
TU,172c278a5c0bacbf595a2d5a44131d6785bcc9a603be4705eb1bca410e9455d3,parada_nula
TU,a40c1c8080e2f21727d611efedd20d3a1d49689f23c25291183b170dc048bb9d,parada_nula
TU,84ed9dff49cfba68a2d87f1c42b029c068fa2ab4547c07030a14f8ff9519f762,parada_nula
TU,5e388214a6b770c9fef5998ad4227b435539b6023097374a812682040c694a21,parada_nula
TU,9df88127db3da91fa35cba8d868540c53d2fdd13b930ef778137b3cb123d9b26,parada_nula
TU,d493ac0f5139febc395a45a0fdf9db6fb63f6648a1469e36be9911dc0dd32ce2,parada_nula
TU,7b7a819e2c53d240a2122d3d168c8f1f197ca81343593403527aabb267ea7f96,parada_nula
TU,a8bccefba1cde6b511cb3e07b3cc6a86d74e62282ff2c5012755259b85979b83,parada_nula
TU,297a64a5b8f053dcecd1c6c3534a50278d216ef3d34720aa5df5fbe9a3f78ac5,parada_nula
TU,67f0250454ee658f21dcd19cbd6532c4c09cd3084ff4c645bfe0e8c5142ee2ab,parada_nula
TU,43a061abaeaad776816378a68990bf8f7aac95df92891fc102117878cfe62a4b,parada_nula
TU,1423978c3dd033c21925a87682c8939b6bcc07cc3cc9544530abfbfeca368c18,parada_nula
TU,bc2f93a7a32d660e4f322a628f3522adad540e72757bb4fb3fc282c2cbc59b77,fecha_futura
TU,849cfac746e1b4b0ac9d6c2eba3f44a39ae9dc0e3c1cf57f96eb57361a6b4808,parada_nula
TU,9d553793d5730073ad0d2c787481d5423e72134be7f438081eace8c98a708fc5,parada_nula
TU,5bf22ec5d1f593cd53e9d6eb17ea8db00e046fce9ad3ddbace1e220e907afec7,parada_nula
TU,9ad6dc1ae351d9d1b87c8e180e9f9ac48b2fb1a87bff06a2f00489f74c6b1046,parada_nula
TU,9b6a8a950cc51262cd66efd57ef123b68d8e9610cedd3461d14c72f2c31070b0,parada_nula
TU,cec53d8ecc835a549b1226d6295d1eb42d41674f4613bad535e714c556e781de,parada_nula
TU,583d74a61f30abaa285dd998bb1d5444d5420d74d0caa8b510428e8ed2e2a752,fecha_futura
TU,09bda238e483ee08a4ec39442d91f572ef75db4840b27fb8e22e68411c95da7f,parada_nula
TU,8230a0092a9434ed406cc0b753d5a3db2ef5ef7ffba01e7a836c03f07c438b3c,parada_nula
TU,3ee1fcf16f10d6d5317a18dd61a6713b1591854ebd6077f13764ea53400c1d43,parada_nula
TU,761e16b436966e036ad82187cd6eeb61164cb62c8204c4552a30663f5b109541,parada_nula
TU,3d64222416ca445c5e781553f068df2cf6aa6264fb2022967363ace962c92abd,parada_nula
TU,7f69c52da3708f38223c1f176f13fcf353be1c388ca1ae0fd7e257c1b335a088,parada_nula
TU,965b457044158a2f29d4b0c25ed66b599782aafddeb01a0f4f07a2c88ffc5b4d,fecha_futura
TU,63cb1ecad95d9581b025ac38832db880d43798f3763b6c208b1da6c94c8cab32,fecha_futura
TU,f1c2c721b42c3eb89fefec55f38f3a5e762c7988f473554df21499b9f6619a5e,fecha_futura
TU,4959a1c8381e93e3bea9a1b612abed49b23389de4de24393c6064af2ae7dacc6,parada_nula
TU,b0d39b166bd7a02491b1824d2cb1e861a9942eefaf2e2bc41dafb9265151ee49,parada_nula
TU,81080023e1ac09157eefbe60ed8e5d0e19d9eb858e46ad77a38253d1c395654a,parada_nula
TU,53cf3db15ffa92db564b9e436aae4116d24f09d979a32e8ad98daa75ca89b574,parada_nula
TU,772efb3fa0b482e2441be561293e5c9193722f3635e033bc6fc48c1e4f90b0c5,fecha_futura
TU,94c53ea58c8ec68420b4cc3f99b65ad1c08fbee709cf4c3355818803a028da01,parada_nula
TU,bd345af5e3201b54d3eb28d809e18d1f14b6a2c51201fa4ece049f924bc9a121,fecha_futura
TU,36649947b7ad8d8687492ba94b1bbde7abb8cb784d8900f1c3ca46ddb6efcb17,parada_nula
TU,0ff146248bc7b6234614028238d3dc3c57695e18b358c9853b36414e6f3f744e,parada_nula
TU,b48b8e423da010d089454527d258a8d4e78d1e08ab0fbb1f4deed6264b283ddb,parada_nula
TU,6f364b5466afe69791c4ddf87c386b5987b745becc4374e57fcb68b782b3c1dd,parada_nula
TU,e2247c301802e2e4ab1fedad898a3b0b7bed73e69fdefd3dca2251e4ff9d0f28,parada_nula
TU,14cfb465d0583a1a29e4ecc17cd09bdc924dd16f6275c265cb7481558f3d1ccc,parada_nula
TU,2afe7493785805d1a2e3d29daac717f3fb49dbdfe1c43ebeff9df66e22532f68,parada_nula
TU,5cf1c0785819c31dc7e3f63688869bbbad70aa61972b85bcd9579b3eae503eb5,parada_nula
TU,d767f1e25e56a01e37a9c7ad4d24ab2fb0966214a486c40014078c9a57402229,parada_nula
TU,32227d531e1f07f1aafa42d824f81ece82a310e566010002f3557f79c10c5075,parada_nula
TU,f1421b3d3c25fb11737b24491979b4c10c812ef5fe4c13f52321ee0309bb3ad2,parada_nula
TU,8079168746ab6f4bc43c40a2c814983996a01f4cac3b17714608821871226bfb,parada_nula
TU,b5675be51d429782f74be8cd96dbdd0d48a99e3b5f673237be73d8197b3edd5b,parada_nula
TU,f11581c025f55bc845c2823a779f78ce25835f4c4c5f70bbb5b277fc7387d20e,fecha_futura
TU,d41d0749869fb81718d3a0c5faa931dc03cbd60fdf8116b114347926ece422db,parada_nula
TU,93c89a3cffa11352a7d125cd5de5cfb69420a42a591951c502472e3ec8666982,parada_nula
TU,d4c85b95e0d0e0c466ba8994ee4ee3fab0f836fbb46ec5f32ffd1d98b936b590,parada_nula
TU,3c3edf2497a805036aa656190450ac55da8d0e8c7f3ab3b725a01f0bcb47b68d,parada_nula
TU,a576a9d41bbe85b6110c6b253e11a76c279cff975a9d18dc25906dcc71e36937,parada_nula
TU,7852ce068488c8426fa108746326b767fb28085d38ff52bd7b8e57e69610d41d,parada_nula
TU,6a31105f8b6280e62dfbe1dd83837979f6840ac6452ae380656a58f5e16bd098,parada_nula
TU,d1fa01c4a69109b41d425017d4fa402b1906955fb94ea0dab8a67638b634d582,parada_nula
TU,fcdcbcf9b489d33c98555fc653ef30e85cea598624086eec94ed9ede3e74f7a0,fecha_futura
TU,376e3f1827f6ac98e834bf8630b2879881772c5054c9a2c97eb39f6beb7251bd,parada_nula
TU,32a3c8d826546336d1bb2694bd5691cd2ffad86ab8281fdb9aa730b5421f8789,fecha_futura
TU,1de4448f8f315f6d49d19c0bcfd2c7c143cfd7d19b41c5205cd004618f195081,parada_nula
TU,6c512b2f8152895bb8dfbebefb2bdf1add27da30bf43ada0b76ea16cf9145c1a,parada_nula
TU,f5891c92146c31d149e7d36bafdc2cbc5396e22ea6a7fadf50aeab2e4a470082,parada_nula
TU,47bf4743738d7bee02ecd7533ef5517e31b122be3eadc91783b90d0acc35272c,parada_nula
TU,8d73474232ee22f54ae988ed4b1350776f79e20b9ce634c9f0b6c79b99387aa6,parada_nula
TU,b9c28a672843589d898aab5109444c04957782a241bde4fc4dc2f2806244f5d5,parada_nula
TU,1e854ee70fd593deaa2c03292f8c16ef764c168a08343c317bbcb52d512b3984,parada_nula
TU,50b6f5e576c499a3642e3d072fa359661ffe32caedb483465dc430624da5ed71,parada_nula
TU,f7feb9668a5fd5bf8f88c69c6ad8833553c036dc82b1b4a376e0a78c4796a272,fecha_futura
TU,5c50f812f9cbed14ec3914fb4b95c1b684153829932791a35e817b0b2854c6e9,parada_nula
TU,d92ebe75c5658f107aec01b01f6a59e4e31ff6859b6b4e3d970f5b29badffb8b,parada_nula
TU,05d225dc501b24296071f6b23dbd0392b27339408ad8a72cefade087173f2ce5,parada_nula
TU,d6c155ce6fcbb9ea2acab1b1dbc3e05101ddda2edfcb0a665aad1732adfc3017,fecha_futura
TU,594ccb96b296aec78703d55a1ecbbe375dcce2ba0bbb8ebd2b5a2062cd60dc46,parada_nula
TU,82f5780aada5242bc6c8b1efe47c1d6fbfb46e26204f4b742d01ff6c8b89ec7d,fecha_futura
TU,cb6235807f013f264eaf3f340d5989591fd5f39164ff9ddf0bddc8818152dab9,parada_nula
TU,673b168fc6cd6f86018ee5fe74a9f7c574bb9f0458290e075274096c07b4f88d,parada_nula
TU,452130e854479f08d63ebdcc5d7d96717c95df91b8271a3c555393a0546da323,parada_nula
TU,9a3290401db26be1a147b60390c85bd22adf586cf67832230b6e677b6919297d,parada_nula
TU,7f3acc9754596c1e64689e7a531fabd44a6011f54637c7ef73e40b64a4652761,parada_nula
TU,2559343052d37d06179ca85577763f40d4d8b46ecd99e60773615921d1014357,parada_nula
TU,aa6f402c41a8956994d931a376869b113d498114885b6c9f667de639ea661e94,parada_nula
TU,695322eec0280358f89891837fb97e86c197fe5b19786ede820e9e68566d19a8,parada_nula
TU,61736beae8cd805603bb7027645aa1d34c9233ca0e9559661f6a71c680eb3e43,parada_nula
TU,4ec3e0e0fdcbe40fe71f002a1ee70f13c5bcffb3005a5ca2ffde6f0da6b2d022,fecha_futura
TU,92cbcdc1bf746d37a45232e6437718d0fb4c3212e7bd38fb4e1a5a8bcf3f010b,parada_nula
TU,3a4ba24d3dd67990691c8a99bb69584f434822434f08359c4658c0e0d4c20c3d,parada_nula
TU,a1f821f72b767f951f2bc63b7c72f201d084267acac4afb791373da38f0056f8,parada_nula
TU,5587249a1fb082f73cc9bad9b91947421191e1703dd05aed266fcba42420fd67,fecha_futura
TU,ae26143ac57698a9abe2fe100346711653e951853ce029010fc2b086bf0f82c6,fecha_futura
TU,93fad00ff7951227eee282cf4a6efac83f9d72ec84f8d07bd68cd4dbafc51293,parada_nula
TU,9583118c8b749c2ac36e9dd7c3ef40113ff0fc271d3487a53fa5c480d5d03e7e,fecha_futura
TU,643a403079529383b3c945d587a6cb4bedca7653ce6eb0236f44ae2df09f3977,parada_nula
TU,6d8712fbbf486ba5d4705d5d5cf4c8717cc92f848b8899c23a66366b39bce65f,parada_nula
TU,f9a6b515b7685ae25140f7d55e0f8103cd9f54cb17b5fed49e1508b6a8971008,fecha_futura
TU,77918c3a9c77bb0779faf829e69f29ab0c060d145e4ab6b2ce46dfdc2f5c7e4d,parada_nula
TU,0c639d87650fef77552e9d3c848dbc15dd3b93a5d85f07a0d3d50e70f433bd6c,parada_nula
TU,6289d8e046da20386b20896aff7ca0d97ebbcafcd666c1074ae8fb21d059aee3,parada_nula
TU,53e9a004cdf7beb7e63c8f4a21ab455f38ba35b19efcbf24ebce5724e777af3a,parada_nula
TU,59d56efade3a8dcea31fdfd8fc5a801b2e282d781d7b52ddb114b8ad0eb77a7b,parada_nula
TU,a82abf135a68d1bf3983431693a9fe9e12465a5938eaf131d5f3b3c64d834de8,parada_nula
TU,edd0c62e3f3679c855665aa5b275b1d0f5951f4d1810bdc715c3f49e6da9a631,parada_nula
TU,b1a31c1274bcbc3ab5ed2f28161d84ed7fcf485cf636a7872d6c09408a906658,parada_nula
TU,935d5c843ffda4e5c1cfdd5c20189087817cfc8c89cdefd7ca947828e8eff033,parada_nula
TU,830602c7814db44f3e2881c276d7e0db911bb4b600b4667f183218dfc8bbb3f0,parada_nula
TU,f21d8e570a87acf02e5d30eec973ab678d6bb69bbbd6cc8c3f4eb50425d5bd59,parada_nula
TU,2552cedb9dc45cb07106f255962a1091de007e212da881338969461cb02dff82,fecha_futura
TU,df3363830d62a5f67146fe9a738aee91c3adbea23ba14093d5f7924045c6a4b0,parada_nula
TU,b400f14389d6f7e89a51a190e72dcb0e991277f2d1aba6db2b22cedb6a5fea3c,parada_nula
TU,db48d877cee521908b2e9b56a82f2499ce3542986ad5d097f1ca0405def42606,fecha_futura
TU,348e0acec9e1a04d38cb16638036d3133a255bee99c8e2580cdb99407ac32304,parada_nula
TU,6d3882491421c08a21de00bf6e98b7055de6abce8b2c284b515075ceefa19f52,fecha_futura
TU,21ffc70164d15201397ffe22e5ca235ed3a200efda370043554a8df0fbe1f4df,parada_nula
TU,04f86a1b080da863e7008555351ce5883f18d5e1cc37168b60027a99a085fe4c,parada_nula
TU,fe4d4f7ca5248b578974842c37b8bcd7fccb9d1a26e3728f94920214b3380423,parada_nula
TU,1b3340e1793d99ea4379f92c0c9504f881cc758e05c8cb629c85dbc2886f1bd2,parada_nula
TU,aaa4d61683a7ec6b1d9cf20ef42b968330384081c739968e2e0241290c0cd26d,parada_nula
TU,3428ab6791d1398952d56e5d052851444642acc109b69dbf7e9554f0406f2741,fecha_futura
TU,3514a76708431f84dd46e01d8d7c7b8b1aebffc7f277b7c91bf44883b475ca9e,parada_nula
TU,b18e4ef5d12b55d002a6f8221c08509497946227dfab9fdf7bd2c92d0ddfdd6b,parada_nula
TU,64b02124a055adf0058d3dc8071dc04b7739f3d93c7a1bfe1c7bd062317653a4,parada_nula
TU,9c37f48de0dd566f36bca3b257b9bcbeb057f507247559b029373efaa522c612,parada_nula
TU,0bcfbccfca5d754a112e5ef64cfb0cfaf379708f00b00269605b5c6e390a70f8,parada_nula
TU,8d8be47036f2ae55a122341536add05a92c27106a81cf333bcd23929965577c9,parada_nula
TU,6a251cd8bfab3175f50845ed373fdd520c7c4b65a3f44c507072a19b4f665c95,parada_nula
TU,e403e47d2cde5a086ff5aaf4ec4a8af858e34420e0fd33b8706eb2073979fa47,parada_nula
TU,0a56f3c634aaecb386b524099a64eb8398dbda092f34827b1f3864fee002e00e,parada_nula
TU,55b2f90862b3f397629ea99c2f150680096d8cc1faba54b4441a13779bf74965,parada_nula
TU,b3f458b1ac4cf0d039bf18a87529ce26346ee3cf55d5f766e8d2b3eeabb10f14,parada_nula
TU,9efd624c5bf8ae995d74e094513cb2f1f76ae691fd38e7abe1e6eb3d92546c16,parada_nula
TU,b46c2388a75c6705060f56342fd9e3614460ba9161fdacd8a1f8ca4160bf3ef0,parada_nula
TU,1ab23703f12a92fce4fec0cee5b71ba90771b8dc68988ffa6e5c52f690c7ed91,parada_nula
TU,3a996a620bbafa9bc316c73b6d4900473c11b8c9220987607ee16b17fb0a4d79,fecha_futura
TU,fb85c1ec827101938109caa9bbbc651a74fd2a8e83c9bb8aeb34d008d761c246,parada_nula
TU,a5b39e2e4be45d545dae2efa06a48bc28e0f664438f1d67cddae39779372d1f4,parada_nula
TU,8353771c35b6111c199c1ccad2a0257a46b1086261c96d5ef9356fcb7abebfec,parada_nula
TU,21033a4ba1b9e76727460ff165d27874c5bd08715d9cfc45d5e5276b846cdc59,parada_nula
TU,ae450b6be474cad0f169dedbe27be1be7dc769aed9e60e54356e9b69f5157254,parada_nula
TU,f9cbcf67f4602b05e62dbcf66d333b69e2b4087a115eea73ecce9d035f65f2dd,parada_nula
TU,a9899782b66488cef3032ad46ec02b6920265da95c7dfe6e6dbe103958a7870d,parada_nula
TU,4e0291bfda9dd75826b6fdd883468104b99b5fa71ce483e51fc95ed4575f48f1,parada_nula
TU,a0d88daaf69383c4eb8e844f07fa4fe984f809bc01175aa58a6904ca56aaf5c0,parada_nula
TU,d84e9e03d38cb706300cafab44a12d6634f2a0a7d4d548237b19c65b729998dc,parada_nula
TU,c6b68d91f30cf7efd48a493081236c19691b5537b1d3c6451ef1199bfc222e5e,parada_nula
TU,f976a7ae4b5837baf674e8c9a0327c3d845f9a3317b1a4f5e82e74ddeb4a3867,parada_nula
TU,b335de73330f7082b49396bd37df72e31a5bfe7ce5610e8d422ffffc4fa5ea0e,parada_nula
TU,0690f806181aec9a03c08f6ea0dde0d58b884cb6ad187665f08c15a5002f93dd,parada_nula
TU,d8f88ec0bf319f3ef88e2337953ec93390723f8663908ba3e17d02804f34d3dc,fecha_futura
TU,31840fdfe3bc9e2f6da4691c0f3ba995c75d5c7ce6f10ebd75453701167861f1,parada_nula
TU,a00e1fa00f41af428864a8d9c1c15bd3e8b2fb04f16e711bb250be1619db86f9,parada_nula
TU,f97c78b6bbe4f4beb8b82872f880e649439b9c073a250309b42b2a9eaabbed46,fecha_futura
TU,bc66134a724efb196e2d954aafcfa17861b68e8a779aee7e90e30d9b92934069,parada_nula
TU,70f5fcd80e679cead2a03e31a69b7fd57b19d1d0c13634a80b1675fa268136b6,parada_nula
TU,d2b7794bd367acecad71a515b2c3acc797a106e8ac3c24c78d1ea9c79181fb7b,parada_nula
TU,208710b440ea22b2e2af090034c7075a6302c060f738458de5e8551f0579d08a,parada_nula
TU,a713fa0c77c93a07dfe2672d815c487693745866503ead242f70f01faa2f44d6,parada_nula
TU,c392ca4cfbfb6ee6f470a670afe6d79fb1f9cbdcaacc3bd88a0beee6db6e1380,parada_nula
TU,098216a7ae233d1d62d0b0f3e2686260c505e19779a27b9d54dd19b7b8eff78a,parada_nula
TU,48136680d4c40ddcb7df5f7a48d6221479acc7a07c1c3ba59ee853fa48daf5da,parada_nula
TU,dc04e83afc54b0cec390a05946f630f43c0eb823ee0d667319941b5a973f86b5,parada_nula
TU,92e7b9a7ca714a56f667b059e912cbb1337323874a75450004ee4bbd6c91af78,parada_nula
TU,8d94872749baa82d281441c6db89d9c99923d44e17761a1e916b097ce7bd8d88,parada_nula
TU,03f179d4dc27ff732046f06de8ba858fd827f0eec92c31231c04bc7f8016e706,parada_nula
TU,33d35b1aaa7e55df15589e2cd718cc314e8ffa49cd895f2a374aa8802224f066,parada_nula
TU,dc66ebe757e000d76263ccef6bc91d84ad4e57098e3dfa28552217ef7eac3b81,parada_nula
TU,55d68568cb087540f3dbe16663afaaf51dd614d7f6b5d83446402dc666db84f8,parada_nula
TU,aa609d80b3ef19d122086e6f200c3a250ead9c0234a590b61f89c5d902f34305,parada_nula
TU,8904889bed5986c6d0ea6f784bbe599f240a44c66382e0488c8d46be40a95179,parada_nula
TU,ce8678434e731d98d2f08f57d7aed7070275b3c027bf04f2f85d0ae18fedbf33,parada_nula
TU,a2632b5d66156ff8e81c31b220dd1175c5a1faac560b5e4356aab36dd12fabea,parada_nula
TU,fc252bbe357a1fcfc88dc34ed089137e6be19b7e1f86ec02963301e54f0e4ce8,parada_nula
TU,d8ed41495cba269458b5ab1c91b1fb182fc6684443b4bf1a144cb1bdd1019173,parada_nula
TU,16283ce7a9b5119f09a0ca6d0acb5f737d072527c797f4ee0a85087f322cab32,parada_nula
TU,4b2c86de4587793d5334f0e64df3e85471e1876da409f60907e690c0483121d4,parada_nula
TU,16f41acc14a0bf10270513f79f10a8bf814eda6ce1257b4961d390dfa0ad4750,parada_nula
TU,02172ef9d1c14359c61763101257f487803f2e86be7423503f3fe21cb0b29880,parada_nula
TU,c33016775ceadea2b1f61dc1f2a58cc9cd7ac0742b99f6a22707f7c945c8f529,parada_nula
TU,4bc72da3394d567a842f5a2093c74cdababaab63e0563cdcb80e577d9dff80ab,parada_nula
TU,04513638906da0d51ff7065d0c1b5785a1dedd979f2b4a37ae08ea81c5d4f49c,parada_nula
TU,d85a6ec26659570536b910b951ee5ee27b2b47ca7a5498462d6e34a33b77746a,parada_nula
TU,a7ff7e93181c5095590b568dced5b4836053524e1390a29edbb51968a4215b02,parada_nula
TU,2b89ec6cdf5366484ff4d9b1bca55bc9a0912a9fef0fc223091408f22ba9504c,parada_nula
TU,148836df0242875e64a82284a30a6932841530073969af1d86523b713a07dd1f,parada_nula
TU,8a0648af3fc6ae7a76e069b57d06b206ae3bd7573fefed82ebce0c75f373c5fd,parada_nula
TU,c0b515a11b5bf93900fc16cc11bd015f2640fe5be69104ac5de7075d36673fa1,parada_nula
TU,51928577abe606b14291ec483e08d61304439de0d6a10c9f945ef4944d18b946,parada_nula
TU,0d59f6cc2c564125f22a95b38d6e41aebda8be23ea67d31f6f947123cdee4426,parada_nula
TU,c49bce25d809d5211574b833c4ff1d2631190c516f5c345172b1230b2b49d1f4,fecha_futura
TU,0bbbe47da9e893f522f874e6a14696ffe52c1ba801e9c4d09acf824f4b8e4f2f,parada_nula
TU,ae4b1db62bc93e600f1256ec35de4703013e3552d1c67973cd33c216d4c55f51,parada_nula
TU,ebb9cc193ee983458869c0fc5dd03f102fb3a783010eb53f749321972b321a79,parada_nula
TU,ac19333922364f9bc521bf121b4036c722f988fe0e052737d14a9ba34f0986ad,parada_nula
TU,71a78d811cc1975f9ade4058c3a889ca716ca05211e2dafa273d3afd8693fae3,parada_nula
TU,fb72cf9dc99ec83f9cd02f10bb38d5aa35a59352d520730ca9c23c5cb75696de,parada_nula
TU,7969b536625a83c8936ac2d5e419b3dfc6843a60590fdf3b619ab090d35e796f,parada_nula
TU,c5caa92cbfe4bc052a4a1e3d36d73f3611ab2e1979e3976f63a4bf9d88120d54,parada_nula
TU,40b1e61f9476eb24d554662a134b3bb3e03b800ff329c21a1af6accc5376727b,parada_nula
TU,19e6a75eaa9fa05cf4b3d1373a0651ace5ea49ab9222d3f0e9d21cbac5ff17b3,parada_nula
TU,be35a0214f643a4aeefad1acb8546deb73b7bbf4e43ad79756e37adbe4b7d797,parada_nula
TU,86e49d81438088d83445dc5d7d688633a465c5ad28a963aad88aee58e4d3e421,parada_nula
TU,06a97242c441549ce02506c22d7bf643ac70063e0638ce7f77609d8a1b60febd,parada_nula
TU,6873fc472b91693ef7c0b259abd7055a9db41029688f8d6c367314a63f005b7e,fecha_futura
TU,d82cb387f5d0462a8b1af6b441dabff88f52932d104fc822710d54c5bfea36c5,fecha_futura
TU,964b9ea1dd33bc60ba9bbcd8f216c1d7d6574159b8c7e53d1bfee11f071e1efa,parada_nula
TU,ba9165358eedd56e04bc51720111e35e163e3a892b15e14428ee00a4c19c2521,parada_nula
TU,7d2e2f62d885fb693e4297af72dbbf615da40e8e96c6f42ef3694a9b114f7187,parada_nula
TU,28b4c8bff1fbe5aedf2d814e888d485ce91f8903936e4c23faa80d6dfc26d868,parada_nula
TU,eec40acf700455d4ebce13c5c049303635287378f04387c1025ef861d9552791,parada_nula
TU,b26d8dd0fb311f14d463f0ea87563ba3f3ed18849a1a849559a931afb8a81c57,fecha_futura
TU,522db253b433e62fbf9ceb574f167f89cc1046f5a4dbdcd75c2d35de7a7904e2,parada_nula
TU,3af9e4e2e3139a67f75370a86236b5190e6bc4d3233d30b8548159234525a07c,parada_nula
TU,ae324a18cb99666a665142b8d1949bfbae5266b5fd332cf93ade74392efc69bd,parada_nula
TU,6584296ebd3dead153273d6a9aa746979ff2f112797fa28f224059cab985183a,fecha_futura
TU,c5332523bd87602b25e78f2b7f5c32aa172fd46d9d79f6760ed8381116576df9,fecha_futura
TU,962fcbb6f3b16ace17b399cdf7e279945538659c603862a2f7373bd7fa7bfe48,parada_nula
TU,36404ed860825ca47851f89748628a934c88a051e789440dcaf52d30bcd118fb,parada_nula
TU,2cd2462414855fcd1ef55a9affd010690cf9bf604322ff059fbed21ec1fd0890,parada_nula
TU,e69544a68079f02b1da48efb71600615fb132c93dbb35d2b5e103f314736652a,parada_nula
TU,6d321b75ac9edf20299c910528ec62bf643536e9b2c88125adbedac9dc4a377c,fecha_futura
TU,0263d4c9c3342404528e709332ec759b8895b3da45fae9ace1fdb0f2fc0409cb,parada_nula
TU,f23a0114987db016e99c9b13b9b8b57c0a29f024e857ea38c028435402c6102c,fecha_futura
TU,5e84981022c31b4e0869d5984662f38542252ff8ea9691062f037ad57c2c6402,parada_nula
TU,dfdf7d543a5b996ad51cfebd7f301102f42a5230b86875f25ca8b5ecacafcc6b,parada_nula
TU,8a633bc8d90a918984b3ea766f878150156a0b8098f981b85ece069c5b196f0b,parada_nula
TU,267902b387559f014ed11c5f462a6c32d687a4a2bd092c45613b696b1ee9ca94,parada_nula
TU,f12595999abc9054383cf5d03c82832541c4c0a68c887c6f5283fe6b878f9f98,parada_nula
TU,149ee4dca1e61845b1e38c988cb8868b7994e724d183264a3f661eebaa15d7f4,fecha_futura
TU,1d547d067da20deb688ff4696390c9c46739dad26efc63a715bfec95b4b65539,fecha_futura
TU,3291866c995f66ebfdbebc516f865c34d59efa7d95d9d15ea96f06392609f3ae,parada_nula
TU,2b28c340eadf0cd88c8d3325cfcccb1643368a9b597101187dec5771b6a5f790,parada_nula
TU,1b041edb15346f4bed039b5318efd5d5f6a68cd692ce25372ebcac08ff3c9d0d,fecha_futura
TU,dc2dd42d2984ea0d2a26e7725f9cef3419489997c9a03079e09d050af99ff622,fecha_futura
TU,0c294cd0e4bb7c86c84aa7d6ac9194d2c4b96e3e22efc7a0100ecd9cadb5b0d1,parada_nula
TU,0a82e172a38c79256a6a22f83c3427dcb63e4267d35273a324fcfce2df08f948,parada_nula
TU,47057b450c9529654f0b8ad390c9af1321ab03f074f3dc0b5d1c2eb9378b5e08,parada_nula
TU,fe37121b372599e13d0385124488d781d6d9c2e9568d2727f6e6a3bb4497d7e5,fecha_futura
TU,56f33d2d82a7ce19ceebb0ec42c72431492d1891388f38bfb5dd028d9883f128,parada_nula
TU,57dc58237dcdb6adb831c51cedd731f81dc5fec10fbc7d800065e575efbfbba3,parada_nula
TU,1f406cf9a77a62546499ab593aa564cb7d3cc3fff56ebb13db9adf3e699da32e,parada_nula
TU,444b3b8fe451e1688e64e2ea1c58b8e6340ae2c0cf9612b7e3af56f02ca45201,fecha_futura
TU,e9e9dfb5e222753994cc88a4fed42939017e70fec1199104356b1cbcda27a1de,parada_nula
TU,102a0d95492b512551ca659c3024abe0985d96a3415906b1594b44f2f4d93013,parada_nula
TU,e86c5c2b592a823edcdd972ba03946a9bf01aaed93b2c253e98f595946be389a,parada_nula
TU,84c49b35e31ff36fac2b20df90ba34b2f84f9836a5f9622dfb501341203cf632,parada_nula
TU,c9d0932dcec2bf3f01fdd67c6e3aba9cd419f08915617408d12d60d14824b6d5,parada_nula
TU,a1e8bda9bc5d5ba5b4d3870239f5e08cf4ddf7d7b1c9a92ddd6d23444c547434,parada_nula
TU,489b731023a91556c18ad83139b593ab51efb40b8021ccb59a35a510d4e96040,parada_nula
TU,7e15e8ee66974e271515a012948246b28b1499b61ac57cdfd62c12181ff71477,parada_nula
TU,d629d055220de6d1ec11940dcc4757f928528075b07d9e61d028c63c34b4eb19,parada_nula
TU,4ece84ea73d7aca10ac27857e3bee85689721bb63790b959d23e4495c7830f76,parada_nula
TU,80175bd2951679eec4fa3d73d25f4cd6bcf74c31ead8e9ed02d8e20e7f4c11ae,parada_nula
TU,9c754c0f003fd66c9e34612c498dd9292a8196ea784c17ec86b810ae09200982,parada_nula
TU,d46dd469011eaa471e28788325f3430ddd72549a83e78bad70460292cf796a98,parada_nula
TU,bd4759a4a9308c204ef1c29162964ba1ca92d11ccd5275ae03ae77805d0c2b93,parada_nula
TU,f28c655d3f3de1183d153c79b4e4af5206f756e9d97d96e7420197c0b41479c3,parada_nula
TU,f414e251930d4147c9b33da149c1602424b1cf088590b52b8bdbefa89d765968,parada_nula
TU,59265f52065106e6b0361fcedb6bc2fef11d32a1dce0d2a959485acf6c1718c4,fecha_futura
TU,31e9603f84d747b1517755520372d3a5b44f3da4e636028ac6d9f2bc022e345e,parada_nula
TU,fba63d5b33b14ab11f82c4e6890fdb06b3142024ba6222b794eceb7c8bd20257,parada_nula
TU,747b21ac973b85c91a9b3b54dc3c280dfb271b8ae05a5fb26814007349e31993,fecha_futura
TU,183d5aca91ad609d0268a9657490f4f265f313181ba65dfa5c87a0b310520498,parada_nula
TU,2020f5578855953fdd07ef2564ccc7177549906806ed9d5033ab479d9109fdb2,fecha_futura
TU,fb37be829335725564a709d3ba5656eac23b559d687d71b3a888d79633c1e41d,parada_nula
TU,a8407aa1fff33b662f00d7dc9aafb87406fbb919b0b0e8f7bf7dda5fbd3ded98,parada_nula
TU,d28b41b12e298e7e54f6caaad5c402b396ce9e3c920839a8c9b3dc7f63eae063,parada_nula
TU,45bf03837d4e017da370eb600e6c4acde0523bfe451a1a7afd29cadd38bfe521,parada_nula
TU,3fd88e4c10fa53c488e9bbfe7a599907f814e84a54d4ad4f4c7d79e3515255c4,fecha_futura
TU,9032dc4d4ac06b19efa4c938bb0e6c783b63645d4025708a91b8a02a62e6f368,fecha_futura
TU,115084a4f3755bb23691f7ff50c77644749f0c1ba14bbd1e56ba0867049b16d2,parada_nula
TU,e9df9adbf2d6a9f6f18df22024af7ee0d98c00b4d314c58bb37c8d93ef36d28d,parada_nula
TU,137d9b778c5eb16a0794cfe670f05d308a802713566f7d108f88feb7c293d735,fecha_futura
TU,3282b9bfe3f0c851e5ab36b9328eb2324fdaf794ec1c44cad2009f07831c6cde,parada_nula
TU,97ba65fd4d872a8070b02681b181f7d3b76c2d409c1634e991952cbd8e9b298b,fecha_futura
TU,7452340f3cc04bef645f4e3a73cbe17badadbf783e96b9cc83ba9a3d59df6814,parada_nula
TU,7c9204564bc6785ca6a0842808aa5b779b991485de949369297ea6926e3e7d67,parada_nula
TU,6ac3e9bd4e53ac52da4a3ad3c20d467d06d33018656ff22755681093526a3e84,parada_nula
TU,58bb9548f8126bd506204e558b3bc2d588d76b3fe9446755c4df782b2af49001,parada_nula
TU,706bff985d298807ff010c60256bf747f89efbe4e8a8e033a2f8cacc28368062,parada_nula
TU,b259f9bd21b01e2adbcccdb267364f3a7b460200b9ed83a1fa9cebc52d6c666b,parada_nula
TU,c9e2995933dbc39e18181d43e3e97bab8baebb65caac976a74c1a7d6586817af,parada_nula
TU,6948f5995ec01ffdae2de8dfbcadae1cb04550c3e3dbc20e9787cb1b27e7232e,parada_nula
TU,57ecdcf22cbec55561a39574c0c356f653ac6c5caeca9a001c9f566bb63514c7,parada_nula
TU,f011de2346366e1eac25d62a33c79767cabec751de9d0ba517bdb82117d857fd,parada_nula
TU,45b99229a2eb522f0a87f765cdd810b16600ba95f2110df27fa0bfd1aea12eab,parada_nula
TU,94e9e3e78891b62af0b153c3a54d454e80824632bae661d2709aa9c9b490f483,parada_nula
TU,d65670004d155d9852e0fe2e2707ca4133c0032be345be07cd8a19d42aeb5ece,parada_nula
TU,8e2bcf0eec83fcdbddc8cf9514902018fd2671253ce5a19a6147c5458d518e75,parada_nula
TU,be33bc086b01add9841a346751c510b3a507ca9e92cb3a505cb1245afa77a123,parada_nula
TU,9d20bfe3fdbe5c51b6f66e4b328df47f1ba033c9e325027abc7868201b959c1d,parada_nula
TU,383903d8a4e18647dd553ff6a1201621f9ed270f0d3c97612e0b9e3ad9b22107,parada_nula
TU,2cf8ab7f8a656c05f0b1b2d902bfd0986f2974318bec07e2ee269a0517c8d557,parada_nula
TU,19d684c4f63334710f8b3506d29f424d933d0731ed3a3a17630573806284c2c2,fecha_futura
TU,34c608104e430bcd1ec4bfaf8990ec38b8807ddb4e9b7a35423da1c79676849c,fecha_futura
TU,7b5f6da3f57ee1042e103287623439f8097d066e61fc9f9566cbea260f3c2d10,parada_nula
TU,ffdbd81343a40a5654b0b781d075d6fab98885de3771b75f983a6605826bfd18,parada_nula
TU,922b855e8a05595b5ef3f12be0b6cc5908119c65bce6dcd79117ab2ee7a682a1,parada_nula
TU,d49f21845c45bb4f9a25013b5272ddfe8b1837d5b30798e25d6d77be9358e496,fecha_futura
TU,5d84f1b5e4da46f22821bdbb543cb3ab733ac923a526197993ceb7ef0431b4cc,parada_nula
TU,0dd6178f79b1cf7051a0b54a6e95edcee961d33a703a1ff6f9ee465b63f028ed,fecha_futura
TU,e3f90d21420d599c44b5e52e42d076835c72895c8f404a4220fe53d6689138eb,parada_nula
TU,14b62fd45343d1ce25ca80e94d5838c4cc05584aaa4671fc3e162e0c71c6db1f,parada_nula
TU,b4fbae361929c3dbc2306d96057365a0acdc19e92f3c561c279405b8fbd0a3e8,parada_nula
TU,4a26828da0342503a3d5d907413a2601eee5250ebcd88a272a46e0f790e9ce74,parada_nula
TU,5230c04627794323f5b4c16acc57e0a1018fe7a4f1542036c8277f4df6eef14f,parada_nula
TU,9ec51d26e951144467ceeba8b13e494fe56740d09fc0d5098cb5a932cd7f74b4,parada_nula
TU,06071b873a2d6990e857aeb91a004c6799aa15871947060fe608e1ebd4f09500,parada_nula
TU,1ea0fc1b9a4f39536f1b62df1c37ee363595c8f557cd2d2cd639c1372709885d,fecha_futura
TU,c68d6e82b5d4be7fd6ff79d6d3d9148c4709344cb5ed32fc29f94ba44813664a,parada_nula
TU,8baa75f5a2f385d547335412de9820ca5c5a94d3185142173170d76a60c63d3e,parada_nula
TU,7d4c6c66682f6b6c3789ac05fcce5688e3f8a9ed91d300ffd42871cec1005b3f,parada_nula
TU,363272772a7f2087a4b01350fc2a42bda6706205723a0464b5378a4782b4ec80,parada_nula
TU,10d204418a01b9b0e8c64c56f2e077388781f1471dc314501e780d04556069e5,fecha_futura
TU,039c4aac7121b28eefdeac5739802f011f576c79913f6e98cf0cd19e1be7180b,fecha_futura
TU,ce461630aa7745e13b60c02f57a31306316f2d23216602b1e14e067a0d03add5,parada_nula
TU,04db7fc10c9c79745f1bbc89017378800304b3bb815ccb156ba6f9d07f2d08b6,parada_nula
TU,73afaafe4321ef4a5a25c583c3ba2846f8c4d5b33bbb602de67cd27f134e9a12,parada_nula
TU,00fae82bb7227d6c1a339b6567b1d1522ea7537832f83b1fc1131428d79bc329,parada_nula
TU,ebb88094979f38608a6bd1c67fbf9f5cdc9c2c2dbdea9dce02ff4274e2a684a8,fecha_futura
TU,5f48197829e1a3508252f116d4b569c449cbe30e2d8fa9225a55e14884442348,fecha_futura
TU,20aa79f375af832406ee66601b7ff7145b55e4a49813c51fb392d961448c2bbc,parada_nula
TU,59d2283b01b95a38113e16d7d90b64cf8ffcbac08c1bc4e225b638429ffab444,parada_nula
TU,0d7dc75ad2bb461f15583e2f6f4a454260a4eae328d13d5ef6bf3e27233dea9e,parada_nula
TU,e4a7e1e20ac95b42d3897dd1ca80c017aaf07e5839cc9d80c9a44cf3dc606d47,fecha_futura
TU,bcc82756c6ec49078f94975503950c6604adc509c0b999bae400a2bb67c90e4a,parada_nula
TU,cd1e6ea32fcb3d759fa16357b8aa2a9646ad0fc2ab8a8b016600c4f7de863d9f,parada_nula
TU,97682c6073d9b6057bf42a601fee3e11ae1090636204ec328221db3b91a36358,parada_nula
TU,25e2c1eaaa5b62738d66447c9196a5e97e7b0f18a2c14db87273c7633a8f7cc4,parada_nula
TU,7c7433e412023c2c3441f69c6bc02c3497ae2073c419d4e7e2ff31a5aafa4c84,parada_nula
TU,703732ed4e5ac36a2a4cdec74442fa1936c0a862e40c7a09d0d5a9b382878f74,parada_nula
TU,18559bc312120230629049bbcdf54aac5db62713706b308f652e178947576077,parada_nula
TU,3cd04f4f7a36657910490037a49d8566e4a90e35bea4271c923a775e5f3c6d77,parada_nula
TU,eb800a649e768390779508379aef818829d427d05e5e8bc3034accd6aaa2fa18,fecha_futura
TU,6d90b3b81d26478bce6af2d3e56a5cb68060da6b6028114e1f1b6ee866a6fcef,parada_nula
TU,6f578d77dd7dfd02c49288565866904707b73aa21264f348bca82f1f78db27b3,parada_nula
TU,ca5288e23054e688933b6ef8b254ed2421ac28f5c660daacbb68dbb930e432ef,parada_nula
TU,579afeb3c766cd570811e925e65a367b297a3d7c4b1830cdfef72d9a870376c5,fecha_futura
TU,034cc0596f68866e02cface09b33aa149cdd1048b0a41fda6158064146e4331b,parada_nula
TU,2b83f7bcbc3fc873702a5988e68497907307b2d6e84ce134e29ee08f21db7caa,parada_nula
TU,f1bb2a7e61dbcf16d1e8242b59fdf46ed97564253cf01b3bb8e155f10fa26ab0,parada_nula
TU,cdcab437b75919423d61b1e55e3adb08a9c03ee7926f2278f4ab110654234f45,parada_nula
TU,07caf64bb1d061393f1fab155688c63c0c8ddcba109999c23cf60c63c9fb2770,parada_nula
TU,b57cf9a8c2e7b7d6192e58255bb9e98668886e878792f6663e17d5a1425b53cd,parada_nula
TU,b24c842092b52811e7c10a05865f6df4aa29f83309cc7b6545e8afa55eedd831,parada_nula
TU,cf9b3e1a7fcb168d80723e0c97222e3cd9a49f6ec7bdb59985ea3810a8fd16cc,parada_nula
TU,95cfd8a6a822c15b0c76860759bc718dc6b98943ba6b163e580bcbf73a9174ea,parada_nula
TU,70dd085b354dd899624c17554a006059a916a16743ef4dc1c26f568c1ead1d39,parada_nula
TU,d6826a25128a20e62c01db93705e40b7ec129f633a2b730e610ca5a470ca8b07,parada_nula
TU,a7e462525366b0cfcf7e52019190db96ddf0c92d5597edb50690529edf72e1fb,fecha_futura
TU,aa8a871961b7069311164988c825d19573a84c46f799cefb8d35a78fc88f4722,fecha_futura
TU,e7d3ebb5bb4d2927e043a7f6928326efe5aef92908dee5b00c9ecc4e9750ce56,parada_nula
TU,3bcb21e1774c87b374d490409cf986eb52301c8a95a8359774e53ed75f97d058,parada_nula
TU,c9b8e842fd1dbe07404fadf5718ad861ddc8e79214aea6b80da4bf88d3303903,fecha_futura
TU,77aa63781f4f7d1c102ed3d94b4bfaae1c896ec29ad4f868f2563227d05dc380,parada_nula
TU,b0d34ac4a9b5975d2dbcce69ac329f8ff5d87526583c1416f5a913a2390e370d,fecha_futura
TU,ffa4b9ab5afdb9e027bf718adc7c4332db7c1d8f979f3d0303e170ac5aefb7ab,parada_nula
TU,614de75bd34d74b1149c38483d666956d75620cc16e8d5bc9cec3e23c23a47fb,parada_nula
TU,934f44aa31e6b734e99a22a45653ede070d73003c4b95536118b6f21d79256da,parada_nula
TU,5665924951a2bf5ad51e138c3dd60f21b65d83f0b515d1a3628ee8c7e15e5cd7,parada_nula
TU,02047d647c0d17caf9728700e500d848e758db06245de3ca53086ee3791266c1,parada_nula
TU,115e385d012ef0f7a79e5b147a65761acfbf1398e13d111d69529cfd7916eeee,parada_nula
TU,e803023105c337e4bb24cd08a838ca2628231ce206f7da59746867a8a3c42171,parada_nula
TU,66cb460e69012bfa36362051e887c9a6d92ff3fa3e59ccd757e4d34fdcc2ceb8,parada_nula
TU,8a8710b0918121f6041bf3b666757c6a7be17cdaf209cf13cb9d7d728ad1e37e,parada_nula
TU,682ccd67ecc6054fbb8ddcb484a611505642e9bd73d0155fa3c5f9d24c47a5a2,parada_nula
TU,b60f1ae1ea0a6707291eb43a5351477036c20b32f3cb3c44fc124dadbca8e4f5,parada_nula
TU,9c696bce2c627b3f2154ca51d615539640c42896a1b9d7c755c8b89a49c514c2,parada_nula
TU,22bec975e75a7a0d56b747e44fce031bf99cee56abb74bd9e1b4d469f16cead2,parada_nula
TU,e9551e4f5c27b07023c91cdc7299589cdaa52563a33469e9dd8f904304430b01,parada_nula
TU,16e69fb7ffdb9e4638b4ed1454d0b2ae99ea3595c0a61b9f84b8bf7beddab8b3,parada_nula
TU,bcbdc1c50864ef88cd793055848b2d65b04c08a9284266768a80190f9703ac86,parada_nula
TU,5d6e78c1d922cbf4a10a06af4c782438299880cd3bbdfcd1b5f011ad6fe60af1,parada_nula
TU,dd64ad8928cbe3e7de0d1474575ce3ff4a02d61739246f67917313f7b2dcce40,parada_nula
TU,400377c5c5015cd684be929b358df3ac95d9adaf36ce22acb75bb0b7fb856eb5,parada_nula
TU,c10327622ed3e7c775bb4e6656fd878de692d012471271bd7f31720b6f5a0043,parada_nula
TU,754318fde4b24347fc3352137f7fcfc9100e4f1be49abf7ad11725d83a263ca2,fecha_futura
TU,1ec3c65558b57eed4de41ccef1e93ecb502ab8393fd6d212259e6cc5e8370fcf,parada_nula
TU,d860d2ac2cb2a23940c12ae711becdbb4e0ca8d29c5a7410da4442edf2f7517a,parada_nula
TU,c8c89c2f58d61021513cb725f8bc666ff528c44f276ec22a7a4cff783ae6c17c,parada_nula
TU,2783239cf0bbe1f91c6df2338aad736ee57f122a3d3e5e607411071ad9ec4fc3,parada_nula
TU,249757fb797bd9c5f4a8694cb3e63c2dadd54c7876e0a1c3267fdd4c4504d777,parada_nula
TU,2d46606b9e51214de33be2cde8bc4a2f7a8a66f6349e0b6fe989a0b0efb3d75b,parada_nula
TU,afe3778b8c239569b46a377e9923d4bd6401669ea88f7ed0c602e65a89fe982d,parada_nula
TU,0e9a3b32df3906857d4bb24c54b1d138b2d841d590d4854523bc62f8e77a96a5,parada_nula
TU,5a5e2f1eb1c4dd64b62079ee1da713e5ff1182c7a0cd1bcec34d0ff0505567a5,parada_nula
TU,f72f586b18ac266bec05e147b72e1c181d555fd06f84ede374c9afbe742b27ac,parada_nula
TU,dfd575f37d6833ab6aea26df2ffdb369abcf93b1fcbe3d181503412538b06d10,parada_nula
TU,2ea36739481e056ce8bb3094c3ea8b64b506830624fd800c5252b25d278c3aa2,parada_nula
TU,93f50d5d81aeb07d2cdcc2b17902e909dee7773b43cc72d43a57ed68e75b4e38,fecha_futura
TU,045f3b62a880b2abc717f30cbd6be2eda058998130faa16fbb6bc8af453eb53b,parada_nula
TU,f1baa1b8dff3a9e894480e620ef1822e63158f0931b7bcd1ec5f7abe755827ed,parada_nula
TU,06c4515c1ba7fa496453d524d7a0d2585034fd1acfd3aa12998ae50c0c6a45e1,parada_nula
TU,e293567f7b643192c5028c7bff03f54ea2df9e2f602a43dcf8dc141cd9a27c9a,parada_nula
TU,86b06ac565a765a647f26e4c9034c9b34baf7fbde4e3d20854ee7d8ef872202b,parada_nula
TU,d9d14eed622122010e31eb45619c4a2074a7f7294ecf1ec169b3b0a6b2e9758d,parada_nula
TU,f2708d19a8b8c6a38aff6accd4221233ec2201b304a4601a582732a16b0d3651,fecha_futura
TU,251d96d6c6bd8f5b0df654cd8289ba76a71bf410f52d47219904bee3488f6204,parada_nula
TU,ea73dcb2e1af168b93c7bb801b8949caabf16adc8948db043ab35c2b576067a6,parada_nula
TU,850622a4a2830ceb99573ce6d8db2ee96cdc6506468acad61c4b5b5bf06bc958,parada_nula
TU,88ba9a78890d9e0f63bc0b823bb9cb63ccfb0de33c7a553b70268a35c26e6661,parada_nula
TU,941ddef4eb5c9cc22edb3f77a6a7cee3a0f094a8e3c74e93782fc53f89c4683e,parada_nula
TU,4f9f20fa526d9ef8c6c085605d67e1d7335ab954944f8c02464c4b8f76ec81a5,parada_nula
TU,85ccebed0d2d82ba2f0af5e8bc820c5f982c6172abf8c107f0b1e5810701274f,parada_nula
TU,5ff4e3b20f7cdae9e6b7ccaff615442238765f02d2be16ec4f75567296076746,parada_nula
TU,d1b422a1b65e0176fafd18b34bd195a34f7a53608010fb9674898df84e885245,parada_nula
TU,7bbcd21efff0a4b8d0c0231b4e2012452a4614b0b32c250d014578a05f8a58bc,fecha_futura
TU,e8352a2ea52758816157462e6c7b444bba6ef90552efa5a74958fa91b109d426,fecha_futura
TU,150239e779286a9d63a1e64c4fab1999ae05ee066370410122806b7517b6ac84,fecha_futura
TU,d890d04bc3f54a7b0733ad8711af59485fe5f2dfc8036ce47fdcab1ffcd02ce7,fecha_futura
TU,99946334a9a5456e622f8bce8a41e53198ca1c8778039b83e3f57a9d2bfdc5b7,parada_nula
TU,4aba929405eaf0f59524da100597ceac0e77312df8689bb759f1685671cf7b0b,parada_nula
TU,4ba52cbcef0f237a418644087e0e3d54a44a8fb3bb450da461e814b6da8552a2,fecha_futura
TU,a03992eb7ec34aac4560235f8d695fb2dfdc115cb9764166f4a16ef9ff3c54b3,parada_nula
TU,39e17d51c17eed8c482088ad1989c7378e2e3f7283ecbe69a104903b4690a6f7,parada_nula
TU,5edabb15dc124e2bc131d5b075d2f053e7aa1d33b0753f1c9ea0e94b923c0780,parada_nula
TU,9932b9bd523f17743e7912b8f2046e5ef0847c81338dfad767ff5790adbab431,parada_nula
TU,ad48c084967c355dd71dd149c56f49eee1947cd8825b821cc1adb0e46afccaeb,fecha_futura
TU,e5908752132888265f1c565ad4f211d43c7ae824b9f41d85f36b8c8b8c1165b3,parada_nula
TU,6c43d060b428aaa99120ef958c7ba48fed0968a3ac60c9d7c9b93020a4408d88,parada_nula
TU,efdd6d2bd99b55cd29bfe84f3b0d5a3d5cd04717d95ea40bc625422ad94e0d59,parada_nula
TU,ad2afa691d32415336d69ea2e97f8d4a3bad52f3c28f828fe423c4e146c9f065,parada_nula
TU,fe97b3698958847f794fd05faddc31b09484b86189f8cafb4d1110cd4125c206,parada_nula
TU,8aa44a6798a692b5ba1acda71b8fec7b6e4a7564fcb01b4f876ac2ff5b644e12,parada_nula
TU,42c0010bd432dc1ab20255c165b477d8bce8e2ed7b340c5ff730a4167bc24d8c,parada_nula
TU,1741f049a3da2a558565b2134b78ccfc4782a17a6e2fbbeacda8dbd40fd9c4dc,fecha_futura
TU,78f14d86f74213874e5d10b65245a9f794f3d503fab56c96502307f23a356132,parada_nula
TU,2150bec7ba6d3b82687a948956a9fe8016c7f29632eeb7e310affd3a96cb04c6,parada_nula
TU,2221a4e807f94e27a77439791ee732f955733691344e79a6d7e5a128ea106522,parada_nula
TU,6000f1bef810982c53b4124ab504fcd2f7f4aa23e5f3cb56f323fc9289d238f4,parada_nula
TU,9d370e244ccedabf849860398c5591a18670d5b045811e7e6fa0d6e56899377a,fecha_futura
TU,3a841669873287e5a341fddfa45336348ea795e43580ae039b6bf67c5adeb71f,fecha_futura
TU,389adb6438718cba10e1ba14f28f603d03058977b7671948479e0b8387946b0f,parada_nula
TU,9ca1a37478fdb916fa59ec62e394d390930c6fdd27d1e233aaf8156eed5b9726,parada_nula
TU,8daa3ba441ca30960153a1e0719593354779a313a49f9a3bdc22193887e0bfb5,parada_nula
TU,8f27d758c3c64d6287c8742b59e1d7e8bbc12da36d07aef95aa75704f91f4383,parada_nula
TU,2849ac4f519b5f0b547dc88c62f3006dff7e1a20f2055caa5924cd8e3c35305a,parada_nula
TU,a6984d487d7dfc3f47292336f096d82740fbf9655ffa6922abf63a07f52f63dd,parada_nula
TU,03ae08de5ad8b16b2dd526db11cd9e039cd4fad29c90a89cf58ef6cace05eec9,parada_nula
TU,a55e5799361ba139a9f89ef1758228ecb74650dc819d1a7c79b8026ed13c9a02,parada_nula
TU,2570cce97c0371c0d569cfa722174dfd14ccd6c0799e021bb576c092b3753191,parada_nula
TU,567cfdc3881c1e605790eb4ad33a587e287db3092ee5f9791c62c83607419083,fecha_futura
TU,88023d571b89402a31355e67ad6709c9cfc95760f5eb0300a4f397db1a46f161,parada_nula
TU,855d00fcac097efec060872f26b81d7b5b71d60b74074138000443ac0877b642,parada_nula
TU,7e45facd7d8531690cfa90cab5e37523dc5bbd20be763d6f9f6627096cd3dd9d,parada_nula
TU,d1fa686f160f1efa36c41bb12ce8746bd761386b0dd6394beeac3f425f82b527,parada_nula
TU,0e102055fff8a34178822f6028bf0b1c0864be6f7da4eb36c6ded8d24e0f45fe,fecha_futura
TU,296c52af9da57b06aae11bc4cc54d30446fc479df93ac373bc70d0a2814f3ebe,parada_nula
TU,b3082a10bbbe8613cd6d2eee9eaef3b0f66d3207b96ba5ea6fada7d5b0c1d76e,parada_nula
TU,4ba3d00f928eb7178311f7e7c4857c2dfb504c6895a587c0d90726339869f33a,fecha_futura
TU,55c4eb8aad2381fadb1b80f5a32f4f63f0d90925d3d265cfb06906e17c4dc221,parada_nula
TU,2790e5b81132e8fdf3c22e21857b973fc3857705b3ed006b7bf2875db5277929,fecha_futura
TU,070efc2320508418ef180aa76b91ac3d60fac2bf27b51abcbdc8c0cf32c126d6,parada_nula
TU,ccc0b13df4dfaa6395d80a9d030a89c052149c9f18344bc6dc1ee9b0d5fbc83a,parada_nula
TU,240a085f2faa2b413ebf234f703241c2ed57b6efabe24dae78e0c8ceac499ac1,fecha_futura
TU,7051075758a2d1d3adf4ca84e34f8bc4f5984c55f1612d5cf2a73baaf58a3fab,parada_nula
TU,ed38413c51f9f1da7015c7812047fe86acffb6a72cfabdc468f6b4950ef7640a,parada_nula
TU,0e5f8a444292fe71ddaebafadb82e60fade0aec707d688879ff1c3d5a02ebd9c,fecha_futura
TU,0046ba87231b5c4e2c3867c7af50bf6bdaec2a5af6323b5a5eabe922c6cac774,parada_nula
TU,c0019a7c2eb87c70f202b67f164d08f3a0f230c1246ac9da41c7f30437f7a88b,parada_nula
TU,6a3b4d55e4ed480b98089daa505280eb0530f5969561dd1245c29fc172757e45,parada_nula
TU,4f49a8ef023cd0a91211c462b9cc41157a54485ccaf3a3c663a0e1849cd69573,parada_nula
TU,30beb88d96a25f15c5243f2ef822c85172bc85781cfd7b8b01a467376fdd33e8,parada_nula
TU,e373572fa7aa71e1ea8d9e37d8476a6177365865c28a857f1ff751d0018fd036,parada_nula
TU,dd68dc987ecf305c1edf633eb0d590dc14a76811d88c61f632f4a08db89c2ddc,parada_nula
TU,c0684c5de3334ce5e2fe25ef11ded8d8772faff7609a7d7505e35073e9f4e2c5,parada_nula
TU,5bf502854a3ab712ccc1ef8f98c56171ad064b6a96fce7c0a02502b6d4cffddb,parada_nula
TU,9bb34d3cbcc993f91d90937ffca7cd9bd4e8fe3550ed3881a6cdbdefe48f9b70,fecha_futura
TU,41de6e9bdcd6026459dee56ea0e7fd15cc076cd3066d61a43cf757151cef2e57,parada_nula
TU,1dc12cba68ca533e3a76988ed27b1828b9b4a9b3c595e8586f6e9ede9bb02fa0,fecha_futura
TU,1e8644e6181e58fb30127a002b61b920294cab3f756845bc3a6d814229a4d8f3,parada_nula
TU,a6a74a3d1ce85d91eb33ec90120f959379dc7ce4719e39acafadb3bd106127f6,parada_nula
TU,78394e698b93f4ccef55df21573176cebfc172da741c27f6bb732e79949ba501,fecha_futura
TU,8e6f0130ab67658215242e6c83f739f070ed89d3bc749c4fca0e9e097f379f67,parada_nula
TU,91090be99729875d0fe29b5e60806510df140bcfc26522ccbe764c0f7b5b0b33,fecha_futura
TU,734624ceb676f55e37df0a3700f0a7875b604daadd57f8faaab8d6b07023be76,parada_nula
TU,85c91d89c4d59a45bcfd469925494f003763b8df228a0c9bfa6c081e180a9cad,fecha_futura
TU,c32166fc7205ce93424f100c22c6f6144e407fa9acda6e0c086466ee98643e33,parada_nula
TU,3027bcd98aa34cdbec6e0a006f797901f8222711215115f575aac5ab82b2b70c,parada_nula
TU,88c65e52c6cad0126eab7384745dd4a9b41216e9deb933adf0dacc32ed9cef33,parada_nula
TU,5d445650e2a05de00a1125c3c7ce3dbd03f61371d2f331c39a76634216076c0b,parada_nula
TU,408184762b5f666d03ab74a3357e363e2196fccbc3683368604d68a3fc8c14a6,fecha_futura
TU,88e4c93a5ba532707a70600a0a4fd7d7eaceb1faf6987096748817f22a3eaa53,parada_nula
TU,82b595188c26387ef2b1a91e7551a9c4b1dc2d7d9adebf4d1f0815fa111df8bd,fecha_futura
TU,a64bac7a849a51f4023e15230886ffabca42d536b551de957a443d735735df52,parada_nula
TU,11568fb0a0fa911d9b5e5515c198e938217260674c2f181cae8cb7c179668af4,parada_nula
TU,122cd16e47fff7def6fd23b4dd5f8bfd3cbce583e0eced5493bf19730ba8fb52,parada_nula
TU,262a2fdf883ffb6060a191926c3ea2cbdc1a98ecad1efacaa4b6a3c99a257019,parada_nula
TU,6a04b62391ef8e79d72c8e65dbd7c42e4b00e582008f5232d7458dc43cd452c9,parada_nula
TU,dc992a76496022792522386783f1a4c27e6701a4ab683d21d3a8bab68b8740e8,parada_nula
TU,e67e793f73e82a06f34263edf300de381225d7297617bb7e6451aecb0a7e245c,parada_nula
TU,644c7e32811689c9d468232dd7baac96341758c508436ac8839e419bbc34c597,parada_nula
TU,8fc6a4b8cdcf55963e7bf6a7757196ace9b5f3c6a11b7ab2468fc0993e99735c,parada_nula
TU,8509151d8f5a2f0eacbb6efbe64561440f9099deea8047bc51c98985829fdc23,parada_nula
TU,a04ac27f120ed0942b02a3f1c73a44494db8a671ca0a2b17f846185db636dd82,fecha_futura
TU,4c00916767dbf85b93af50cae869e9772560251e6cbad51015a053e90a37967a,parada_nula
TU,f367179b5d37c10405e0ae976401ae1bdcccef8338ea796b4b49f84fb88c5463,parada_nula
TU,958427fa598072ace5f1ed00cf4cc67950adec6d6f81d4eb8d6a62dd93dc5319,parada_nula
TU,a8fac69c07371ab906a6242dc570a084759826f9fb15be1cf217682239b016cb,parada_nula
TU,c86f7342fba31173615636606b63c0ae18104772577e4cf58b3d93ca4b3c2167,parada_nula
TU,4366f794b81588174e5785a0a930a5a70c35a90a6166da13a6d8e39e3ad2b43e,parada_nula
TU,e5d863bd4e79de1694505d401ae17c26a30fc55fb88e9988afd17b8ff2a11292,parada_nula
TU,cab0ddb0093f3b34e5a14947d8e488ecfb36724b1f8cf4b144a30d57c2838789,parada_nula
TU,170e0b6c41a44f49ae2fc3a99654f2d097972f5c042b0aada2a0c58dd8fe8ce1,parada_nula
TU,6f5747cb9d8fef1f15f57755af7c1cb4dbe05b85fed235c0f3bf2564c004ac49,parada_nula
TU,e4c9952e2f447792a7d4840ee5a1de662246989696d612024ed876612c578b42,parada_nula
TU,4b1ca969f5f82a2aae451d61acc59322bbbe2fd3aad799b478611c573c14584d,parada_nula
TU,23c7847768c5dd907f6b257178a7026e8a1525059da03be430f0105413146b8c,parada_nula
TU,5c384bce3a3000b335dffac4e00c8b3e94b849ff6e7d79441163ee0b8726cfe6,parada_nula
TU,0640edad3dc9246c31da7210b4502964078682750346418a57de467dae26bef5,parada_nula
TU,92c183182691722aa01c70155a4b9ad2b41ed5738f80b90764304f8e0856ec3b,parada_nula
TU,28026537ec62f78768a9fe10d4e1f5fc7151681386b4d71351257da3d97894ce,parada_nula
TU,5e6e73ad189b521d9d5f14160d7feea78e912f73dfdcd1af712db25e23cc780a,fecha_futura
TU,0dc43bc60f05f5bc4e9a713127d5a6469f3b17a96001f415b96133493bd6e2f9,fecha_futura
TU,ad8cc4fe3a4394b57ac1c5e7b8ce19e9747f7c5553553f67daa3b81daf2d7018,parada_nula
TU,94b123f7c56c661d54f91c9c8c5d06fc18b5a90a59fd06eeccec2e25e3445b22,parada_nula
TU,2e410767b3a054aadacee9e887b8b2a14331a0078eebbaed0da4e3c6e5892639,parada_nula
TU,8e5b3d6a03d363e7e6eb2a7add5dbeb05e691dce9ce87614af1cdd38d3ccd9e2,fecha_futura
TU,c61f61ab3ccd4c15d2eae07da09952642d17f5e515fda45cff0d2221ccc3754f,fecha_futura
TU,5e1fd2b04b904ef12dbcd6fa8860ab32d3dc316130d84ba3e63e8ef6cf416292,parada_nula
TU,94f2f0deddcb0c0e42290755a48022733e1f76050a3f9f016f76f7ec59a4f2e7,parada_nula
TU,e514048110bee298e26e507820752caba72a2750bc1777d46ce9ca5fba1a230b,parada_nula
TU,4f54853b728e3f7678068f7198850efb1c046c29cb2a902d2093acf6068444a0,parada_nula
TU,49bbd01718a95044922e6a58e51f35cec800ee11238f43772d1801b7142442fb,parada_nula
TU,5552cb792879866e5cff2dd4470c7ee3ea29c0729efbf6ec5ee598fc5de5b2d0,parada_nula
TU,7f087de30509dbc0a72e0ace3aee9262d3de9dd30522c44e9fa2119ea66bec5b,parada_nula
TU,d2f55a1d4b516c7f7fd9f7873696995cd32458e4bbecd6d1a4a7ba73331f3fb7,parada_nula
TU,3e0fb1ef7f76003d6027308dd90fe590071604c23367ff4238566f4c578ab75c,fecha_futura
TU,6e4cdf99d579b85c863ee6f1359db913b04cd0724fc05bdab85b6a9c61b68b21,parada_nula
TU,3dfb66b71d46c482ab3def21df6a371cb129125ae25a3fc02f0c636b7304e6d0,parada_nula
TU,e610f534c2fd55268ecbf0dd69e7bbbd8d08f678d46d80b8967df37b10b515af,parada_nula
TU,303ce7e3f0ac2abf31a5bde1c58af6eebd2877b6ce969e167d89c720c19a1ff3,fecha_futura
TU,7ba5d3a9484e36e4c5390a92f350a0a0fc46ef1cfb52be0ce42fccd5958494d8,fecha_futura
TU,fb834b6bcf11fb6cd43db9563cb7f185fee1111606d700b49f5933e12ea8c762,fecha_futura
TU,17afc148370fb66ab51c17c69ade655ada2d93119b839d0c688871569a6117e1,parada_nula
TU,ad419ebeb0040bfb7e99a8d69677d43cfd8e7c2eb1a76884d98249709987bc8e,parada_nula
TU,f41abd9b233b80ad351cfa2bac580edecf594fd276ea4c2326a2b1916b087fa7,parada_nula
TU,13fe24872ffec35eec7b49b9d759190a1f7ee24a36a8a177b58bb9cabe1cf1ec,parada_nula
TU,c4a29a38c1eb6d68d194b8d21ec505cea6833bd33838578d9ee9d97af86149cb,parada_nula
TU,151f8a0cc47caf06b20c46cdf90ba6198ea74af03c66afe55bb3917e86e8ba53,parada_nula
TU,17af4ad220074df4718845c700f3df058b6c28ba78a6efb69bad073e95cdb6e2,parada_nula
TU,64109ef49a2b0b968a3cf68a2ac00fb315d014a8ce7d6d06bd4f49cb6c584e60,fecha_futura
TU,6c880cc1e91ff3a68fcbb729cf4998f73d546369712959c6bffb3d4f2020a40f,parada_nula
TU,fd4ffc2a75cd0c3c2138b4b5000e58b553e917721cd4e76c80bafc2b551406ff,parada_nula
TU,05466074e4f27f5a5fdfecfcc3f031086b076d6899b7ecb4a7775904d3ad4420,parada_nula
TU,adfffc526993e774c51170894674ad698230169feaaac88a8f8d911fa17e28d2,parada_nula
TU,b992172c2ce341a0eb1d1b7e0a69def0657b206d2fa4e2da3ea48d9d0cd92091,parada_nula
TU,0938ce290f3ef720ca55f41c3d7a233d666a93e979c6996dd5c07710db882032,parada_nula
TU,3834422a7acf2d3b0fce9f19510c892c1e3ed8f2a714dcac73a771cdc0166ad3,fecha_futura
TU,9f91d6b49001fcb6f80400f86f394e25e9b9f1c7c92e7f61c547d1c86d21c11b,fecha_futura
TU,aa34dc33a436572af71dc058bab2c09cb54f3969ce4a4efff93cc5d82c79278b,parada_nula
TU,b521c284c2d18ab777700588aeadf7ec732ef86c1195a2ac009ae4c5c26c964d,parada_nula
TU,edc08d9abffbdac7db9a16bd91669849fd9a0494d951c5d38be0b282cdf5fdf0,fecha_futura
TU,93a5e546a2ef09d0fad55f0cc1e7e7a5155ee7415724a8deff403394de09d636,parada_nula
TU,54d6241ec1c888b0b285a2d27bdf8de18010e7d096de611843467f72f978e626,fecha_futura
TU,590c065c2e5ea948f0988e78957bc038acad00df8b5585b03ab84b249bf3cb1d,parada_nula
TU,2932ad9be50ac4f7ed6864359cddb09c9d34673d58436822b1b992ac3366f794,parada_nula
TU,d9ebc9bfe02b7bd2ab9ed9606d39867342d72f2e140faea85a3f7db6afa91b19,parada_nula
TU,2b0816ad87a5ad8440aed63e10068795df865f3b4763a3936a2794a9dd7f6373,parada_nula
TU,54c63db07a4f841df2e884d229605cc60197ebc394c9917e7cea42543f45da17,parada_nula
TU,8ea7c2feeb9895b12b28d8cfc5e30a02d6e9ab0278f55ed04832ab55181526d1,parada_nula
TU,4cf4ad8c16e7291795cd86fa4beca8c83d8e2ef8edc16ecee2e93730154f6bff,parada_nula
TU,110f69a4197d2980096f68c6b9da07db6503edfb025b8de4edfe15a5c73be099,parada_nula
TU,d891b9782571182eaff320171dc572d8d33b852cb6db4ee9242a8d3637757195,parada_nula
TU,5ab028dfe6e1f0934b5c25f8d328b652edcb5edff5ec24827cd32b83024731bd,fecha_futura
TU,8b51e5397ddb8fb33e86dc8914eab6370bc235ef52f36cac5a2d3f3319895f41,parada_nula
TU,b210e75c7d85025481cb1af809ced70504d59cb7103715c87a86d2dffde4bb5b,parada_nula
TU,3109fad81fe23f6a746d5f839c0e46b80751b0fbc1f5cb907f65beb84e100390,parada_nula
TU,30151dcb3033061f732654ee7bc3061f70d04e980a1120b17ada499cc0420235,fecha_futura
TU,c0c73342de5b8d49d591468900685e5125135c8ff3d003e6ff1d5ddd14f7c719,parada_nula
TU,d71eaeb4d473aa45bc0ac3aeef0608d7a3a3e5557a331d074bbd0b7a4528f465,fecha_futura
TU,64a8ce85aac75da2e16aa056d1cacb21c55477e12f128ced023845a102ad10be,fecha_futura
TU,0e3780b45a6f44bd007866667593a465fe4e5dca8c7d40c3506ef54f9bd3fea5,fecha_futura
TU,569068b4c4f1e34452aa0e25e90348359c0c94e51f111531ae309688137c1c4e,parada_nula
TU,10aabc1652a92055c58b7cfae05f71d513be42797934b16aa95987e0ee84463a,parada_nula
TU,3b990eede7df86453933cf369702a8452efc33bc8b8fd4d3e8d20e80ea09d4cc,fecha_futura
TU,a2bedfe4244da2c4ecfc1f09d77cac58e4963d55e92761a2f956205785c302b2,parada_nula
TU,75f20ba7f4b9ca6bfa044110f43963319fb9fef53ae6433949c35c456da2fa15,parada_nula
TU,94b6e054875a4d9ef73e4adb384880f48588c396a1f4f75a1403115b9ed7c64a,parada_nula
TU,e95ed6fd716305967de18012c341b3051fd6f64392b9d178f0a587cf7cb71b9c,parada_nula
TU,b504e04da102dd1a6032930cbea3a77f9b735c13b0bba75a82ff0d36568a693a,parada_nula
TU,a809be4554cc067bd26a023680c7fda37b454d82f1288ddd13824ba3c89d76e6,parada_nula
TU,b7f2a6341e9d5c5834d020255356d67c33ecc97ae93b7fd96f9092f7c7257caa,fecha_futura
TU,02dc133731691728ff4707ffcb3cbaf698be9cbe7d9e972e50bafec385e9ecfd,fecha_futura
TU,5aba2cea9ed32cfda5b010e08f124a7e7fd47e64debe23ae8f0028b85ac97147,parada_nula
TU,e9103188297c4b989e1ea1342aea41c535ad226c0ff4798751c1fc72314e454a,parada_nula
TU,0e47d549059960ce57a8c977c67e506d7530cfea573554650420b2f49ea7a815,parada_nula
TU,cbd5f5afe63f1dfaf238ae43cfe91af9da629bf8ec663b12590f0fe53a1a094a,parada_nula
TU,3eda8935bb8fb0af6b30ca40b58663718797dd032770ee4e5449b4ebe26343ce,parada_nula
TU,58d4497e67276932e6f3e00a616140b9cf6db112b752268c7232e689655bded7,parada_nula
TU,3d519d796c9e0b3fc86e5f51d2deae4c0d2d8e19c3ccfef5e0f6a16bc51b4a2c,parada_nula
TU,da067cf9f0191ef96f7d581e64a6c009c353f34d9768cd3d64476a30557f7c43,parada_nula
TU,eb1a5b40bc64d80af6f07910be6c5d44bf6472c48cb0b12fe1b6f6f70083ff8d,parada_nula
TU,a9adccf8ce3a181e448a00ba4cffe87d06646005886ea07985cbbae590c190d0,parada_nula
TU,4a1dd95d29a6650075df8686f436668225419db46af8ce5a788b1b5da5276bb3,parada_nula
TU,d27a35d8360b33f93cbb57ac7a840c0baaf510b3b9c1cd49756f81a61efaec48,parada_nula
TU,65875b57bb82394c4372a28a6e5615bb32dc97286d3fc7f3ee63211d3a4c41e2,fecha_futura
TU,b46ee9d9dce4d33124e0ad05dd3618d99a4d8d558b4c195ac3d3381e1a0f654f,parada_nula
TU,4e11476c7c37a9cf79084c9cfcacfb2bd51c5333931690a3d2bf2d31436cb715,fecha_futura
TU,3f80c22ccf12468f04ec4852fa9f1842d88e71299ea0dfc7c53520755410c13c,fecha_futura
TU,62874c03b7249c27d5b52a09afdce4f2ca256a25edb9114b4e0bb9c307095402,fecha_futura
TU,b4ecb7241807cad145dc1c0d13fc26a26dc9164f906bda2e2d813c843f21940b,parada_nula
TU,99131c1b9ed23e7cea1bb6898f783b98dfb5d61f233ef6702ccbda8b187d01d4,parada_nula
TU,1c80794075a3a9d5282e78af42aa4205c789c18237b6543c73aa5489a502a7f5,parada_nula
TU,82c49b5672f32199ac7d3672d667523b2bd9d8d18d0ea0ebaea2dd71af532329,parada_nula
TU,f944b63705cb89b5b00e20cf73c17341bf5bb78ce26f582e0532c6e6c500848f,fecha_futura
TU,48a91de85ad323c3ea12002fffd4dc09433c48c2d1a99acd8eefc3117a434f03,parada_nula
TU,c476abe301404c8818d54a4bc32de9fdb630a978cd41c8cdb9e59bd8963ee175,fecha_futura
TU,eaee94532ff461db50b540ba74f88fec4e05d6189f50357cc1e1c9cc9b968a39,fecha_futura
TU,5170a109ff905f650b771e6393e107bd2dd20c02ff9b0e1627f1d853d09a2332,fecha_futura
TU,d0a080e903e882076ac81e384b375d2373c47e768fbf39e1da8beef36c7518a0,parada_nula
TU,29e35cc21bdb3d308f9d547bf5c50b029aad49191fb2cb2694db85d3ec3b57c0,parada_nula
TU,1c17b15719f2b7447b25838b73bacfe754471696c1036d5690ada37ded94f76c,parada_nula
TU,7c8767b9daa982311fce9c56cccd86af6b735561522bb6d215f5259e60a1744e,parada_nula
TU,7c2c491a92071bfdebf77dfc3d0b3434703636c4f19b1dded4c3a80570cfcd81,parada_nula
TU,21b9eab421ef03b2ba5b86ddec9fceb0f7aca28b832a08c357686ea424fd6c46,parada_nula
TU,44a96ba95238a969766e982dc3febaa82b834f00764c6d661d105ada49871fe0,parada_nula
TU,7cc07f3ea5a1e8d837e3391483c7b72b68d87cb04f0b596f23a98ac7139f8098,parada_nula
TU,e1446a7c55b68776d6a3dd6f52313fe3e2e132c5e07ece15ed7a532af255e0d5,parada_nula
TU,ecf23f3652f03e75966eecf269be3e0089d5ef55f3e6fedeb6f541bd5ee77170,parada_nula
TU,cc13d52b298657ccbace32a968843b36758d6ba25bec11453bb0ac6429b5aa74,fecha_futura
TU,4d1f4db13c186eb969e12679519817c7f55fa9abe7eeae6d0565e1437c757e91,parada_nula
TU,4926d8b4194997d62b78f5d430ebb84cb0fb5f5c9090bd0a9e8e41ae30a6589c,parada_nula
TU,4085399ee23407627de86b754ebaf427cc0f67685eecea0ae0c58889330a6cb8,parada_nula
TU,e07285be791f40663ceb99e35c282cc0a25326b17927616bd5f3ab4b803b2594,parada_nula
TU,beaa0b49ca5384bb2443ff17510922148f11f90ee75191111f28d237de1e4772,fecha_futura
TU,5f04f6c107fe46a31ada64a620e40f5dc970c28e3317fa95f43d160811329b82,parada_nula
TU,99c77d18f4dbf8f7088a995a5d595f7a21bd60d3cc95be411abe4abab351bb85,parada_nula
TU,fa129110718e0433142184a1d153181d018d23dd4fcee039e4a402232306d288,fecha_futura
TU,21a9fe1add0935550efac398e151857958e826536395c598a4e8b38fa4b792eb,fecha_futura
TU,26d5456a35e8ec46e6a2980d0924b75a007929f9eb9dc95b928987af48ddcbfe,fecha_futura
TU,6ada9431e4e17d95be8fbd4908692e80ceee0ded59969e586b2c93bbda053dbd,parada_nula
TU,c53de6a46fdb2ff129d7e1fab963ded9084ef757dcfb620e2cb5081fdcd21bd3,parada_nula
TU,a211e797cfd8841c29e297728ed0865153343ebd07677bf9e171a384bf52331c,parada_nula
TU,8d281b3f8a00c3c12097ff5d3549d4091c59a7c7edd796cc5a7479ca3ccb86b7,fecha_futura
TU,92500142481dfe0950eaff7b1e20d4bdc3dc16d8b06ec69353846c35a52baa0a,parada_nula
TU,8bd4a1dcebe2302bdcde3dd6ea0f023843e59b5490eca011f14cc79cabe1825b,parada_nula
TU,84902dd5a095345510945b734a5b34fbe32034cf7b2b15258265e5635aa124df,fecha_futura
TU,25318f9503d1a7de452031c7ed1a284add092faaa171a6cf550242eb35cc5be5,parada_nula
TU,c5e3a7e34f09715189153e67351fa47157d2d808dd354d54802d5927e7e62b4b,fecha_futura
TU,8460917c0c525cdf9a9ef84348e85dc913885853f7f2f1ade5b48af6293dcf67,fecha_futura
TU,09fb59c03530238049c9f85c59fcc6f8af13395ed0a9a2de2dee8027e7296e21,parada_nula
TU,fc456f847bea0522fae74eedb929723a27c8dfaa6520e6f3bd5a64e53c1b98fc,parada_nula
TU,4f06598772f8b016bdcf783154846706377bf02884d1904f24df896a9e554982,parada_nula
TU,a79000d5b8965a18d12b2ffad141fa8c098a7a2990aa6525b6f5a37166c9ba58,parada_nula
TU,27d60d2716d3bbb2d202c5e45dd6c94b5eae960b589f25a0d29d46837501a307,parada_nula
TU,aaacbedac84dd432b3bae07a069ead35f1c34d9b6407d47d5b9b3f1f8142bff9,parada_nula
TU,979430af83b730b2b41bdf9403f0eda761313b6c79ea0694b871597bc00e7d4b,parada_nula
TU,015b03a4cd7eea1223643c3dc31911681f6894087b3c510e350f91db1848df81,parada_nula
TU,081428a7d661e6be3f7e435a13ede1e73afc0fb6812eea371add4747a3b82578,parada_nula
TU,fba5ddfe1c1a94cad4aaf154ba84579b4547805888de96e15d9aaf62b4661f38,parada_nula
TU,441b4813a15ceb5a33efc1ec4b63eb20cd74be75fb0eb10e17cf50dc5d2af7ba,parada_nula
TU,715fddfebc8d38cffe07576415780b83080791f809769e04a6ef7651383b3fdd,fecha_futura
TU,5de132fe0adbc8ca3a42758125b5600dc9c5a2308409c6c8dea58dd100b2b8a6,fecha_futura
TU,99436ac41c577fef26ef51b0ba24b13e48b8d248e75ccc4a9c056a4aaf3ac43a,parada_nula
TU,9666dd2475b925444070ca60ce310378c8c88409281389007609bdba0bcce0f3,parada_nula
TU,3e81fc6ceeef230ea4eba9957a38b5104034217e02451eeba1be8fc630594af7,parada_nula
TU,383352fe9681d0bfbe171b125a70b8b51a04605d7029b20e3b469a5ce8e85f6e,parada_nula
TU,5dccf946f0d724126150e4e63d41b5824e568ee9281f779d33cafd36d87320d6,parada_nula
TU,9ee68def6d22bf3990c8fe0c234270807d212b99a6c8b51ba1feb33d1dc0e54b,parada_nula
TU,a716bacc6c79d21e4acb8abc6469dfb80d733d2cb989668ac8588a493468972c,parada_nula
TU,3ef5e11e859cc9ef5e4f2f1ba55c137a04670393d309e18a917da9e771cae499,parada_nula
TU,361d478f41494e5327b9d4c7502e7940a64729df3a0caeae62345e9aa452da58,parada_nula
TU,6140049c53ea4adf5feb0aadf6783cb924149a75eba8cc12b94cce12540407ba,fecha_futura
TU,cc6c3b00d183277b49d3bc3eac00d20c6361f99c522e3412c3bdaa323154621b,parada_nula
TU,768425df8f40267af31018e90d73e4c2d392e09a533551971a9ff6e06dc754b0,parada_nula
TU,81331060eeb8835ed1e26b6b2735d33ae814ae203f2a5a2facd2e61f5beb0f22,fecha_futura
TU,d18b65ccfa55217dfb59cc7190c61c4e0aebd8327907248dde029526080aa6f4,parada_nula
TU,265a308d18287c966e93a6e617292139a6f82156ddf19f4ce0e41f6db8442ed3,fecha_futura
TU,133321bd6db92af4264e9f49341133122c62242bbc68f90860d494f9b16f0f8d,parada_nula
TU,f3450bd99fa4d7246fc7cc8474849fb994793fdba6635156c27d8551a8cd2b11,parada_nula
TU,7ffa002143b3d43239dcb4ea89283ee3b6886b382cb8e6e9e5535575a38e76c0,parada_nula
TU,b9957a7e3c3d0857c3331017a4dac196cd4e73bb9f265d4eaa1805e108621b57,parada_nula
TU,3aa416f24cc885cafbe974db6e25fcb6e33c6e6ab0e5a2422b047c04227e24e9,parada_nula
TU,74df6f20dfc1593773cf0c9687d68bd3d91cb0c93ad5cf53548efc28a75b2b5f,parada_nula
TU,0cdfe127727278d92d0e901ab6229bec47347d87e213cc5b1e2f2bd6a86b2363,parada_nula
TU,40b423b72d4c688ed631cfb990a35e61c7ff9f2304830e6d9cb771bc11a31f2d,parada_nula
TU,98f469b62927b08af0532351633ea56fa472713ab2b9666a518d569501ccee07,parada_nula
TU,7795b9c48410bd34e4cf23eec224300e1feaf8d280a9950f61e8cbde442296a2,parada_nula
TU,8d8d5219bda207ff3306b6a9ca7a5263f8271fabb4c008988a126694277decbb,parada_nula
TU,5a566737f12af81a692ff6c2677e698c141b1937f3436be0aaf7c44ab630dfe0,parada_nula
TU,30aa59edf096ff5929a8d61e0804e4053dde0cf6f3dad94a6538ea070f015829,parada_nula
TU,b7ac06c0220299f582d4a13bba1942fed01618e3e1cf45710e0c01c994403b54,parada_nula
TU,b6b3aede954bac42553f77e51f684fbd5d9a0236b75b40a3bd589a98ad17a48f,parada_nula
TU,97cc753353b0177ca20f6b00ce086b7f9ef8035e1956b2f0c6a7c0eb6b51768c,parada_nula
TU,da20b2e292702002ad605e5b1ee44256d924d1427d6f065d928dd2cd2c6016f9,parada_nula
TU,5922c00a91e8c1ad50ba161c3c79f9d7e1cc634d96e20455391c6bd1d64c7a4d,parada_nula
TU,e30cace781a0418d32e66da7848ba517004e47a6079b62cdded5cfa33e979931,parada_nula
TU,13e36223a688e88d9b0dbdc4f9ae091e58a8e1cbf06c4d10315b980a7e6af825,parada_nula
TU,e1728220818e2efe7cc1547ac6aabbc566f89acc4d3d2e527864df3cd903dc4c,fecha_futura
TU,5972c8f9f027d7fd8b0118579e25e4e54515c6d25949038a3cc8174334572e50,parada_nula
TU,3bae21d5c85b6763dd9dcdaa2c7199459d486502551b41426b53a2c3c059251b,parada_nula
TU,860fcfb58de5ae84e969e0e3b700dd3c600ba42631085a241744c1a7c9c8286c,parada_nula
TU,7cdb06e6e73fa59931ce68346140655083d536729a910acb5ff10adcf2f5a459,parada_nula
TU,43240df51a5f83894092f521e3c23566d9eb512187d325bde2aa4199c8b60c63,parada_nula
TU,bc5e2901681b2dbb50ba05f7cd892a0b87f75d7d292f333f23ab9245fd4c185c,parada_nula
TU,7b80294f8d0ef6eec7c4ed23a072070f1fb56f4ed9f28226b61287212eb6bce0,parada_nula
TU,1366c5578a71b5a3cabc5b1328c9cdea5dd59e6b8838c8a8426bf8777cdce80c,parada_nula
TU,488f4bedc66ed7ec213753f8f8d2bc10a71966edc0feb173536ecf0e55f163f1,parada_nula
TU,a2c9126fbdfa3b7ee762971ad4e0aecb4ae7713039791c014c56f78e52d278e9,parada_nula
TU,3d402588518fd1f0e0741af45e86b5662964b19513d5a443fdcdad4fa7562b69,parada_nula
TU,3597330b717017bd9a81f5fdf47abfe7c832ac94531e5216e4c671997728c111,parada_nula
TU,fa60f9f2f44d377591c46d7b6e42f94f67d3a406b7013ea032869ce4160debf2,fecha_futura
TU,f3ff717b8146ccc23717d9bbb0a5ce888a03fa8fe98b987f284d0e16bfe4a16b,fecha_futura
TU,b536ab2500b58fa320e063ab15c7340e26c7694f355eb10a8298f93d91c06232,parada_nula
TU,2058c8354a74a7c8d0ccf44b1e83bddde475435d4dec26e165f5c42c7a271d75,parada_nula
TU,f5e1cc554f2dd274603ed8579c72f8bcc9fa40d4b6a7ecace5b914706379e6f0,parada_nula
TU,f7b767998bd2d04825c4b39bb0db8578650e329c000c639937d142289e3d7200,parada_nula
TU,a0ee4ddcefa3854b7efa5ea1cbd49453012d49c1cacc7db41c20eab5832211c8,parada_nula
TU,f5fa5b2e90e876786a2346f4b3ccbf2e7e54373cae3410eeda26b43df9efd696,parada_nula
TU,26b049222a6d375fd278ccbad603f9e89d5e45a28bbd0c7c032a459fce3ffed8,parada_nula
TU,0297238bba312800f91f92060f91e23fed3a91a502705a0907953acb6788aa35,fecha_futura
TU,9b4d761b535296f761e8d6e8fcfdb481f8ae975f938a75d8d3052ad3c20f15f1,parada_nula
TU,96b8564938470c8f5df9e01bb0acf360a0655eae580892f94512851214dab8fa,parada_nula
TU,5f5521c995f7b686db5fb10fc6fe0481168d99380437f3e0c9b9d8e91cba04ac,parada_nula
TU,f447c110397e88611bf35445049be10f8b3319d7f16bb7efcc8624104993d6b7,parada_nula
TU,0a6981b072c69fa5846657b7eb4acb6eaf5031a74b5f161c47ff59ba5f913df9,parada_nula
TU,566c70b58157ae7c02e65e3fb3a4e49d7e303649ed09015841ee71f60cd8b3e3,fecha_futura
TU,acb783c97b21d1191b9a6bdbb7e28024fa729837511cac9d66aa95fb1355d6d7,parada_nula
TU,7d12c4225940f3afe2b14dac7281dcf01d287494d0678a47c952b1c44dd309ea,parada_nula
TU,0966a55f2edee9d2d1b241998601f4c4ebca169e4397d6b36d37f4225349e265,parada_nula
TU,4f9d4307a964c7b27a835d0f28d07e52f288107db455b48eb3eda84d88824a1d,parada_nula
TU,88015e3360797c5f49560fc9723b7c3d7943b7359b9ef98da68f9f9e101cb9c5,fecha_futura
TU,e794b0dcdbdcd02bfde720fcb208f7eb10a6933844e6010be7c0a363071118e8,parada_nula
TU,d46558093bea89f94a1db3f792cef487cc997e31bacf4d8806cae82430442301,parada_nula
TU,064585c36402b187c6c6987b076d7b1315c1c8fca64596114ccaab2fe2654cb6,parada_nula
TU,d12433d23a62274d8b9df5e619fdf4c8c0119aad4871a278428e3fd2b3d52c4b,parada_nula
TU,56336d31a02b4235fd8e0cb0adc695988a6744fb78a87cb77b02af6dd6b9d230,parada_nula
TU,139dab18db47cb567fd015fa2055194f1f63e6f40353c4ce785b25ad24ce7f67,parada_nula
TU,919e942f6878594f8acedb6e6da32ffe62cc0ca5e56f90046d488f96dfddeea8,parada_nula
TU,d39505df7f15930c915afd135f77a99013407b07f620cace911ef061834fe558,fecha_futura
TU,5a20cd1e95557fe3e30b5d606fc9a4e3f9ec3d3285f116a5fcc3364d302cf0a5,parada_nula
TU,5d21ebe64ac3465454dec229e5de83cb42718e9e5f133e48a799a4403f76acff,fecha_futura
TU,0170b643f65f44b55d71f9540e6bdba9ba1c6dedaa12813c4858d41e85a2c1f2,parada_nula
TU,64973e5d5e846bac8d193bf58a41a748843b44c15e917d45db475c0224bdace2,parada_nula
TU,70bf75ad9f07703cdd856cbe052de42827d4e7ba2360e07a2c212bdc4b4d0b23,parada_nula
TU,d22787709e1c3f76055392f918f5d72b558da6e8c123963286af8301194feba1,parada_nula
TU,adb4bd88312a6aadae0e20c30f487414530347e68da7b93631a5f52ac5b0e979,parada_nula
TU,56bc52c4c342be77018e2290ced1b390997dc68b0ff5ea6a7efef37e3d74aab8,parada_nula
TU,88f9793c78db83a1cf693a6f9727834aefce683f1109b4e2326908da648b64a9,fecha_futura
TU,8cc8294da771aedb69ae3e1f2650b34553e576ea95a9cee9ef881cabebcc5df6,parada_nula
TU,cebc1c1beff41bfce6af6c9be506cf0488119c2934ad5078645ac529cf185256,fecha_futura
TU,11be441f9afbc3e2a6c61b73bd46ba079cb5f9281fdb74e96c066b36ca883942,fecha_futura
TU,d2617087966116d79fe07186f43ca5d72a7a69b2a9bc0756ccbc3db9b232ec4b,parada_nula
TU,e34d46de9bfd4cd781b8a0bf06a7b3eff33fa7f1310f3cc41153182a326d9400,parada_nula
TU,e527245206b3b498da4c22d0730ed1dcdbbea3b4a6e3585cb8b4608dfbaabc24,parada_nula
TU,2087866363f19d5f8a0f916ce518594ed4c231b5c79868f3f7438b726357dfa0,parada_nula
TU,22e37fad5c176ed153bdd8dd6d2ca04b797699dfdb96e31e847e759f161b5492,fecha_futura
TU,53d1fcbae4d349ae80aaa4a22c27ade2a7055aa552911a456cb800dba3254357,parada_nula
TU,b090f9a6468698a993bbc4143b624094620a5025777b48615ca96d273096c14a,fecha_futura
TU,57159227712e797728d8fcb259aff1e3c95276f9cd85ab992c580d5794e53f0c,fecha_futura
TU,34563e41d20ec1f8bae4903f458f59039f66440d06aba06c36a9c1459eda5436,parada_nula
TU,551f75a8226aeb4551ab259bd2cf6014a994eda0018efe5fa74adddee7193fff,fecha_futura
TU,17269942cac959652ac7aa5bd2d6ea3eded6b9fe1d5ce20b6c50860e5772f83f,parada_nula
TU,f8a5726b9dd701a55827459244741094faa31aafdeee65a30ed94c423ede9def,parada_nula
TU,b215e42e7ea25eea691763542566fbc9ef267425db7e52733053894b0185cafb,parada_nula
TU,3755a6b27b42698cc7710ec258ee5d1b47d1cd41a1ebdf92e55fa7a16a65fe9c,fecha_futura
TU,2660f61a500ed898573507059e71e00c9c809b86e3b16e9cbadac73d367a68a1,parada_nula
TU,3d05f493de4de0adc5b50b1d46102b46a353e641e4da4096130c42ed1bfe4cab,parada_nula
TU,ea4e687faf84810bb8412604b319344693109ea27e96a8207fa8294660c98625,parada_nula
TU,ce51600aa576ba84647f8769fb066f293c356e12e368d2fae4b06eb269d3166c,fecha_futura
TU,5e04a63f9e1f5f20b7547d2e9f70e0d43e35feaca230b41b05c1ca5684dc4dc7,parada_nula
TU,5e5d86c6006d20e6f47f8cd643ccd96187198f37df99cbc3adea66abc0aef46f,parada_nula
TU,5e3576c3225a7648d84798187cf0c4b6b5084afb882ab1106c75da8861e179f5,fecha_futura
TU,b9d8393157ba2226095c26a191be35be63828fa3e0c5c72f980c809e4a6725fe,parada_nula
TU,5e4e4cbdbb77dc7080406042b15cbd4fcac15b441653d9d8e5f0085bcc01d48b,parada_nula
TU,a4a9af762080c14f45d78284a85d148e6722c26d34a8101cd4f59b42233c9b65,parada_nula
TU,5c2bbfae99d1e6432b87b4901aeeaa2657097f971b32eb38cd3c39176f216011,parada_nula
TU,71dd29a223c69e63df8181cb54488c268759a4acc1ee06a2ad2839560f9211e6,parada_nula
TU,98b3b5273c5aa0b361c97791bb905b94c5cb26c06b8b0100244461a62ec702b1,parada_nula
TU,7f953419466388781ea2fc45f7c0b57e6fdec313d3246cc1a1a2f77c0744cbb2,parada_nula
TU,007f962098b483eaca8016efddb069cc03ebab2d5a6d4a8a8ff913fcd343d5cd,parada_nula
TU,1f0109babf74094c0973b1b6226fa157ca944a5f3e9ce653086fc625c635ee0a,parada_nula
TU,2789c5e94239ad5000d6536430a3741591beca306443a5a9b7a141fa6fb37d0a,parada_nula
TU,19854d4935a600038ce34449fb53dcd7fd7cd0e388b1a459ce7982fcfeff4445,parada_nula
TU,d871c6bcf2cde12bfada340fd4654e070156f9f67c7cff99beb4a6ec7bed9044,parada_nula
TU,b6f33be2d1df3087b5ee52211f4f1dc09cc8a07f69fe4b45d5806ee6bb6520f1,parada_nula
TU,f46cfb8484377f47d61b15f31fe1da46487588871624a739283948dfb80260bc,parada_nula
TU,7cda7348e7b224fcb3a693a46fa4d36314f07cba016ba320ed7b68eef4c000e5,parada_nula
TU,eb2ee823cfad8a8a7fd5dbd8d51ab76f786aaf7b678ccb325c479d8df0353fb6,fecha_futura
TU,8c3b44e7e35c27cd2092500c703517cde0b73bc7117caca5bf2379f1c4a9ebc4,parada_nula
TU,1e25fab3ca93f594519464fddbce398abecf591e731a0fd27b05b6c5d6149eeb,fecha_futura
TU,6b84c9233622af3a07eaee5835809d75a3749f7f15fe44205ab55b10444c62e7,parada_nula
TU,7970ee29c58d38a68b3108d5784c0472729abb118adfc3808ce34502a4a91045,parada_nula
TU,c9fcf4f205b6b5f1cb32b459aba68c9629fbfe920cb4d5fdb2b3628ed5746826,parada_nula
TU,f47771ca191db8198c1c868a65e102d8b12a554b6f19166590fcf9b113cfa021,parada_nula
TU,c57d51220adb69de930e154a8083ee034fd7278e3c9421958a2aee8dba191767,parada_nula
TU,fe2d39bb9bb008694f31069162a3dc84e075c3a860edd0954692981b4d7c8533,parada_nula
TU,c24f4567b2d989bc897eb000f0a65ae7c5fd28a19559453585bf1cc0cf5f665c,parada_nula
TU,a2d66dd28221cc13a5b06b1ebb3ab377f58abf445f1872902add652e3bfe8dbd,parada_nula
TU,543fa0473379de112f3fb98848368248998f63e722cfa9d0e3caeb10ee553701,parada_nula
TU,0fb7e5565fa20b3d57a5db7a7af17eb2fb1d9548071d75146de5d7848e7d3000,parada_nula
TU,5fdd22281e6c04b4ef17a3f3159d422d232012eb3f2df30f98f774bbdeebc919,parada_nula
TU,fb857af452f36e18e906d4f4195e38d87d593683667b803bf1b3c46b93065d3f,parada_nula
TU,65d3b338246f50c479c5292fef0c4acbd71d674a34500af392f36fc6c98d1914,parada_nula
TU,7d78acd24e86b96c71e908efd41afd3de5af69297cb5c8bfdd47760d64e636af,parada_nula
TU,bd24f52691ace615580a09756101da7008c64dd9840b4797d811f49754f247f4,parada_nula
TU,c83ceaff280ad2e0378663fcd231d7c9fe8b1a658ee32798f5abc3af21c19335,fecha_futura
TU,fe037d9827140a9da2626310ef9c1099d4ffa599e6ae7de3478823b0f82b45ea,parada_nula
TU,1738cf6a54c15e48dfa7962fd3538270b5e869425cca79cfecea427a62222fd4,parada_nula
TU,76a5d8767eba4416b92ce5fa7c2f8009c4978a25dfc072026050d66632c50f17,parada_nula
TU,477f4c463e16f4b3bd9ae088211ce75fae621908e3ca065d122b5d496af02a49,fecha_futura
TU,032c5a20fb502e5e5c6b1efbdf07dcc67b69c224de63ba81cac157510d40fcdd,parada_nula
TU,7bb3fe4fd8776f2dc43a11bba9e9b38748bbc182efed1c92e439fb5f12643141,parada_nula
TU,b917a44207ed5827634d12cf13c8e7f60fac395d9f7ff1026392196833d2381c,parada_nula
TU,ea828532d6b527d105aa716f9975de8d9a2949899bfe7b618c265d55a85e92be,parada_nula
TU,264a264cd9b2a5bc4c3633c5030dac2c60285a510671edf17417b85c482ae661,parada_nula
TU,14329b423c7976207aa5d72bee4e4fa4a15a99800605a14b0284b66c35620e21,fecha_futura
TU,9a4bf7e331f6d07e3a1b83cb9068a49bfd1388d7547094244f9796d7db182eb9,fecha_futura
TU,41a66aab316a5d0fcb4494f329b84963bbb2bd5900e9a070bd55b43d96bfa728,parada_nula
TU,3147b6a001494f6adf0b07c555f59fed96eb79b6a01092d35b225ed51a8da533,parada_nula
TU,92896767515ce4d3985a4e98bc921749a1a052d3fe63fcd66409ac2ee26e08c6,fecha_futura
TU,b5e7a63c385ed34d257a0e7941b17445adf83cc1776329948fad289eb15ec443,parada_nula
TU,e2d285c96bc7cc7655f6c3f5804d329ff615ae96a7ddf5ec64f265259f892e1a,parada_nula
TU,6a756a84b09affc6820f84186b4c0175af193b21a11c90559b96955e4aa50e02,parada_nula
TU,8ecf69eb19a15b3798e46e5ee46b978f1baf32f6e238b705cd5a381a14021e47,parada_nula
TU,23d8843bdf8363274b39e8273fc3ff0ed68633ec94cad2e29d05471d2af6fdef,parada_nula
TU,c1c9d12331f0b2b1e1c131b7a5da90c90677198680a4123144c4129ea8e49ece,fecha_futura
TU,bcb5e0a13bdb8ceaf510f073fbcaa2f8fb8c41731d40317ab7b7ef7f6e4418ab,parada_nula
TU,6abadb12668e1df76a1195791524fbb39d91abfdec97fda1bd9a5a9376985be7,parada_nula
TU,4a4390847ba50910b7e3bdf9f678f77a6b14fc5db5d1dde1bc79bc968cc54c8f,fecha_futura
TU,ef64cc457ebe415a60d55ee51c7fb2a2fc9a7e65dd7d3430c749f66b28205f43,parada_nula
TU,2fc904e8d30f86181d82c9445477984e02b461ed922b4f6e8dcc81e211f16011,parada_nula
TU,d54c8ef6f560a52fbdaa8b039478c7d2f5854300896b1c90183b4ca657d18334,parada_nula
TU,30673d93b3a12b8a4330e34c22d53eceeb75d50b8a45a44cb175cab5e461b8fe,parada_nula
TU,8855346d9b44e01790a3d6dff5e627cd77f37b55c5e16965482490e7addb0949,parada_nula
TU,5df99515156ec57020e30a4deea075dedde7682753fcd719badb234563f6d04e,fecha_futura
TU,46a293898d188eeab075caceac4914e095df2af576a4170c1e87e08e6abdd0b1,parada_nula
TU,bad4b47b7a7eda88ea8ef61e4094df62d8b677ff79662295628fb29667536268,parada_nula
TU,69ba73683cdcad62fa8a4d8fd2c5a4483e0ac08bf17959decdd65c4e1e4ec08d,parada_nula
TU,286f13ea443ce7f998618cac71460f3523d79d348caa035a6de3c14d84401524,parada_nula
TU,2277c502bd6a56b60a9d05e4b9355371feb103cc4722db6954b704382fd32130,parada_nula
TU,ea102a63f9c7a68c8ae73af0a9f1d8a0ad0a65bf3975ba9b5f65080e87832ed7,parada_nula
TU,3337c4e038d55cbcdeedef1a8df30f8f050ebbb27a28133ef3e54e868f9fe43a,parada_nula
TU,7fb2e5b9693b9d9bea32c27ad0d4f34ce935fe37ff05e213e76e889a55274afa,parada_nula
TU,96286c119cd178a008352e7565110fda2ac8c3a54657ea15fa5afb43ee159e2f,parada_nula
TU,1fe22db3819fbfc63ddbc5907689bcb4b80a5f02f261db0b63c6c3eb4eda5827,parada_nula
TU,ef24e524e22bd62c739d611dd59070a48cbf5646feb8662ee10ae24fa3ba12ef,parada_nula
TU,868d89d3ed3175ec808493db226918d9f410e270fe790b28fdabb7681b02038e,parada_nula
TU,6657c355a33fb3741140761825f3fbad61b586dd94d7723e47d3f43f14c7b1cb,parada_nula
TU,a56b595a5d026c2c263a076afc688c00ed87a781690ff3f40ed8ace3b2c74e6a,parada_nula
TU,45a352d793b8b21b42b24f596c5b1e82eaa4190104cea3dc88dd57595411cbff,parada_nula
TU,1c5699a141a15d914f15fe8a4316708330fa3f69b7317cc4c4c5f0f7111c3fc3,parada_nula
TU,79da98abbefe3a0f776dd2b5755aa8b7a68d52bbb085b25a57468c77460095c1,parada_nula
TU,0c2574f8c11c558b727028f1d323ba642e828145e57d9bdc666259c3acbb1434,parada_nula
TU,74c51b5907eb82cf8e36ff45d00746b4a1bbed1a76c9ae002407491b6a09fea7,parada_nula
TU,29b7432d43e2ddc4bbb32be77f98824aa54a1fc45c63d7ff6a5871d3276df701,fecha_futura
TU,6c066b6ceba89a0864afdfc67aba026486dff4cbfe39ec9dd708247cb6df2be3,parada_nula
TU,e0208a7de0a6abe3f122bb37748de5920fc9da3422bae1736bc6df5712e8043d,parada_nula
TU,80169d9793d185cd63684f7a63524a197cef5486a175610c5c19be1e69a5573b,fecha_futura
TU,7782a65278af59a0b3c58f0b47fc2ebf6ff1ed7796e607a8bf5060c58bda3cc1,fecha_futura
TU,ca1a46939ceaf6704e0b3d83439236d80f77afaa755548248cee75fc352969f6,parada_nula
TU,5c0190d668ab6574516574694592e3b6e138ff5a60ab77111059f5d3f43ddd2c,parada_nula
TU,d82cc2dfd841f15365fc3c1b56a764286180598cc38f70c72780223d3069a0cc,parada_nula
TU,e25b4de9a776620eeef1e0bf5a1bbedf53de36af40c7b787cd250abf724a98b2,fecha_futura
TU,31903126512b3ae956545c99dd1c73b0fa142be824df5ecc81cf9a28b234631a,parada_nula
TU,926ca753a75ed4448267a0b1f38497ff0149fac05c572ef2d84dfd7e99647ec1,parada_nula
TU,25515789a7b4f27bc76412a0840e2b457cddaad72945e422913981c33aace313,parada_nula
TU,d1b967c6923a4553d452ebbb57ed398f5c75fea1a6951f0396859d6830187baa,parada_nula
TU,a2c64cd83d00b723d073d63fc18e87035904b4abd4bd5c2901534b8e4b605537,parada_nula
TU,a3b48098eecaaed23724deab4118cb50a7396b6c3d6d1bdcda5fbdb346341bdc,parada_nula
TU,e94124e46bc602eab05322af5f2f9a8088a8542614de1a88ac90a4af295d7cc6,parada_nula
TU,1b908da4ac5af65af670757e141dc6338327b1e9d4f6c3298ca4acd0e7b7d6e2,parada_nula
TU,eef359f0b535428258a38fb5ed8bf87d59d5c6a0ac3159ee2437ec8e287bcc73,parada_nula
TU,64cc88a2986cfe11775c86f9a0d3b104b995ab5ef7bb4f71c48ee0eee675341a,parada_nula
TU,d608d5a0f8bde8a5b62a1e925358c22caad055f55217f235dcde40becdf3a061,parada_nula
TU,70e4098eb81c09aaf803534ca54390b597932fa1c1fb0a649cf6919d2af0ee6a,parada_nula
TU,84cdd957bcc9f728974572a34c644fa0393bfba691e342bd334bb381dfc4ae53,parada_nula
TU,c2e58f41f4ff9809d9ea66d4182dfcebac929b727651feb563e2125e519dec2c,parada_nula
TU,f9ca1524feb809305d9fe34080404933d566747e34a5f944b6215a25377776b1,parada_nula
TU,f5e94a3fcf03257ec0a41eff53f47d824002f6066a61b2b776840390c2158f76,parada_nula
TU,452165035f4d55121b3d88678ca88ee059e6f0f9344476b1d476c550973356d2,parada_nula
TU,e0a86d4d35df033e4b47d1bd504780338035235756f0a4c745c8e10ad7d424dc,parada_nula
TU,983991af81df025396f4e63bbe5ef71ec4c3c529586a63b9740ee045acafff54,parada_nula
TU,62d7853da98f9c87732f2aaf80d5ae4961d9bee8371fdfddccdb0925f1bb1077,parada_nula
TU,1b7f8ec72eeeb2ad0474ffe32eb7ec32bec38536eaf8cc322ba08aa2126d4200,parada_nula
TU,1c7aaf6f8b08e6f654ef5e0a60956e7216e4bec4e1b8e021d36c55c536492229,parada_nula
TU,6206aa5fbe7793574c9f22b8bfc728035d45209d9a7ad336b222df06815a09f5,parada_nula
TU,c21627e9fd7a1bbac8639ef33d50f74b202f72204d00f53de8710829e767e1e7,parada_nula
TU,78ba6acfc1dec7caf589881d6cbec6f0c9332e17177f0283e36bc12156e1c073,parada_nula
TU,cd32b8552afe9df2a65cfbfefd6d4e3de26d0d5c9467e0d1f6c2fbd9d4cedbaf,parada_nula
TU,6b2afc6406bcf1fa20dcc35c7dd7c280b054e025ebe956f0fc7c156db7c63792,parada_nula
TU,f3caa845efd1ced5ac593ea4a3661d5d4ccd8b4c0b913b1361be62be5d9a0106,parada_nula
TU,2d7f4a28f79c42cf2ce4ee6ccd18947407db0d66a2d78c27ce80c2c77e44089c,parada_nula
TU,3a27abf2f755c92a3cea53f405f58612d38f1f0f1651feb8bb34c5663e007341,parada_nula
TU,ab5296dc439c7b9983361115fe3f7b4fae444679ae241bff5fa53d411913d9ba,parada_nula
TU,24c58c1975a9846bf9069859287ccc85a1741b9f27efd18bf9aeb2dd12929fe0,parada_nula
TU,52d7e1ffca1dcebdecb1d32744be3a47253d19382edcb78feae04afa893e9798,parada_nula
TU,697366796e366fd31ab3a73dd63ab1b4615d5986ba22075d7d870257fcea44ea,parada_nula
TU,9c0b2ba90f0c168b8767ad5890235e8e6500615629e9fd1ddb62d5d59987179b,fecha_futura
TU,307fc49add9e5cf93a51d13c5c611824f9184d9dba76b5f81e015197f79ed6c2,parada_nula
TU,09550b95b4299c3cb291a1845ef89f63aefbf5ef385f623d3bd94dcc9aac24ca,fecha_futura
TU,dd64c1a87c1898316ec39c49339c3d9404e858923c062c3d45f047a82b46642d,parada_nula
TU,6a532d471ff90008ad9e6ece1e7d3e082a1a1d7721e89a629e6e77e85198613c,parada_nula
TU,a9eb609ee4d35361fee4aa97348fc0284750b04a8489c06a313cf2e99b987ab7,parada_nula
TU,e1f4156fab9991c288dd466961953ccbdfd2e4f64484e5013c4aabeaf4c3669c,parada_nula
TU,60b8a0b2830d72bc1ec01ccc2d9b1bcbf763c4ae13babc93fc98ead09beef919,parada_nula
TU,a292c3c27c3ebeac1505f2c3dcab41481f1d31d765e790b84de4b5a10763968c,parada_nula
TU,989454cdaa5151baf01040aac4d8aab2d9c95518b0fec86539458e606e5b976a,parada_nula
TU,2fceb6d134feb014412b6a831e8bf6ae79d2aead0b262cdc23cb380fc1d10aa2,parada_nula
TU,f0a158a6c08c950abbb5aecc287e2c14c7632e02c75e0b1c58187131fc4d4c9d,parada_nula
TU,13e8bcee19bf10b820e8d1debabb0e26fd5b597ec1548fd40e4b9178986fda53,parada_nula
TU,060fb758eee7c7ad8eaa8005aff265e0368d13f9eb3ff0adddea58cff7149ea9,parada_nula
TU,a01cfd25eea9d57fab1a9de51bb09532cb7401b6816e3edddb56bfcbb7795e10,parada_nula
TU,b1e48722021078321acecae2c2d5e41f272147d5afbfb3d6819d2cad64784fb5,parada_nula
TU,e4ec9a966e57e4943f1c9abd48caf0f0f881eb1eccc91b7b0b0b319e037c74da,parada_nula
TU,cd4722f5630314ddc8df3df2cb2d179d0501dcea95301f5a8886e9ef5429411e,parada_nula
TU,32dc0131b20a8443adc7113f2e323a50ee2c884dd82569b66555a31e70d3ed0b,parada_nula
TU,fb267e71e569cea6de82c673372b5d59bb345935e30ca39af2d041928fd49ed8,parada_nula
TU,a79b0f04f1da2f4263d5314f7e24e78bed0a31ec09580e476bd75f5214e27cbd,fecha_futura
TU,025300c1d1b58f6f8a6396cdc7f6f4bd9a68752312e18a0add19dddfae9cd7c5,parada_nula
TU,1e8387388797104d06580e016c2fc9d808f0237ad54be14f9bbed63a5fcc95e1,parada_nula
TU,e236214bcbae0e6c1b366e9466a7364a034c21263368f069a8896e9d3dc94342,fecha_futura
TU,369172cb68813eb5827c99a9bc1c6b3f14ef2b261fc50f59e38c4344de5f6cbe,parada_nula
TU,ae226468dfab4825c8feef1a9916fd588b51e90bfbf1a85cf7156a585eb40ca4,parada_nula
TU,c184cb48e1cdd087f817dd8a4d308d10736b915737e5ee27caeaa230c1078449,fecha_futura
TU,25409b5e44387508398cd636105fd6a617c8f07492db4659d562753c79aa3baf,parada_nula
TU,64e21336067d7f502e73d995c0e1cb2d7887f583ef40b9bd74c3ada46e13a91e,parada_nula
TU,83c35042fe4c8bbc53f7011dfd404eeb4ae1af9c5c832d3f4768e9b53e04b198,parada_nula
TU,82b5a3ccc174e21db9228d100b52fca9fc37d5c3a6fdb45399f4b217433de429,parada_nula
TU,dfd14d71d8661e4eac099505a7fedf09d22fb3c5ee225f951688a3fb592119d0,parada_nula
TU,c65bef00634b925f650ef8721bfc35400058447b6359abf13afe180c1d47667b,parada_nula
TU,8b69c1e67ebe268d07047cdfcb63aaa250abc9bc17880c054de264fc75b1c932,parada_nula
TU,99f0d0e25cad5591732c21f975a39d52b2dfdd82fdbe60ea94974d47adbc3ad0,parada_nula
TU,3e2aa3ad4bcb0a0bce6e5608d570913c540197658a05a2cad62500358fea3c49,parada_nula
TU,94153e62c16fc596592db63cf86e38b8d774cb73160d4b22d1a535a3e670d604,parada_nula
TU,a978bcbc2ebd19e56abe521e38bfb0e8d877226a43c389f45ef20b7aa7254a07,parada_nula
TU,a590a90e98862c89488bee9a14e75da1c39252ab6f570de932294dbbe1a5b8af,parada_nula
TU,596139cc371f3304aa5d27858060807a142ac26afb0ecffc02ead68124dc2a98,parada_nula
TU,c9cf0981d5a70093bf88dbefd00fadaca3ee3c1e31d39266ee936a4e38556a05,parada_nula
TU,cb028e3c1a0e7b89ddfdabc3de9c37d1361ded17a3332f5c2f2bd2fe2c67ec79,parada_nula
TU,45550b13ff24e58903bf0d1e3163ed47bc8c3f92b72102854e9d381ca28ef9ac,fecha_futura
TU,b4943504e0744a6bcb92b8d5db4b7c24bfcd74eac2f2ec29d4e1a961d9f1be15,parada_nula
TU,c56c87aabea7f30e31987ecb9335128142b82cb6659ea310be7db1df929d7de6,parada_nula
TU,a0217c1270de31b828b1c7963727a1d239f7010d93c5b537afeaf882d478e8b7,parada_nula
TU,a9869eebc53b2c32e8d79d16e00d2db5fbe8d6b436c6004b9d75dd617422533d,parada_nula
TU,cfee46503db5c405e03b880306cf2876792f0cc7ce2e97cdf9429942891549cc,fecha_futura
TU,d8b07de1e20def9204c9fe45e862a56f0d3130a7d56317379b8d50bd5d3e5fe5,parada_nula
TU,30e43d4b3360a3f8f8996b404aee5f5b48dfa78f2e7d3e5db0b4ac32c80ab850,fecha_futura
TU,c05939a6abc47380c07ea84204f3cc5c7a20250dd392efa12c2ec77dd7ba8024,parada_nula
TU,c094783d1755fcc67406ec807e2ffbd4e15c45e3fbceac1f7a68ca6cccf1b636,parada_nula
TU,c5dea9b43e43138ce7d38232129a4f5bb8e9b9ba1870704f4260ae1a73372c77,fecha_futura
TU,27b7f1adbd166340e53a5c4361382a3840e819f1cdcfc173cfd51c7f8a36076b,parada_nula
TU,c92d3db625fae4d63fe7f5d9cb3fd7ac53946aca7a94aad54216b1ff8ce0b3bc,parada_nula
TU,003e22c88d387e0338ae0bff2974dab36d8159c6bd05441a52cfb77d3a0c5771,parada_nula
TU,d57d64c6af4f2b9103761ab41ac2f345f9d326742d9ed4cf1834b72e62b1ab08,parada_nula
TU,142db8ecadfde442a6390810a4b7329af654b2bfb34cf52a1040002c5d5f0e6b,parada_nula
TU,f0aee6d426e26cf549bcf3e6b395bad14fae420c1b03eb7a66f2a49edd13d1cf,parada_nula
TU,3fe4de2c5558f3f39b8826a388be115dbaa781a4b0662f0967f1fab69717558d,parada_nula
TU,258c8f10ec1f92e710413181fa20e17df7ff6f7b51d4bcbb44213c608db8763b,fecha_futura
TU,3bae608919e30cdfc5f5f22313c2a091828192c15f8c04745963e00cfe8e2bbe,parada_nula
TU,4f041672001138464e13e2b35f318f3c147870a223993e6a4b82e2a5accb40d6,parada_nula
TU,ac1f6b63dfcba814c47b517b03481678ed2c39f90e35155b6dadbd06f7d35b30,parada_nula
TU,3536d6c4f1cf842466bbec621fdb23b753cdad0a965be634dd9a610ed6865acc,parada_nula
TU,218cbe59a0bebc8f94aa7a8258062bc74473e5ff5c0aa1b6165e9bfb4fd1d14a,parada_nula
TU,f4f9e69fda07b3c8f3f0701dce3405a6bb7a959e0893e1dd12968d2a5ac3e4cb,parada_nula
TU,504b552e078f58be3c722daa860110944b152a5b885d2efd20a2b7379e865110,parada_nula
TU,bb0dc65a9bfbcbdc183fe9d9f5f7a45de0b4f0dde39f3872fd883c82c4a5780b,parada_nula
TU,d90df29281b4f2da12e258f490ce70bd42cb58249497d8834a7a555d990c2160,parada_nula
TU,a4bbb910cb1ae2de8f5d2bf837cc26f61f2dff483577c774323640f911082f56,parada_nula
TU,dcf497e0ff532109b252d43b63294623ae7571834d90c71de24407f9810aa8d5,fecha_futura
TU,bb182efdb2d996cbf5637f2e30447257e207ff1841d0807ae5d5b8d1cd89df07,parada_nula
TU,2762ca8c869df84ad36ee36ef4b1c5fdf32302041a4848733d4e876a487aa9bd,parada_nula
TU,7538163b216edff5d90edccf59d995db1f1ce198968d5d22ff6a28da053e5a7b,parada_nula
TU,4c2f33912f628e3e303ea69f51178cd28437240396b181b0202fe67adabbeaa4,parada_nula
TU,5ff1f32f1ce1c4f043b18abf7f2108fd738627ae376b8c03db552150756e4365,parada_nula
TU,7a12ed47c16c1fbc9d66cfdce3c561572e55f4fe87999e8d190644286d276072,parada_nula
TU,58522c5c1d74b1508efc816e2804106aad554e930c1fb22e86efc84e7fed8ba3,parada_nula
TU,6580c068d8bbe59958f676592be84de66179ebef4084004d4009d42d64c64b4b,parada_nula
TU,f431c758f0c427be7625786ab08f7a655a23c45e933874440869d9d3b599c06a,parada_nula
TU,ee0f6950fe1bdef66e95176e146c43f1ce0f0ef92e552c9f27d43c07a76093bd,parada_nula
TU,740a5dbbe6975836b16de0bc17ea6ad3a5d31ac23414c055e9d2636b938ef77e,parada_nula
TU,f9994dc6b822558e88022f9106feddc414df1affe51e09bd77f4a9e5f23d4ed7,parada_nula
TU,9f4a03f3e32dca49fd8519c480505a315902c0d32f5d300a0cd70f8980111c58,fecha_futura
TU,3c4886096f04da22523e1bf0ee932dbb5490e3c769aebb67e128ce6077333202,parada_nula
TU,033b23d48449ee2d734f539ff453f32e65a01b20376ce275414468e7c40983d4,parada_nula
TU,eda766098909922c28733703d5b9ea2a18d6286c2886be1072fe39ce79244560,parada_nula
TU,661de9f98c0c3ce290c95b6e1dfb8453bfb641538159cc35f34a4d2eddf5e096,parada_nula
TU,082a1fe4c91d6e0c4a57bb36339f29eb57f944d4c8eb6274548d67c522f8f2de,parada_nula
TU,a71430e882ec1545b427fbe16250eecfca02de4ecd1e2e39c93408ce216a2d20,parada_nula
TU,bafbf3b385872076d5e2b5c531255997e51e5ab6a2f175d4754d972add279952,parada_nula
TU,25bd88f6d4dc11f9e30d8c8c28038583b4617b16ae642ce1586f20ad58025cc2,parada_nula
TU,dcbbcae47d27b8983c51a95d084167a89b07aff9be2c3759a6ba16c355ef5bfa,parada_nula
TU,6169795427552634d8c388587b635835030a085fe82fb0705d1107e327d81135,parada_nula
TU,0c273c2b90bfd1d6ce38671cb81506284c5db7faaf8a142c67734095910737e9,fecha_futura
TU,20cd3e221b0047b72499b2031fc90e4788f295f500b0781fdf47e7461d893482,parada_nula
TU,f3cc8d1568f04d645c1fba4ad975ffbdc3da3ac0b062b039b78ad0fbf4a6480d,parada_nula
TU,5a677cb295b1fb7118ef747c602c2239ef67ff7e017316f6794dd8388ab6a97d,fecha_futura
TU,9d592aef56d2131624290721208f8149721c2d8300b3c1010f6ced56b3858435,fecha_futura
TU,56b5a182c3ae6c6ffec7009d8c97e7ace37d809c10f8fa4edd1c626ab3775857,parada_nula
TU,76a3d86242d0752fc7038b495c3cd78526bcf895e9a1612a9c3f5c8b345029bc,parada_nula
TU,bb65a5138591fa745a263299212bb81eece52dd819c3206548b9b18bde59c4d6,parada_nula
TU,5c023b923dede70c4d0cb5b932807131d7e6117e8a11256716329f666622f4a9,parada_nula
TU,354119265edb7696e32753f5d839f4fba23c2aad8bc121f2a5f91b1c992d68e3,fecha_futura
TU,d12dc4bcd331a96e32773fa75fd041833d88c74718f44d319a370587d134429b,parada_nula
TU,48af424bde0c52ee7100531ef3d5a1a48b8784d4914f5637adf2084a22678765,parada_nula
TU,4f171209ceed523716b640e5ed5a50f6c17a2af0d42b80fb3638d7abd1b427f2,parada_nula
TU,af780b0866a6422a01ff5867a26f9feb94db0e34224f6d2a870c878447132ad1,parada_nula
TU,65496175ebdfc135d453267241e9fe5edb6e46987a52d82aec6d9f2f01c3bcb3,parada_nula
TU,2e7ad85a503e66fa58636f2602a96447c947aa3012f326dd94dc9e38b48aca89,fecha_futura
TU,35b24307c42c258891662e2dac38f428f2844c552131a7813e76249f733f964e,parada_nula
TU,5414cc13e111adf7af4101edd4a2aa630ebf9458bb82792752cc0b4c61aadd03,fecha_futura
TU,07ecd472b8110400ea144b233b83c54fd1e07f2dfce82a64438bd5dd5ea0e410,parada_nula
TU,cb784b8cb70e46ac741ed0d40d008caf949331ead6a8f08d821ba4c72deb8a7e,parada_nula
TU,35244dd0c38b988b739f71fd76430dc2b663fdfea9960733c28b928cba407dde,parada_nula
TU,3b215687034d91f8abcc4d6720847c95062d58ed7bcf471c4400f64ff04d7115,parada_nula
TU,17f6be9169948dc330bf6df5dd0a61fb1977464dd09dc1f9d4d881878c546155,parada_nula
TU,ae78f805f45b84b86f9d5333d54023640b1c8afaf788d38c8a16dbb0fc55d7b2,parada_nula
TU,744074b978e27b04b40249eaafadaf6228e797c3235ba36d121cef6b2f2ae3da,parada_nula
TU,af7d8504f6ad4ac9f671e67c42db171c2ec643991bfc9143a1556f5975d8525c,parada_nula
TU,8f07b39f05727c24c55e7e562652c9c853b4731d1c74b209a0f21273149d2f2d,parada_nula
TU,2e0610e95413981ae35d48e0d1127330f153605b1a5aa8c554cd8954452327e2,parada_nula
TU,19a882fbb2fb31af32d9b59c8d50d16239bdaed3b5d07306c7882b546fdcc958,parada_nula
TU,5b42efee2a03cccdf296ef4ca9b798faddc697f6d9a6f20517d6638fe5dd8e7d,parada_nula
TU,aa6aae2303c09ed86a4d02534789dc8f3d407505704678176649c8ad50a89dcd,fecha_futura
TU,8103c42c9e84c0e9b7c694177b752c64e5afc28638a568af5311e61853b4cab0,parada_nula
TU,0067a7459e9fa4100637b95a33af822e8c8203319a521f08dcb708310db4044f,fecha_futura
TU,756f95601ebb68c9ec2de57c7f1488504cc299351cf24d3d5dd9b9fce007745d,fecha_futura
TU,7325ac074d70cccf0dbcfb88ea53caddbf412c1b7f3ca0f3a4cebe14b46b6492,parada_nula
TU,642fd21871b0a092bd7730c4712f24a9c449fa36926618599f58e9f8e2ff112c,parada_nula
TU,0f92b4600c31a4339d55a1e7760044e52c2aed7df6239c79eb63b5c6f24f292e,fecha_futura
TU,55aa67277f02328326eef373e139f9fc10e517668c11e4c4f79dcec7d2fc83e7,parada_nula
TU,ec6822fbc2a6372021cd6bbbb47060d1d4992c2775fe0d8bea4e3f49ba02ed2d,parada_nula
TU,438c208f96db9a25d03923f520f17ce5f7210e88d4ac586e4fb7af18a9343a1d,parada_nula
TU,68990effdd9971814f749f7d40df036df22467ff6899ffb7002444da399113f2,parada_nula
TU,0dbbb872dbfd313497ff75b9e6b2eebb267554c655c441c96aae0e4931ada621,parada_nula
TU,52f023d6e595148fafe9ab7e27bfc661fc7f7a6d840258c060d4d9703feba0b8,parada_nula
TU,e06939a72754bd7ea453eff3255c32c7e7f7ff484406a4f7dbc7db472a749ffe,fecha_futura
TU,a69a5ea185a5f44da6258a23b7bed994a66dfb425ece2a1d02c1955c441776e7,parada_nula
TU,d4b3657ed854f4b7673a972bf054d91893e82b00cde916cf340b09451bf36a69,parada_nula
TU,e5ad8191d80dcf5f2a485af9f573b2b550ceaf2361487b80767bee04355f635f,parada_nula
TU,9a66064d19a71ac15605b762bab2f17b5b2e7acc17ca7910a1df177e33838980,parada_nula
TU,e1823a8055d3e1551b4e78f0e5514a18b34adcfaf1aead9dc4126bae3da977af,parada_nula
TU,17c343f101f67e190eb0c1e02f287ac664e374f6f23b7a03e32c8addf03f051e,parada_nula
TU,f99734de42a4e2365e33e262d0fa37cb793534213c393ee1b28a24045cc5bf9c,fecha_futura
TU,046928ba9ea350cb1da7fba621878a7e1a4096e50980097c1f6bf765b1aa08f5,parada_nula
TU,3a7d210b37ec00c0d32a9be985cfd243a7478b86286bc2e16e4332ae6f01ecf7,parada_nula
TU,f30b8b5e9a70bec716197532de1d21b413041637d00bf219ec4b7359e846046f,parada_nula
TU,a9b8b63efe3a4c5d2cb84159e9c0edff8283197c3b805c5f383e666c5f6b5709,parada_nula
TU,2e7ecb2fa91fe11113fad08b134a8832acd131704e2c04579683b6fd5a0a6381,parada_nula
TU,c93aa723f35bd7329fe368d1d395a193574a57d4260283fb36d9ba090c517433,parada_nula
TU,91a54028342f069194130a8a6175814b97207db52051f0c5756f81f00d3433b2,parada_nula
TU,05999064e38901ad3b7ca3102039d5d80cbd11300afc9dc2da27cc1b32325cfd,parada_nula
TU,37f0897f866f5fa6101e04a99d6b2cfc1c22ee2b7134d61ca07ed26f4ded45bf,fecha_futura
TU,4d9912d71ef10c15fda9fb13222b02132502c42389f578835d570bb6fb746a31,parada_nula
TU,6eb9de294ca31115928547ef34812ee6324da7d2069f63b2434320f1f05d32e1,parada_nula
TU,4f81b8da3966a5aced71f028b6fed17f3bbcef7d90acec5aa8362b0ab640e61d,parada_nula
TU,a442bddac21b7c2c8209c26996ecd7f257141ce89c7e832ba29e9928de71c005,parada_nula
TU,22920a5bc7bc9eb9044538f3fbb926b75ef8ffe2d43e7d1eb60fdf427eafaeb5,parada_nula
TU,2cbe2d7ec885a645a7f544769786bbe2354b33546b866bae0b40d2c0ae3a0a16,parada_nula
TU,9aae8891b4653e0e1d027211408d3ed78ed6e822b95e2b57be2bf434aea17230,parada_nula
TU,49b758c5deb139212cd7127d9b010e03aad68bc04e9c219f6927b51957b48033,parada_nula
TU,ab6e2cbf0e53990c6dbb4e07b131eeba0d93ea2276dac3cd772f7cfd26b1e193,parada_nula
TU,bc003f075dfd4ab42942a37f8bc871454da30aacbe7c0893bc79952e753ff452,parada_nula
TU,e43859f3ca0a6259a162c9e58f5d5f1bf6dcfbdfc34fc5cd13cb54fe50c5ffe9,parada_nula
TU,52f942f09f66dcb293225d40ac5ccd5fce47d4c2783a56c5df052f7767a6a406,parada_nula
TU,661d45b8ca0c8c9caba0d4fcd3bafe0b758ab1b6ce7f3b371521f946200abf49,parada_nula
TU,b9a3e61eeb05b3511858f0b1f1926706f3ed29d30b9dd78409c81207ca25e0f9,fecha_futura
TU,7c7d33e3371fe7cecc561cb70e0ff72bc233f901e89dc888462e2e445b0d9268,fecha_futura
TU,9608dd6071298f68a872b1228121eecf23264c54b157ab145ea89dd949993e17,parada_nula
TU,ae33f154525689dcd8775c14855c81d2f296936cd95e00f037627470c4218ee2,parada_nula
TU,19e871f0e0f93405d952437a1f743554c5f36465b2d3f3bd12138c1433f40e47,parada_nula
TU,6541fe42e3cd49c7f3b01e507b967432ffb64e72098bd3eda6e65a61e4d59451,parada_nula
TU,c30d99c396ca09f7b6dd020a7f186c6d02cff525d26c8775312dfc8d88cd3ffd,parada_nula
TU,e8697ba5b56230fc38dab6200780db15c56bc32f972407cda93875054ec18527,parada_nula
TU,cd6ad75c1026e8303db224c2e3048fc67febceb7c194035357575828625646fb,parada_nula
TU,462fbcfc0efb772fcb518e8f4e6d0ce4babbae04dc8234eb73e8a3fbb10ac5f4,parada_nula
TU,af7e421db0b10eb40c52b9a1b288ef8157f6ed6f2e23c2d39bab1f4b2c235113,parada_nula
TU,946daf8a92497d689d5e3f782126bf7f691a3a65b89e66155e09d966f1ca665a,parada_nula
TU,a2fb1b4a4712ac3bc86ec49284b9c4ef23a614b74fcb731875d151a605a614f2,parada_nula
TU,53b9e9ad4c761012ba6ce1170db8576b6e864c8feef8cb4d647608c0dbbde3a0,parada_nula
TU,4e88610e6dcb39619865ed26ff9ce25934c3657de4aec4271514f7c04a86c47d,parada_nula
TU,4217246711f54ea809c8142fbba333913d26fa8c0169be571bcc910821e88cf3,parada_nula
TU,0403e4a81a199e58a8b7c7be6397928ff8765fe990deed84e63f83df2235c43e,parada_nula
TU,7996c074182998ec2e83e36511470311f422a1d94494d253b31f805dc4759b3f,parada_nula
TU,9281c5e791407e4b576de9d1f1b74b5f9cad91a9884a4c90d2648bec3f5d86e2,parada_nula
TU,5f293dbdbf391a751f83b5b767e36a48c120a8bd626bb315a6de9596ecf809dd,fecha_futura
TU,e2bea83bfa582c294c8d092fbe6850a147a6551ba5dbc22f61c30ffcf47f23ce,parada_nula
TU,9f84eb039c27941f3e3b0f0ceccdd8e2f97a549cca6af17fe13909c4c3a9e938,parada_nula
TU,38ce4fd41d33a7b323b81c7d4933447744e97cc0cf59ffc1ec498a7702b445d5,fecha_futura
TU,1a890685dfd4d0291a4e8cc1251edd222f326ed96a3dba9822138f560f572e44,parada_nula
TU,50e0e9bebdf591ae4c2292c0ff64a2cc01f9135ff39b213efb45d1c2da33d129,fecha_futura
TU,5a4009cdba2d4912cf9d93616f6db7c316a3255c177983994a6528e49ad0fb13,parada_nula
TU,4f2126b6677aece131d782e9c9d1042d35df0eeaa9c4d9542bdd8aefe4eea386,parada_nula
TU,f130d18c4957500bf2c49cc3ae2686de1e36647d18a9299fe55268c3a208808d,parada_nula
TU,8e86286cb74929d33c9ddf42da6cd253f845421eafbd51b276a92671bd432c72,parada_nula
TU,e9c49978373b360e9cb5c72c43d23a936b0fe284136e394a3eb0993713e7e1d6,parada_nula
TU,6786d4f889b3b7761e05b0244a08d4148c72cf3bdfe4a4bed3b5413ece8db54b,parada_nula
TU,68f922d1d5535ca40933c05f9253d453e97d7471e4393f04cbc99f1373de5a47,parada_nula
TU,d935ec0efb15874e303b0b102e074b1a7f18accfca331b5d8d9836786c114508,parada_nula
TU,1cb1a268f808fbf722cc1b499379b05798116db8f712e5b2a12a4439e9713c30,parada_nula
TU,458112b259776ba91b211fb460a882674ec037a803c897dd98440e80dd69ec60,parada_nula
TU,988ac698d2458c490a5c2f87a85406b978866803989d457b995094d94947cbc3,fecha_futura
TU,8434037d87bef871bdca4393416c824f32e7629dcbe9f08d1302484ce68ac2f7,fecha_futura
TU,5759b941e6f3cfb262600543d24dc0ced388934f359360de75a81b5639e3b511,parada_nula
TU,89443582bbdf3b665f96d0d21284ffea7f379688e4dbe81da7d44df8b314d4d7,parada_nula
TU,d9af21d4e5a2680bba7be38c928ccbd03426e8d9ec7b70517642526d2708b2a3,parada_nula
TU,233e47b4dfb8301a324e1f516cfa32daabcbc5fdc942fb37beff26f734c9ac70,parada_nula
TU,12d5503bd5e6ac515e02b830a14c6f9f08cd26a65b43ae9f5f14037942e390f1,parada_nula
TU,d11ec6a5b33e7fcd949c255142e1326bae815c887394ed3d5c4436152a965c4a,parada_nula
TU,6497a5cec874bf922210d95c95968b54862809fedbea03b513d1b1e5ed1ccbfb,parada_nula
TU,36909d5c979cbaf413a1f2834fd66ea49078594240466c18dddc0db6c61d77f8,parada_nula
TU,47d4191c8cd4a07a841a336a145bdf3780f71ff43eaf46e8b6585670887a5459,parada_nula
TU,f6dfe4da80ba96c72ddbeb744ee47344928f73da857f9110c585cbadbc00ebc1,parada_nula
TU,d10e9f2d867076fffe5828338345398715d2fe4ec24c877137784cf11d1d68a6,parada_nula
TU,08e0156329cb5ab980ff7a7b45a4e2ae758c57c52938a377308e273249e0b05f,fecha_futura
TU,ce3665791e8f6ac7e79ac0d8b7b2b12a7aba83836a1f172605db0199433d4c93,parada_nula
TU,43b3d728f84063e86fabb81ffadc6d155464fe627405f7bf8e0ec9beccf9b52e,parada_nula
TU,80a737fd06a355f093b220f673a21e536bad5bf6a30b4c209caf055509904823,parada_nula
TU,3ddc926deb867be6f72f0383d2f9d6b0f974c065355c0cc67968b0c96d66aa45,fecha_futura
TU,ad51de5f3c1c8f9e033390a1171428a0b5b1483cfbf76181c018c4a9b7f8fa69,parada_nula
TU,4b02a9227bee91a02b540da6b887e2887d6bfb15848b1ecfbb847431399b6638,parada_nula
TU,d749cda29415e90a03e455be1b085d189b0f8ee8ed20f73d78d56d48d5231c24,fecha_futura
TU,968fa7f7e2acab5ad8acd0391d007815ab09fba0ee4213a647bf43c866b5ca35,fecha_futura
TU,7b39c496dc3d5381a71d9ec3ceb0bf551ae0e53b44f9bfab46570b09e733c388,parada_nula
TU,fcb0503ed088f4b21b0a0564523e4f9d6c0e9440fd85b49f97bfff745abb1691,parada_nula
TU,e927d8211966519a45d40a1d5af692c13059e8e446515bfb4672ab0a30a3ac34,parada_nula
TU,6670d99599f7b142ed30f4a73215f1186a4304d0aa11707468fef01a7d62e965,parada_nula
TU,94e22993a18e904e79c3bfdace94113e59f68557c4aafa8e06da6494795bc191,parada_nula
TU,f3e0da47bf8c4aff43d9f31440eb508cd2f86dbc4ec6f28d0c040bb0dadb7059,parada_nula
TU,fdd8adfb011d8edce0ce251d9b2f078245c42b218e39e2b828b0c6d1c00bfae4,parada_nula
TU,901c2486654eb051e809632862bb30d29db87957250239c7589a72d29bf96198,parada_nula
TU,1b76425d433adbda5a1a2f46fd196ed2e0f32eb515dd5b00260960dd47a5e074,fecha_futura
TU,7d0fe68c233fe23fa261fa4e869d8549797db9b58b4b2aacfbe43963b8ed8c68,parada_nula
TU,fbccef538f16e97046485e60d8b4f4206e5fa24059fba3c7ba0f7be0aff8d43c,parada_nula
TU,f875426cb4580b636da21209c4955b7f8d84f6ff702d1a3067fd51127d23f95e,parada_nula
TU,7dbeee8f295ddf5f0b20cfeddd378ae1f8c7e938f14cdc29a8a5c3125a417708,fecha_futura
TU,15c35212932b74cef42ae8534dd5fca82d562d1b99251b325f800309a98aed78,fecha_futura
TU,2ed75dba6f9a99d0e29b5a8b646131d0e3f6221afd9a4a1b93b0fc3049646ed3,parada_nula
TU,c177dfb8a1a639b691d4f09a185f93f50cf59bf15238e7bc7effd919bb73674c,parada_nula
TU,8f3587c3f7a53321bed0bf7d23f5bb8f2e71594ebdd6f789f58afe730ef5fd53,parada_nula
TU,c9dae27da18559ff3789157eb3263246317ef259c547b39cc1650a0ea858864b,fecha_futura
TU,56d02f12eccdd9b333ffc03b7afb3d1c174990c8ebfc9f2d8d8735a159f5e616,parada_nula
TU,0fe87cec8467047ceff0eadf5ff821a9c81a53f082613536a0aaf08d2e1b3e56,parada_nula
TU,c49a3820ab61eb41ab11511b5d421d9e4ad14b71b449cb37bc88fe2d413e2b35,parada_nula
TU,2c30540ac59e95d660b14a2dc4276b3c74a7fa8fa754ef8669302264a65ccb1b,fecha_futura
TU,a95b47ba5e71e20725f0908994e2cb629a391462bd4c0ea89bd12d9793b686f3,parada_nula
TU,617345031fb6485d7d0965c69a03ea80001e78682a4160bdcb712b4876bc1df6,parada_nula
TU,d0a12b3fb1b1a2f8a610fcc6d8d112600b6ca2c1cb22f0e95d87b8f40eb391f8,parada_nula
TU,afb5c03c5845dc88332396e948221676b4a5cb73a24f07b769ccf9335619b901,parada_nula
TU,d1be5563d352c9ee7810be5a6a92e5c3ec50b2b192e0e6a21b80d560cdb0c5c0,parada_nula
TU,7ee40799391693e25bf5b5db18db5a816bdf5632d530e38b342cd76e0beac146,parada_nula
TU,376aebb0fb55a8686948dbfd607cdc682ba103b81bac24f502ca8dd754487d29,parada_nula
TU,156a27805c988940af4b5dd3fffe0bc7b1268ceb8fdee58dbe6f548fa7273d30,parada_nula
TU,1174ec2356b7c5aa9073c69e211c5d7688b4954610698efb3845e9ddd2fb4f12,parada_nula
TU,9993e1b588943db6851a955ffecd3f056757d5092c73e2cbc42a41039b413a59,parada_nula
TU,ac7c58d579f53ee7d880bfcd5a8addb5fa84b48c44183bd10b5238cf8d62d624,parada_nula
TU,bab96b597117b00cf6668ddba1c7f006b64fde207f89ee30bf4447461bdd712f,parada_nula
TU,4fcda07b620b671b38e92f9c7d6f9a39d133da446c883e191ef394d1be685c90,parada_nula
TU,f6dd7ff31acb455e7f7f07d62afa127da174bbe1dd6f1e4271316b379d488d33,parada_nula
TU,c1e9807c123c0de33969c1069a61b36b27667670ad92d4664bea9d168b056327,parada_nula
TU,5e963b7859b33cbaf7bd8899c76dd663867c6f3317f96eeea9ebe0887a96a233,parada_nula
TU,7f07918bca17600e0085244e66cf2449a23106ebe0d86eb02585293c314f9b5c,parada_nula
TU,fe57ae29d2c5f64a496d3b2e29b0c9782c6e8563e8c7b83489822d4962dee033,parada_nula
TU,3cc765fa0390416ff1f0364c88b287c79e2a79debe732485c8ea78b2f71cd3db,parada_nula
TU,494c60cf82ae7626d2edcd8395c6733c8e2c834c47f259482dc5d61976d8048d,parada_nula
TU,216dc80d0af8cf1eb4b73d9e1bc257be5c28f007ec934cb1331d21cc8acbbe45,parada_nula
TU,1ca4e76cc1475b4ff6696633c5571d8b880d1a918099060a1f7480de860a8e9d,fecha_futura
TU,6ceed7b8c38dc0bc94ae43777c5a1a6cc7217d694bf8a0987687576c2e04660a,parada_nula
TU,4270763c0810a5fab02ef4df95bebc6f72e8462dbdecc4d6b39f23ff334ccfd7,parada_nula
TU,fca59f2dab7bb0269984ed6a472bd86a2fe0061dee0ac87faabf698a0f668062,parada_nula
TU,2dbc1fdcdfe0186d2d64c1e7452e61e1eb2fae8398a2c5c0b62ff0b77d73e97d,parada_nula
TU,f2c93f19777958c8785dc43610192a0d2d14ae6f9b479e3ddd4b67fe77b1f8dc,parada_nula
TU,f5c69db1096b0a7d1ca662c07fd7c8355a3ff76bf1bb18de958b480520cc2c93,parada_nula
TU,7ad50984c0c17d8c0b23b6b2f09f60f015dbfc404e06425717e5432ae62a354e,fecha_futura
TU,b5f0e1b91c24214c6c381b5f56740d7d6e03df9b459b6a211145ce5ecdf563a3,parada_nula
TU,1c9cf673bc4f8a617fb5941d8ba2d79c8672ccddf725b73da937c133dd2c563f,parada_nula
TU,ae3d5788436141e7d384f1338b79e1eb6fac85356515680847b04710cfa48b3a,parada_nula
TU,733ce329af649f482568b0eac904aca5851b87175ac8a30acaa7e375c777ce53,parada_nula
TU,58c60846d6ebcedada7fcd94b6574d42271a65649e2f157c2cfab44a8f42db2d,parada_nula
TU,bdca82226edbe05ad0fe8d001b83368ea72a555f4ca2613b47d5a56378a7dfde,parada_nula
TU,9a9a0c836fcd151af6ea4cf1be573466de4705ca38607ca480b207fab5958a9d,parada_nula
TU,cbf081972c5733075db93a740850496d7a71f5f4571518178704297d19a9fd1d,parada_nula
TU,71470d5d657b111f5c984aac66de28a4d93bea18c2296114d797429837b832e3,parada_nula
TU,70a61dece5512d44b63fef1d486ca7c379321a48951bf7a408de0bc993d939e1,fecha_futura
TU,b79032dab2a7ea8fab3db9c4a2c2fd48db6895ab5bf63a2f6477a10b46e00e1d,parada_nula
TU,1aac7707b8957b7012174accceebf6b89e632a1be92737ebd6598cdaba405e0c,parada_nula
TU,3195c5cff9f8e801855aa9f8ca080dc3fe1b378bc76dbc499cc060d597c74b8e,parada_nula
TU,d4393aa94b81273777e40a271e8e8ea09a0faf50d292054d494f852722e6853e,parada_nula
TU,599bdb3a780d8148470566af1d1ab9d6077d93048cf9053747914ccef3097a8d,fecha_futura
TU,e72e3e7763ae20ce3853480e746c697ed3b789c18b7c8e843edeb3f2e947ed06,parada_nula
TU,68ae924e49df8c95af1563bdee4f727c35bbd1098fd39c5710bf0f51ea9d5576,fecha_futura
TU,1d71dd6024848bc22f68a2299a6a6eb2938194435c1a0f9425040b0c02e3d8a2,parada_nula
TU,d2b1276d4b6ea020b8c9a4c2fafc94931fd123dd9c0be0109943f0714d2e5c4f,parada_nula
TU,b98b2f847eed9f48951785ca0ebef2adcf0245ae5d5c7b1db9a62dda900a1572,parada_nula
TU,305dbca51b63973041fa3eb0fd1e1f77ffa950a022a4ff11a1c7c28e6fca8979,parada_nula
TU,999e346bc2ef61e0d0befd55baec422cfde9ef1676070658f6b509b615f73df7,parada_nula
TU,4dd6d891a086c0ae0f2b5676579c0b3bf0472da085db63808555f4327a69d10c,parada_nula
TU,77c694ecbfd8d1e83bbbea955b3a348a05ba6c67aed2aa9be0ad6477846e50d0,parada_nula
TU,ebce9b62195abbbb3c0cc47c9ef4e0e487ecb8fe5700f1adb9935a5c1afbfff9,parada_nula
TU,ac5589e02a89d48332fde248deb956fcac0c13ff58d4d89a12985fef83c84d1f,parada_nula
TU,f5665df365d1ad0ff5d155ad6602483e841f7281d6bbce813de03035d5a056fc,parada_nula
TU,cb6998d876264daee714bac8e227fa3ce99e38ab446c4f80ee1dcb031fb41e45,fecha_futura
TU,8a7d25cb098690056aebef8a9a544bf03bbfe6233e0a984d6f5399c0c48db8c5,parada_nula
TU,414206464258c3d778010df374fcbe6ecc959063dd1382f59feea4a3da9b96fd,parada_nula
TU,4d255561b22723ae0c32414bfc587fb9a78c3465abb49f9e07206568ff4a4d8b,parada_nula
TU,9131ec737b246ebd755004eb8eb3036f4128d722092b31bfe6d04a54b36d4850,fecha_futura
TU,424c13220b9230ceac102401a2fe7c417730989bc252ca750b42b44182eb448e,parada_nula
TU,2f886330632fed875034fe92bbb211df5c38105f50bb5707eac930291200b9a7,parada_nula
TU,85021639a59bce04cb3b0eef4c27eb908814f21d1bb102dd128118f8752c0c14,parada_nula
TU,95ca445b0a1e143bd2da1b2a281ebab46bb4261fa128dbc13404dfd18f1090ba,parada_nula
TU,0e1f03a42552900513197def880697c9dc42403fc3fd38dc8d3e611110194db5,parada_nula
TU,81e4b008365c38818450b917326dbf899bae4071d3ddb0504ff51de1dfd1b564,parada_nula
TU,4abd7d0e004be404e0197b91dacee0911fd8ece1f5b10b9aba003643c8b8a6be,parada_nula
TU,c7459da5f0dd4370e1a18c032672f42a4d5d69d05c3daebaa73a4474a461d632,parada_nula
TU,ac6b2fc7ac85c23004855a3f7e6dbb5bc040ecbb86f8691d632adbc7ad689903,parada_nula
TU,64d7d249eff2f9913dcd18cb6c8c3ae8b464bd6593d167b400df27ceac64333e,parada_nula
TU,65d1fc36499c153ca3209c9cc0f2a9e0c0d2750dec2e5d35d4e83ad08616f8b9,parada_nula
TU,7a7929826ee4ed398b3cf74284c6f014c309ce273eec6d3b62aeed431979a65e,parada_nula
TU,8327521a21369557aad28f47c64123ea65e8036bcd9a913c29f9881eed20e89a,parada_nula
TU,6f4a60e811af2bb228b14f082914823cb1c4f72880205da526648e5444c11732,parada_nula
TU,2badc3aff6f6b999c76570d3eebe259f38ad468a409eb121279b85cd546bf1c1,parada_nula
TU,abf19a18d0ba4262eea8735bb38b26fc0b1c48b9b2b456f480bb3542f1272602,parada_nula
TU,ecbb5127f6762d733958b4c8df63b72152c07a4512eb5c523ad535a40b893fe4,parada_nula
TU,bf3ebb2afd6effedcd7ac7dad61716010e6449d1cfca1adc7bfd6d3290b676cc,parada_nula
TU,94a6ccca8baab9c7d3779f97156f2958db1411118866f5e73be17a90e0bb9d60,parada_nula
TU,b8f97ebaf4a82b5305d3d1130d68f290cf3b88f26d6b58d29be684cf21ace653,parada_nula
TU,f70bcee2e45a5ce3ace98714d81ddf186b9e8164360668c60896d8beae6573dc,fecha_futura
TU,3922389a031f4300162f065fe2617e05f88211d8cae7839129518379566fb35b,parada_nula
TU,a1dc8ad01562429f67dc8d83c20832ada45f38b05f44327e7a723da8998ceb3d,parada_nula
TU,645630e5415acc80215dd68066ef8e2bfa64ca755d749eebabb36a991b439970,parada_nula
TU,0208f3e253a463195accc952a64204629a90cdca6c7d5dca5a7fbef7af042194,parada_nula
TU,fd881d2b76cacd0be02a7e934d82de4c633cc50c7ab2c28dbfb9a53ca07c1be9,parada_nula
TU,feb7be0e87a2f7f7a2b7690c54d9bdc73683157690cd98fa0de3b3d4a703b3e5,parada_nula
TU,bb44df079269cf0f76c3ed36a3c7d7a61f1265f77fab2f4ad8fc929bd63ad254,parada_nula
TU,596a1e7e5bf870e7f314ec8fb62ed415aac779ff239b22037813481598dfc5a9,parada_nula
TU,3e9acbf96301f11d145dfea20433e75563a7f8ff2366f01ab617d39cad0bb0b6,fecha_futura
TU,1e505ab4dedbcd540d3d0cb061c55652cfdfe6c421ec55fa894d6d5fe0f9fec9,fecha_futura
TU,25d9e9a266564fe08d534f9f69e531211128b705c72f600eb2db41c74434f6dc,parada_nula
TU,14ef206eb27beba080abd88e470ee05170248ae07fa598696756aac938f4c7c9,parada_nula
TU,9a2a0e847979ab9d920b0836ae2c2916500a6e7d44bbbee708ae2e92a47b7a3c,parada_nula
TU,8e70817eff2f4c7877f9d113734570e75143fdffae33eebc37c941f7b97c56fd,parada_nula
TU,0fccc406f03a4990008d0115742568c2491a583fe0aaf6294b8ed5d1fe7451cb,parada_nula
TU,59a59419096adb6fea88003727c799e6b96089e5e6201498fe9c82731e28056d,parada_nula
TU,df4ddf443d885da2bb8af7efd26b31da8ea747ab4c02fe1e4274da06fc180392,parada_nula
TU,8aa8d4213e406d99c80b4a3e8c35d1bfdf71cd376fdd384abb75cf63721f0fa7,parada_nula
TU,4e640f0cb0313a50a47f151c7b2e88ec3ba6d3942de67439ae1fdfc13526fb2d,parada_nula
TU,0e1a55ab305af973ee4af657f18aa9e4158303c976ceb2ab10ba502b0ad96bff,parada_nula
TU,5e09d7fd9b63644fcab26f49763dedcf0b18335f2a42dccb3e91c13b88343f69,parada_nula
TU,3c0f46612d39027eec7ab42b88ee7f458154dd40644c6ca351443f87d620ef0e,parada_nula
TU,474fe9048995e65a969e342902115e1b6daf82768f924fafc70863b9b80ec0c1,fecha_futura
TU,8df429ac3d83f81c29f733adda77acca93a539e835250e44d2ddc70f04e099d0,parada_nula
TU,a72b50e76b09b1dc3fdb12b032ab28e03d7351fad0445e08c59f379fc7414e99,parada_nula
TU,ac36a79ce1ac2d47ff22ff963e81b8219eb4fa51abcbf6a26b7e79f372dd39e9,parada_nula
TU,f9b6d466eb2e477ed5b3a13539960d22db8ae1275805cdd7c2bd0c9fdcc37c42,parada_nula
TU,afaf2303bba91813da3a045643567148e6b28f370c3e3700585ad3fd0dd6d56e,parada_nula
TU,839aea68d39250b84093dc8fe8a624f7a19e744aaf0010a6985bd50ba9805929,parada_nula
TU,2055a836c45f641987b8fa351c666b49820698a9a8c5ba80e09178d94bd464e1,parada_nula
TU,e14ceb9a53214397ed5f469fc7f00f627c6db79aabca0abbcca1f153ac452a12,parada_nula
TU,93a26b1ae2ba94a09125e8f4fae1db3c22b3b91ec1abbc1ff9f707a95deeaf0e,parada_nula
TU,c910aa1c39c769c7b26e950162462752d872709c9c45772cdf20819b8b34a5a9,parada_nula
TU,26c4ecd04e75f7d1356e056dad3743d619a036f803a4b4063eef739724359c09,parada_nula
TU,58786619b2492f1df1ab46b059b0139d3c56791052255ff098cec06224f0ed62,parada_nula
TU,b59863785df5564354ad96b3ae0e395de059b2a6c5d52ada8114950acc2b708a,parada_nula
TU,3c311d3464482a8a7d4bd22959f631716380f5a87cbe721fd8f776a806736194,fecha_futura
TU,2175923350e6412657393e94b967b2024354aa954c759f783be24d1d34e04645,parada_nula
TU,97a2869943deb9d8df82187cbafbe772d89b85914525349a873c68ba51564b15,parada_nula
TU,c859c8816a768f011b48009e19991666cdf5a18fed758e477244b41e2fa685a8,parada_nula
TU,48198d91de8337d4c063a91584c06f5e0bfba765daf4ac57cc2892df4400c5c7,parada_nula
TU,615c2eab510ea4f3b50e31aa4466cf85b0b11b911e4a2c947a65e3de62bdd216,fecha_futura
TU,c1afa2c196ddd479483bb93b56ee7a24c39939b771fab6a6d376cb854202ad62,parada_nula
TU,e15a4b9bcba791659ba5b79e4468f48fc740211712601b47f6d7440f87dbdb4d,parada_nula
TU,795926062b67cddc4a399b33af59e6d4844137f7760ca46dee1da2e41b0ef6c5,parada_nula
TU,1ffb00037413a0a9b43ddf100b9b87f692aad9a0e0dc69da76dca2bb1e8790e1,parada_nula
TU,ed4b51dec8dfa7662c44797d1b68be35160a5249ec8b748dc0e89919aa00f6ab,parada_nula
TU,8961f1609297e6f6f3821b5c696f54ed4212365f5f5fb37f38ab19bcbf258ec3,parada_nula
TU,9ba61d23ceae94b07d32a8e049b9b865401357305a254a2b9a9bd694edf41830,fecha_futura
TU,2d189c1fc2e724b4d90daadb1eb46f91ffe622d71a68164522642b43c5073eb3,parada_nula
TU,55bf88f7a79be17eed17943255b39d8e727960791a2c4e0fe2b3f9b62efa3af9,parada_nula
TU,382920c9cfb6570d8dd816f1c7cd87f17b65435383fbf3b4d01bfaef5ea98b49,parada_nula
TU,94958de463b879e6fe35d0d6b6afa7104eba7dee23d53a8f7befa45845e880cd,parada_nula
TU,5f533f157bcd356fdb27890cfb37b797954c55440ef324255eba739a5bda6a23,parada_nula
TU,0b4f11b9411dbc810c2a36353c95d4f2f6bdb94a4386f0606659bc1ce8cc55f8,fecha_futura
TU,dcb39779a91169415fc39b3192c519cab77f11579d1ea87632de44368628a56c,parada_nula
TU,18ea07488cf94c450747d92f25e0851c793ef6667217fafc599bc9810333b9c4,parada_nula
TU,7dc630f49af01f390d432b324af57dd16db91eca1b8bba63593bae8f80ea2d43,parada_nula
TU,7bf9b5b161aa3e86073ad7d514c02d9113d89e43a585d99d72e88e898076edac,parada_nula
TU,f82bf4cf9471a4c5ca952fa9fa005a6cac5a25c790ecaa60ccbf092f95886a77,parada_nula
TU,6f8aa9d8872155f02455436466b58092d5c860da96a1f9d030137b1a577dc3ce,fecha_futura
TU,22cf2d965c8ee46aac78af38dd623a19be4dd90184b76cedbd5fa48b26631320,parada_nula
TU,c048d06298420ce8c2e54148b896284e2a2b306209850856ee3d8e3a2dcd03b7,fecha_futura
TU,d4dcfe6966705a17ff613134100664ab5a1478da7d79955dc08739132b93da2c,parada_nula
TU,48122e186141f933d233d59a3b1a5e8d2ef5731b33edf9d2f094a2b9c8244e6a,parada_nula
TU,2f5f10b85deac70aeaa3ef7cf0af1e9a88af1da2fff93a4c1e5e06addbd95057,parada_nula
TU,e2a73b35029845ddc2b5dbdc55022134341dc0fe8d30a769cef69bdcd874e788,parada_nula
TU,06f20df93942b4a2c466a4ba7a871d2d18a2d20edc570796142f7ed2c9b4979e,parada_nula
TU,8e44c5cb17decc0589472e797bb5a08a096ee6227948f3864b16862439ca92c3,parada_nula
TU,ccc145fd3dc2ab422ea967ed7a2adbdcae84a7892fecc837126ffbf709228217,parada_nula
TU,1a6ccecf56718bbd353bbfcb10b43171a28e8f9bb4b38da19a6e0555c5192b76,parada_nula
TU,1f50a57eea4e0ca7b27a6fa9b19c2e4af0e7c151d51b89ecd423c22728e9c960,fecha_futura
TU,b614e1644043705592458dc7343291c99c2379169c5e80490cd225db7919aa24,parada_nula
TU,cf028a3a8871a926a588400cb75ebd5036f89c0d5149b4f0cead423145be33a3,parada_nula
TU,18dd8349c61294e263bd572a39abad2aefa0578b6a5aea97b7e551bcb5898112,fecha_futura
TU,425bbacf2954ba959189c173fb6c170a292a660119cbd8af9051bee1aa52c5e0,parada_nula
TU,cc4f2196d00a549fcd6a8a2b83755b93c979c15c53093a1a23453425b2309eb7,parada_nula
TU,921197473ccc4de583a530d91f3ae2a430eab58c414b16b47382c1e40c517464,fecha_futura
TU,cb1efa640e11ac62019abf1c74cf272568703a435c2bc7a9db1fb7db2cb64b5e,parada_nula
TU,6aa7e5ed0e3d6de7fd195e57dc8f475d18af6306754ee70d9c0ef8326faa7a69,parada_nula
TU,0d5d3b9e59796d77e918a999af3a98acc0a2859f704b5df69525cb004fcd91a3,parada_nula
TU,bb7e1fca0dcdecedd093f9d626d9ad51a805ce11dcae0cb03e192d4d455ef554,parada_nula
TU,073a4159ba024b4c38399bfd923a39196bb8a980af6bd52c89d21a0e73f5c6bf,fecha_futura
TU,55fabb93dcd3e542ca752fcf53e4989763992e91f7ff85ccd139203dd3960881,parada_nula
TU,47576ce111c1b69cf12536a89b55d48e4d5baff9596d139c7d3e6d32ed838c19,parada_nula
TU,c2f66312085736f83f1c50cb32f9f113f69db567248c846f6f412ab96e535cca,fecha_futura
TU,9048103e09b2f7c73e7b86b7b7a9e20b2e7a5553b0909113dacff4d3c4581c78,parada_nula
TU,3423ff90e264ba1558af2c09b4cc6f58ced3c158feb70a15496bd1e82c050022,parada_nula
TU,7a30fd3522e1e17d31fa7826ce4388378b834b0f2c15735804eb2cab442ec868,fecha_futura
TU,9b58d9a7596fc038b684ca3b3bb35fa62a5e1974ad0bb10f1aff68ff3a5ce28f,fecha_futura
TU,72e9a54c893b9203b356f993e8e91f944efecbbdf33c3ec9fe69ac05863fb657,parada_nula
TU,eaf0bff508cb7663b5bbe1af58bb6e6da4d41008a3a44cf71f84264c277a6f54,parada_nula
TU,7b804a0b66968c1762c4752b5b25c9fb0998a4451599f244a0ded1e735e5836d,parada_nula
TU,3bb1bf04e64c19f4e8e29254d9bd438de16d5761e592d0ea67dca8e6909a69b9,parada_nula
TU,8f43180cc49ba1bfd99a0b4052500bd0bcc83299d30e72231d538eb92f76b6e6,fecha_futura
TU,f8e8a01bcd204e655b6bfa600eaa7b34bd338dd3bd8d593f90755dedf055f7b9,parada_nula
TU,42f57a6a9ecf5f4129b53dcf45528c6189fd467dbccf92f637b321cae1a46840,parada_nula
TU,00f6e1d1a6a1a2b4926b1e6a6ba2a3e8ac54365e496dc2b11b8f10322d74434d,parada_nula
TU,1a4016a7d7f2696e8837dbc7918fae86eaa4c8eae4f9a5b7a3f50307e0e15401,fecha_futura
TU,dd585dfb0bf1d92c5aacec61bb59463cb13f1e8957e8acdeadc4c3832a9a5f62,parada_nula
TU,4ec8396f688dffc9804d2dd6720fa9d3c49c4b8071a9b48f08968ed7c1754925,fecha_futura
TU,fcce4df734c0fb50195549db706119e1d6cb9eec643f62d1ec923169744c8355,parada_nula
TU,bc4aa430724f74ae3575c2aab63beb3a16d959716c7b9f0572e5d9debbd2b4c9,parada_nula
TU,8f2d1a8d5c89b14990b6e75fab20db52420c7de6d4aec4818928e4a84958931e,fecha_futura
TU,a6b07f9c8e8dad3212f24c77e4550de6b5c3f5f38cb51288fbf127ee3be8c651,fecha_futura
TU,bce97966c5d7950e182892315f7584ab2c8a9f6115750fed026380c77a7cc723,parada_nula
TU,6305f526421753f5f545203e1b91ac287803a93a0e9ea149d21b999ca8c8fb45,parada_nula
TU,9cd683f6e997003415db1db78109cfef8301fb9cc221079b2a468060c19af36f,parada_nula
TU,af02c057738e1cad0b23009e624e407de95c839e5bc9242a2adda627ecc00e2f,parada_nula
TU,eaa9e9a24e0ebb4fbb50b83c2d572a35659f0b617579a9caeec82f06c95cf697,fecha_futura
TU,18a4d214f5dbc073883d9ddc42544ab9f9c8e5bd6c9bd2f444cc3c970a923bb4,parada_nula
TU,cafa131a75a343c19f1542a61a1048bce308363627fd3c575b286e470c839c53,parada_nula
TU,ab90a994be058a74ff42b8a3f164293a3202e0777dbd98e74b4e39507c3d55ad,parada_nula
TU,5d187d53422704639faaf0eb151c6447e2839d8ae488e5d302c6f2f34f72d4a2,parada_nula
TU,f380f07568e59e2386877f6205477730137067f0f127e1813cc5139edc1bbf46,parada_nula
TU,85ae9c1f896c4c777fe789c7428c2bab8caec97dbf8ba912f6f03570293603c8,parada_nula
TU,3e0d1302356a68809918f3443072ac16a634551bcad9cd6bac9f6935f48f80b3,fecha_futura
TU,ab7529dd5f428cfc7fa0bb58cce57e3fbc446a9325ff32aebf9bc1c1e946ee5e,parada_nula
TU,47c8f98c6f7464ce7791eb6aa573db13e66aa20680c269c8bca4ede45727ebb4,parada_nula
TU,85ee21f4a83cfd7a1c6cbfb975fcb81c6887b04d5bdde218af5eab2030e0ff24,parada_nula
TU,5f9695afbb6111b048aad01968646230bcde918cc7d891afdb8a9af61885b4f4,parada_nula
TU,6a9a1c689fccba4c275a1909aea2ff940a758515438718a9e700d037a368120e,parada_nula
TU,9f162528a1d119af65c56a85a0e400523ba6ac9b4af9a88ec2d399cfb6d41b19,parada_nula
TU,42d2269de449463d35a16da8ec2306b8ecc55bb946e6e7c9f7451595e4263d80,parada_nula
TU,29b09db7ace24616523c2fb296997ba44e2f279019b1339ffe62722ca99e242e,parada_nula
TU,47c876b5255308432e1d5cc457271ec5a630bb997f59589bc7548637af4ad9f4,parada_nula
TU,e52df24049283a349d379ca7f2da204bb1cb2964bd1e088f61b93aecd7420a30,parada_nula
TU,97c49894ec8051b7481dd114557c9995e3887ba7dbddebe61a7bc87b2a04db52,fecha_futura
TU,673b48b26e8b6e6fc6b220fd60f1b3f01bdc9e307478e706363cfbf16142ec8c,parada_nula
TU,0f05f9e5cfb5d32fe9ff2c648eea8e35501f81ed1af639cf5dcb680cb4e7ca9f,parada_nula
TU,0308d663de8e19034e0428a9de0c9678e3baa298c3f577ab40b49f7ab13a9acb,parada_nula
TU,70e3cf5b1e0267867e3b2254f874fd03dcd3e9ac847e0d5caece09116af58726,parada_nula
TU,e3ae98cb86d797c3f3065aa5039b8a7a5b95b57154863229bdb29e8cbdf5b194,parada_nula
TU,b40a0ae5ae480df82c8720f51f7c403c65a44565939c153bd88fc1e9aa67d773,parada_nula
TU,278a5cf85166843d65c741f8c1db66715107bc733b41e3833ef0317f9b5d93cd,parada_nula
TU,0a90b6836c4a6473b1f3be1a7d5a402fc4e96bd42c8d59beed62cd92a7f35a0e,parada_nula
TU,1713eeb2cf5f1d3d10bb98518baf88995372bfe2c05132614c979a9506778cb2,parada_nula
TU,651ef3193c0e039295f5abba45d7ffeb8a434a885f8ecbf0a6649f8c8502b7c8,parada_nula
TU,7b875f57e08d861bb876aceddb36a55cdeca25d5227283bc9bfc79932981a7d5,parada_nula
TU,063f009da27571a4701d7f86de1ce26399b607541943ba4b80adc98ec5402f07,parada_nula
TU,78df94c95457844eed74881f856f9ce28b8ae8ebb07e62b215588826aa0f2351,parada_nula
TU,0ceb366c8936f29eeaf076669a4f18e8fa27308ed71052884cb1008773cd136d,parada_nula
TU,2b5cc52c992746e79101b766a1de9a7f05df6c5938278b2a17d432b0fada31f8,parada_nula
TU,62d5aab19b3b00fe5ab0ca4387683d14d095625d9b2314de9fce7f81450b1e6d,parada_nula
TU,fac70f35967bf789b2d7885b78d88605d47b8b53addc18f202a3debe3a5def30,parada_nula
TU,83a2a7b40e1cd5cb10f7376ef32f92e19cdf3e84a996f2017842b636bc66c180,parada_nula
TU,971b73578ce1d4914097390f0f766b3a23e498a61c737c4eecf6223e7144a2dc,fecha_futura
TU,28bf6d39e71ea433f70586f2d8932355f2f6accf21ae0ba4e8508893c868118e,parada_nula
TU,4614fdae547868482b634f6e023ab94ce22f15467117a90e19803c07ed037f69,parada_nula
TU,e6f8f2f60dcce8559401986b424d8f929ec2c1b10bd82c889b9d5977ef2c8dc0,parada_nula
TU,010d138224a1d727f07b9e1a2ec1b999aa3b319356f22a3c8ab5ec59a3455326,fecha_futura
TU,c2a62be236987a98d4d619d2f20c5d7626ae4ae3911930bf42c2f71b3923a27a,fecha_futura
TU,00181968d6239ee30e38c452782a7aef068d566d0025a1579d986eefc2e246ea,fecha_futura
TU,eedf85c1eaa0cb823e7da534bb9de444a33c61ac9d3d29a9b09e856e73238369,parada_nula
TU,cafa4e3e922d8416552c715d529753a362f5d0e4e1b706eadbce841658a72659,parada_nula
TU,a441269fe6d462dfde40101eb2c127ea2a897489a82cb2cb8220fd38a7f07db2,parada_nula
TU,9e7083ac362353f2c23cab0e5d30a6073dbfc22bcbd64c7a1cade8b143c7eeb8,fecha_futura
TU,9a92525b6aae04edd986bae407e231bd473f7eec87b9e9e0157817685f14ef54,parada_nula
TU,5f18998d2b3cc16a4e5edf32e53f5dc3048ea683bb16c833d8eb973b60d95be9,parada_nula
TU,4ed5af970e848413341fcec67d0c2de4abcef3833a959464d7771f3d38abebbe,fecha_futura
TU,9ddbda0c87c17fe3ae68846e3011680585d99e4f7c87783cd26bd0022897f3cf,parada_nula
TU,c7bdea7d9d90cbc26f910cd5953d608aa37ee3d396b8634cc2babd9b8bdeb007,fecha_futura
TU,91519e3deadf5b9ba55d2b85c39125ad0f33a2db1e7d1d0d2c5522954a2025d7,fecha_futura
TU,5a97de01e4b9ee1637f2286f8cbf7da44be5e7dbf2854b59bf40dff6a4303bdc,parada_nula
TU,8737812ca45437e185b3ea472ff4e40c2e3258ceb5480fc8e739d5d470d27b27,parada_nula
TU,702998c634d76d11f5031f193fb1b84006c5f00acb69b5b91fe04f08fe26fd30,fecha_futura
TU,7a9860d9859f35197cab737f66ee97a338d232a24d4a36349436d1f5e6c6a94d,parada_nula
TU,0b2ac00186bc4b72ac1447990c134ebfa3d8322182b4a2faab2505666640d6cb,fecha_futura
TU,a4d832176cffe2be343c90596ff5aeb890e97480c95a1afb10db203ece39192a,parada_nula
TU,2d496dfbae4b524ab9c719abf08b69d0da986fc314bb9b903507789d90e2c826,parada_nula
TU,de211f2f04e44f6ac9bc6fbd8110a7cb6fa482686df219a4d8e9d6f96eea1dbf,parada_nula
TU,2a92cb53d8ca6079a536124f5a5ed7c9be933c6eeacd44c7b7df06b07c01531a,parada_nula
TU,e23ff1be1f67648408994a24e9d764924c92820c10776640625a73a28e63739d,parada_nula
TU,6d860686b573dab7321c0e8bdf03492876974abc6dcae57a5db3be4285ed8fc1,parada_nula
TU,1faf990cdda5b789d0319ca53c75332142b8b71bc8c0fa4a9f57d7d2988c6ad3,fecha_futura
TU,b0cbab783d26834ddaee7477fbaedc04c9e2530cd8c4b5767a04d5358a6367be,parada_nula
TU,d7fe044967848bfe3a03a9f2121aeebbbfa717ecdf1fbc564fb4b2bf6ed0d764,parada_nula
TU,bee9c911b24ce267e8b2e0afc1efe35a25d68ef4c87edd215d3c9cfb23d85c02,parada_nula
TU,fede89b63af47a2f6a3c3acd3e47b3e80a6af46b93d562cc28d08d26e55cf8aa,parada_nula
TU,1fccd4eaabadc1cf64751fd59928eb93368aee787980a5e9f0de7a2661f20c28,parada_nula
TU,618788721284e7f1ab1028fb2ffad90fbdcffd2c4f265a6e92f09d505fffdf32,fecha_futura
TU,9cfb485dbf55a35ecbf065a22cb97197d1ff1a303ba30d510ef3894033fd7c5f,parada_nula
TU,28247e656c4eead9fcf73693b125028e8dc660738a65af94140c94fde8d91c2d,parada_nula
TU,99139e3b73e87e28496eb169aead3260274117287949effb8621c1eca47d88eb,parada_nula
TU,90c96942a9819cd908894da7bcde7f64bc06babddc841df79875e2983a4a993e,parada_nula
TU,4628ce722761b2036279f740a1ea3aedcfa9885f5a5fd0b67c5ae509fa85b98e,parada_nula
TU,973579713a0ca816dadd1564a5c9b89ca0f2df4859954c3250cd01415750a639,parada_nula
TU,a9f7a62f11636bd54a8bc11a0379a2a6009263a2bb4599451760e3d5216fcf07,parada_nula
TU,206726fb4bdadd620332303592b0ea5131ba1504e6d1448492e87a94123d0d5e,parada_nula
TU,b15c0de2c3fcdd99849a3da87820ff46f64b7171b171cc1c28e8b4279b17b44d,parada_nula
TU,9a61819f9fa122df0cd8f0cfd40d425755c3a29ed189f426afb773495c23309e,parada_nula
TU,aa9ca4a464b83119323e5f945a0d079f5807e23ed7aea809304e6a7578f7f334,parada_nula
TU,8c864493d58167d3e677c586db07fbd8fd0a2fc772a3e95532b0a64865f7f41d,parada_nula
TU,bc87d4e76ba8f6e51d4d395e09fd232a258606cbdfbc10f2c90d1fdfabce315f,parada_nula
TU,e938ac114a35cfcfa607c918947326a07a40c27e3f04266535650f99644ea19f,fecha_futura
TU,1f7d8001ed60441ad454fbb8eb891d51efd984d39e3499de7abd5f427c8feefb,parada_nula
TU,bc5e8d8c567e8210c9861c51a65d7534cf73ef43f35ba70bd296f7c3e0aba754,parada_nula
TU,f779bcea7bee4be14586f2d5bfa5249c0f4b997ce69dc17ffee15227fbe968a3,fecha_futura
TU,fdb52498bd8718f11c3d97fed789dab797de7c261d5045cecf39a171fbc5ebcc,parada_nula
TU,6a1b447bee521742a15eee9d59bb62d8fc26f574f95bd0a6f7fde2ef2ce1c6f5,parada_nula
TU,8dda93691760f46c6a323f0b0220da3d83179a2266d55ffeeee136302f7e28e6,parada_nula
TU,52bc48ced9f662da2052f15bbd2053f0865eb1f590d936d92d0f7f315538299a,parada_nula
TU,6ba23c8f6dfcad4064f5be1ebceaa2b1211c89b9e44da5ef0c49c4bf8697dd10,fecha_futura
TU,e698e71c6d792d7db2431e99bac8c77382a799e43222c4db7fb7ad67cb4200a9,parada_nula
TU,3666bd38c2f61944377ef048c9c4e9eddadd75de396e1368cca7a2aa86ba2521,parada_nula
TU,a5fb76ca57b12cbadbef96be175fd39e4f5b05432e82ba91b795e7886f0e1798,fecha_futura
TU,edb18df2c8ba087cc4626c05cb3f96d6c53071cc2c1cc656470d67ed45a8b9e2,parada_nula
TU,97fdbb098f11ca80336916755b1c23485ed2166384a958c7666d93e1539aafce,fecha_futura
TU,6b9c8d9a3db7ae7296e9957fcc6635cd8f90946a7024d343c288f4dd8020a71f,parada_nula
TU,c7da24dd000d53b9f165f10421720d2e897918a8f455c4abd7f07b9fe4bf6a5a,parada_nula
TU,63bc8a0a22b2c313f86f2dc025358963b96e96c9a2716fe7abd98ed43f1222ec,parada_nula
TU,37b4b55d4deb75188ae951a7d17e41f53e093b9d3ca1ba93123e83f989dd9f94,fecha_futura
TU,c4372dd0b2bd283d1f933b9528c1d0e6070fb492192e6183eae18ff77d41c196,parada_nula
TU,a20fe4b7c7cecc5555600bca369e0330954ead0d9aa85b914e0c236ea052ff8a,parada_nula
TU,a23e172d6b88d332d418b11a1506fe630cdfd9cac28686602f19f723201c397c,parada_nula
TU,b413c852d7942395aaccd4d09547f52438f046e14b88c07297704a231b3345ac,fecha_futura
TU,9ffaa7dd5fd26523a2cb14b3dcd83faf89446b23e47e5e763282765bab5a9938,fecha_futura
TU,e94853279fc17d95bf74658d0774ad713c0164879e7f5e735ac179e35ad33419,parada_nula
TU,9f7a606dfee4a057b72f0f10645b9c792ee55d59a35eebf94d486b886cab6942,fecha_futura
TU,6c7e4f92404df602054e7d35b0dc4dc9dc04caf9796129bcb36d1b84776242fb,parada_nula
TU,ebe6d74caa40714e7ce36887f267bc29434950d37dfa14d2d1b7564972b92143,parada_nula
TU,bf6d0df56da1d8056821861d470248b2474eadc61842cccd94b8a6b1e9b78677,fecha_futura
TU,f2da418fe0e3f205f6c30a74f375923522ae78ba7cf5544ef36bf0a443c86f1f,parada_nula
TU,ebeb28361769be6b1a846becd61c794a42236ef9e5758d529d038aa8bb627d0e,fecha_futura
TU,86d9679cf345fe4f14c995ec6801bbc70bfc3ec4cceea2414f99634c09ea380b,parada_nula
TU,cd5e5a7be711a66fc7b8840cdf3c82955d426d544eaeeb8621ff41028421eb51,fecha_futura
TU,b506aa1724db923b2a044b815fbbe4b4a77ab1464b9ddc2f5378c62e4e0dcca7,fecha_futura
TU,e51a19712e24843575b338fe3151cf7ce274ca36a489f0639ef5df623a0f7835,parada_nula
TU,3bf6254ee4ee01617a27d1576530ac4654a3ec80065a8cedb9e7f41fdb7c5ce6,parada_nula
TU,bff2cf8100c0f1b93f70eaa71dba94c26b65ba30a22ae9257cb0c8c89a84c6ba,fecha_futura
TU,fb3a067fc8d86a07c9f55699e9de3362bf317c0d5d15f621dc055a2efcf22d8c,parada_nula
TU,d63558142fbe701b3c304e8ab73a5230f363b68ebe2e8050361213767b7999d7,fecha_futura
TU,2d7150d856bf7e686f71bb4bd1c6a07a71017cdba55141f8ef2b45f4511080bf,parada_nula
TU,f5c5941163a0fc213e22ad8ef47efe53aed29283351832bf2a64e972cdce0861,parada_nula
TU,84bffd84ddc19352a112bd569874e04094a621d7c29ff063a98a193a635b17f7,parada_nula
TU,4297d96b0e24cbbfe07f082577167369450945d734df2bf00a4a6c6d27259bd0,parada_nula
TU,618b0acb32dfba74306c9df34fe39ab864578a4fe3bef5cc71ee09322892bcd3,parada_nula
TU,cc6565f1aafb45ee93e575844cc7cab65a5b00d82ce00a1f43740d0e8249edd7,fecha_futura
TU,7fdea81cfa43cb02debda8eafc84784a4d63eae6ea346bb5d3049c569f9fc710,parada_nula
TU,1544df8de0631085dc8b907bd2552c33527b3988c5afe23a64ab099b7ae847c4,parada_nula
TU,3be4dd40c5fda96ead796baa929bfed4739a4d4482ca58bdff5244b2d3e55cfc,parada_nula
TU,03f1eafad3bfd30103f45b3d57e574d7a1a22809139bbab8e8c5ce5732047723,fecha_futura
TU,7255c202eb5715e88e7e43542f3e63ad6f2d1c99488a88198d2bf4652ef1cb08,parada_nula
TU,99a4f009c82b2ac0f04b1e817ace1e6c783dcaa9a1d75d5cfac82730e831875f,parada_nula
TU,42e8df21ea78ab334178065d021d27bc50294e94ac2cc7aa47d01fe0e5c2a484,parada_nula
TU,636b26dd755a8b788c4986660817c51e2eca4a53250fc14e00af53e9d81a72d3,parada_nula
TU,64828894384a2d972f44bfeaed508e99de5dc7f75fc97648124d1aacf3c733b6,parada_nula
TU,0659c1bd4257d0b9f1f4ca402571f5ee9bbd2454611a89ece10ae12d6ceeac27,fecha_futura
TU,9bde03539f20de89d70fc55b1dc12a77a14e8920ba9dfad3062e3dd31012d1d2,fecha_futura
TU,2632556ece2456ca6ec75104db706f384cd23861cc267adf04fa48b456ee88b0,parada_nula
TU,27a578b7e80b54ca40fbe97697ea083f8d407965e89c3aa37e906714105f55f1,fecha_futura
TU,958cb13ff0e88fd1c487041ed2e630cef3846262e00eec8711fa4dcfce55a232,fecha_futura
TU,23d5ce71db6b813ecbcfaec0c7a956dc8113b1b7c182760658be9fd31f69d46c,parada_nula
TU,22bf220886ccd0d1701d21cb6f02ba35b25f620ebe45f0121b7c68f23bc09214,parada_nula
TU,00d9f7ddedccf8835cab138e9b367ba1c6564eeb1a5ad8fd9cbe49fd91a8a7ee,parada_nula
TU,4dcd055b7580ffd9f0f003239bddc47a75d9b8f9cf88a62136d81228762c77da,parada_nula
TU,a152e29ea00a4fe3a5473ae5b8d7a7d6e1adb6ed6dd8e8be825bd037cef12dad,parada_nula
TU,e22af868425c88df293c2c471540485992a3986376ac79ac338536c6cccd2c2a,fecha_futura
TU,36df6000be3643fd9760200f5b139e25cad27feaa2cb204f6f89bc30146884de,parada_nula
TU,7e7e96d65b8f3a98f75600519627d80132540277499b6229f265d827244c1b6f,parada_nula
TU,9eb09eaaeb2ea9f7643f0ec32e3243165107f531553e55343ef79e9db28029b4,parada_nula
TU,fd5e9fea4a8f42c7f0e9b43fadd86ba6d382aec358a7073238725e829c1dca78,parada_nula
TU,6a138d7cb0c10af3d8d4ef7786b1979ae9b2afc507c59d498b380729c39ccb0d,fecha_futura
TU,5950d110dfa4bdb699f48e86925e1dd6f848cce0a8c143bdfcd7d79a1c0f323d,parada_nula
TU,508956efec5a1f3ce64d29f1048d02479a121f2e9fb84b750700f856fc441e0c,parada_nula
TU,0454cd4bd2b0b45b9afceec56c24ca676f5889860fbe746577d52542fd14c7ba,parada_nula
TU,0918d06238d15a5f28914b8e5e777ccf8a54c3d87bf4de30de0f5a930b5fcbe7,parada_nula
TU,ab9238a27984d458eb92d029157f8de70e61d29478e6c265cce71dc1fbfce784,parada_nula
TU,58164400332342ae3bf01ac789954c14331d93af3b1bbf2b1ab489e6a2df73f8,parada_nula
TU,0927e206d9a04387930910c44a8777da843d5ae1f17d9b602bc8efa44c1e932c,parada_nula
TU,ef2bb1b523eb0757dbdeef7fed717d6a2cb267462ace4cb63d6dda0129dfc0dc,parada_nula
TU,98660fe0ce290d83517b271b7adb452059b136dc25c3cf4f0fac539e92806725,parada_nula
TU,7b8acabb6804ac697145d2839d4294dae4437839cb1f530e913f551ebb867d9c,parada_nula
TU,1718ca493e9ae25b776ddf99343bb65d083d63d212802afcc0ed42a5c46a3abc,parada_nula
TU,9106ce07b9d3101276c33c93c5b45480ee770a347ce30312973671878f5816d9,parada_nula
TU,e7c3bec35209f4c529463d4296c1ab38bfdbdb57378a3376e5f0b3a93a7833ce,parada_nula
TU,0dc7012990179f95b2d36bd7d35909719972c102181fe02fad276bcaba466417,parada_nula
TU,a50d65bff1a041ce3056f72b6e4bbbedaaf8f6eb5b47e2ef1e6bed6ab41ea0dd,parada_nula
TU,8b5b29707c269aedcf6fb07c7b1c9c180771897acbc9727de8e7a45804c678eb,parada_nula
TU,5ef0120710ff73993f4b7b637c6b15e27119465582ad9fbe007043c94b86f30c,parada_nula
TU,7081c6c936ce9362b364d29c20a98c38b5a4a9469710df14a98d158259732e47,parada_nula
TU,488e87d3bad4c060001c0de80a35e10aa8ffed30c09abbd53073dd0a14354099,parada_nula
TU,b604a0ed8cd6eae43b0acd1bfd026741c474004b8eddd06e4edf5dc76758f8f2,parada_nula
TU,54d64445397f363799f69fa9c6ae40441351338019ad4a789bc90f6404c19f7a,parada_nula
TU,e247ae196c42f80c5b9fa99b5a8cc993567930bd06f26d336321aadcf1a9bb91,parada_nula
TU,34d5dcfe6fe7c9b900475120dd06f82ae1979c2ab84528d4a5597eef2edfc16d,parada_nula
TU,b1d05aed1bfd37827d6640321d35b0d18237d6af17f898a9a1dda91abd051f9e,parada_nula
TU,6b3a84820e9f8d36114b022e0dfa1c085be0c0d7ae4b641996fcff06d96be459,fecha_futura
TU,8e805717547e421ca311709d8da2b5304902976ab0ee7a91ba39f8f751e67a6c,parada_nula
TU,0c55d091ed94f5aaa1f4a8a8e4052a207ba1a1f88b7f1b5e325a88d3585daa04,parada_nula
TU,7d1e94c62d2a412aeb1966abcd117df26a769441ede3d310ca0fa58db757c442,parada_nula
TU,412d6f851f1fb61b07f14e3fd6a576c0815ce3f6f473f5849c87cab24b009923,parada_nula
TU,4391c96ae65e380e11159ab76b2dce5e9a0e106edd73241dd01cbdd3d7f9b6e9,parada_nula
TU,3c40ccf6f51b42205bd5cba38db3ac8eb49981f2a1e79fbd38209d1d08ec27e0,parada_nula
TU,9ecfafb8b81671aa0b86c763c0ccdd26461fbc9badb0f705b780f48ef55e2521,parada_nula
TU,a21741cb991955532bf71ff6013165cd2f3f37ebb4c4af4136951282e37687e9,parada_nula
TU,3bee4e8b90ef4515f9532d62b86797b4f43060e98495a760adf81b6d4981c47d,parada_nula
TU,db05a7fd96d89b1e5439f4e78da6e28127c220a0c3b42fe9183c4378908dc929,parada_nula
TU,12da29eacd3a970ccefa3f300937b267ecbefa6e9fa6c19da149a4010d7d63fc,parada_nula
TU,1e35afea8adce132494e6db90efea0bc55ed06bcaa7acdef83e55b5de6d90ef1,parada_nula
TU,50593180766f3e147cf5fa0ec0d86db9ea1da0ab26497dbfab3b0490be30ea49,parada_nula
TU,0cafb73a70a1d752ee56b2c2114c487cfa7cf7ec2acdff13de6096c9630ea234,parada_nula
TU,3ca4438bcd3a1f8105d486382c427bfa23b6b1ebab9109f74421cacc7266194e,parada_nula
TU,a887d26f2bae2d2bc65e7f02fa78e22f7d5936187193ba9f67c1eaa058c6d697,parada_nula
TU,1a3961cf007eef8b650428d6056fb7360055686cbc9b4b393a85a3a15da1dc9c,parada_nula
TU,4458451f0a2c86e47ad3ad8bf37dadbb83dc1731d901be0ad83fc744d6ad4f58,parada_nula
TU,cb3154da6bc8cb40faa68a6bdb3a45ff687cdafd88aa527eb9963245f160af15,parada_nula
TU,551113af859d9ae81c523ec5b765ab8d1e4f6d56a177c19b61ac2a8dfe678b59,fecha_futura
TU,45dfeb2e1852f231a686a65234432ce2b389489ab156e0640ceea2dd946a0c80,parada_nula
TU,4c74039e058c9f611012fb76e20d6f68dc489bd3730ab85229a32055884cce5b,parada_nula
TU,3157ad19d08d955727fcc6e1196fb4bf5b6c88ab6dce737d4050bcb4a8194fe2,parada_nula
TU,1896452033945e1ba1723d5634a21d48a3549b4dbf7fd32400223dec70461e31,parada_nula
TU,abdba231f869910922295bafbc7ebedd66d17215d1ca0606cf5b309fcd30aaaf,parada_nula
TU,d7a42b6b33d8adaa3b62f563381d2cb0a79c0b5d418008d9127eea0644ef9c0e,parada_nula
TU,aa3feaf9ca6cd480c12a9649d4fd9e6d7d418641d1a812043ae4af2eaea31b26,parada_nula
TU,3cf4d2af3a0e4acd4577a43bddc258d3df45f760aceb60ffa675f2856d1eccc5,fecha_futura
TU,c883d2facb5d704f984712d349798697bb3ac5b131a1f3ae7210ce9983d1e7b0,fecha_futura
TU,5dbfd43103604f3aa6f632c6bd75aa1fdc64b97149cb375c3f93bc0d5e8d35a7,parada_nula
TU,26035335f311bfd26278d3fcd257f519342380a7098c9b2628cc8105293f0983,parada_nula
TU,3074286d8d73b722a880ac03e246a747bd68fdf530b2739161eb7ae3fab5b3fb,parada_nula
TU,9b772b149173f6bc35c9adb1a04dc98d917183620baaedaa3827ad063c3123d0,parada_nula
TU,239f632e501ab5b4e257392ac0a19ad222421890436a4f5c4cf74590bc57c733,parada_nula
TU,767e22010b15552eab6e8235f0800aa95e1caa4614d338992b4b73d9243ff7e1,parada_nula
TU,e7094a983d294e3b1d7dcaafb6e0b4b68ade5baef93af9f0e38f603ce71af96c,fecha_futura
TU,608982872768fce67cffc2ffe317f3a6ad66bbe905c72df4474f457da7e385c3,parada_nula
TU,a91a0b94579ed7b805c3e8c04c0290db39b4eaad6ff4cae0f699f185b2b2d031,parada_nula
TU,0cdb464605fbc17b78168e267238c7b6b0d79b14176d86bb4447c759a07063d8,fecha_futura
TU,4a4464a84d494055887f78acf040f05337fe208e1351b56d655bc41ded6c4201,parada_nula
TU,7b1b785d3f4d8fdc14b2b6341cd415424eff17f534c99d6b056b32068a6ca27f,parada_nula
TU,973cc6e3da1debe58807848a17b89763b2a13a8a1a460bde4e9603ea9f6ec5ae,parada_nula
TU,3b5ad4dabfe1f3516cfff9fa1f87e78f78c48a4a1665bf650f2d92324e23ee18,fecha_futura
TU,e8e0fe0f73acc31bd07e175045400409116a19fca90bde809a64e488930a39e3,parada_nula
TU,f54b70e59587e3587b72fce4f60e833d0ab69b29c10a4b2148c26c2dded61f1e,parada_nula
TU,2b5494966bcb39bacc3fcc34db5ca18a54bedfad4edc8e03ccf307b4aca184f4,parada_nula
TU,c2c7d16b360942aeda2bcabe5420e842d5fba41a9023d831e76c2b9623f407df,parada_nula
TU,cd265a5ed46ae5e6c60842417fad7643bd695a8ee629b4b13becf9addf7edd74,parada_nula
TU,20c23d6366ec57ed2dc01201aaaee433a09fbd3623c1f2122d5eef3cb9d11026,parada_nula
TU,acb3c8e021c916a8eba5a865e22fd71ec6b6eafe3dae1dceb44b8529c0735d0e,parada_nula
TU,ec3f2e311f227b29040dd7edc8b109b7afa154f8027e52dd303aabbf24fcb352,fecha_futura
TU,bed4dba7a97b6f1ac0d8b87da6c522335cd5cd630b242b055f1501dbbe231af5,parada_nula
TU,eb95739f0f594dd4811fb3c5389db4e0775ac8400f3693583fc28b686e444030,fecha_futura
TU,fbf6732a09d1c26caafeda3ae9444e328af036486181bccb5027ad91dd5fe5c6,parada_nula
TU,874db243fb19947fac3e91ffa64d9d5116777fcfff14106857d51e8af5061471,parada_nula
TU,c20b0bcc4803d3f7f96491a3b1b742a57ca7903debe223aa9eece36a08847b87,fecha_futura
TU,9ea10a44bd9513063d707fe0557b777a189d5e24d5ba5a50a827278267c2ceb0,parada_nula
TU,bd8a0bacd809063f939223dc32cf021bb1d6b1024888a9d1e154da5f0c7bd0d2,parada_nula
TU,6c65bbf93a02b324ed127e4a21493268af82d3e846439b65ae520af98f90c7cb,parada_nula
TU,5d936e1b29ffc0ea863219e2ce9499a5f89a7571fe11c04920a7b9ae46226929,parada_nula
TU,3878eab6cf939698e4ee9c468ec3be8021fc791d7cd040339801c756013ea772,parada_nula
TU,dd9349aeaa322efd88a1e8155db816924c076780ae7dfdd69f7047856e7d9a2a,parada_nula
TU,d7fdcd26b091a394cd7a04e206e14722bb2bd16860f87de4f4b8510a607beb10,parada_nula
TU,2573d5f36065dd12da35ee0b836b564df74b3a81a912cc30419d13f88a0e98f5,parada_nula
TU,a8ab7577f7d8d88b122ce37f4044faea7853f2f82c7f044784d4fdd2531558cd,parada_nula
TU,e5110598900d7f84d10bb179d813dee4a98224ab2184e53d66365f1be67dde1f,parada_nula
TU,61a993aeaa96610f7b784199f8a566d65fcfda86f07613cb0a104fa0ce6aaa1e,parada_nula
TU,e72fb2ca9f05091381792483c82c783e40df018ec3ded882160a7ee9ca359d75,parada_nula
TU,8457640c0e439861539c00380742a7c9a23318596d01238f75c16a06774e1776,parada_nula
TU,f7cdaa14311153329fe0c6998587049c3f10cb189024bc25dd38d0050467b182,parada_nula
TU,b35c029a6e768737bd0ad2a9f1f9e34bc7aff6dde70b322ba24e48e3bb0fc26b,parada_nula
TU,f4d47a475695f4fc7c8264a32866702593c593a14730cfda9fdad022f91861f5,parada_nula
TU,f0531a9dc2892a133ce6e6fcef4dafa12d68257ca9026d03328522572bece208,parada_nula
TU,0e48994ccef9aa635d9c9bd4773915f304e1e36ebd3b3803d913eeacd9a62ad1,fecha_futura
TU,1823dd3d7386ab2eb3e0241f0759b0895a9376ec2dae957d53a92694207b48ec,parada_nula
TU,7191d035a56572b5b2077c79151575c8a6892d9911edf461640b59013b546796,parada_nula
TU,462183a6558f1a435fe67a0c5234e1146c8c571b8c916934be5c46179ca14533,parada_nula
TU,b3ef9b299697e20fe7967b14f09674e0de8c01ecd926e678bbb46179e8574b82,parada_nula
TU,990ef1d35a5c4c26e667082fdb970a49d585e7954ae8e3f508b4bfc2daefd8f1,parada_nula
TU,a5d4cf852bc099e031f494f344046cae1261c0945fd86fad71f1de5ab9a2cbfb,parada_nula
TU,c7326ccfa68d4bb473b6e84b4d5624b7b5b76c9cd8f89887d48141d7efdbc6b9,parada_nula
TU,f2f002382ed333fa38bf08becac22c029f4e60db4c340eb7f23b34e40323ff9f,parada_nula
TU,ec3a77d5ef89b43bf285e17bf123509d207d8ec1b32dca64372487675d2a3c60,parada_nula
TU,e4c53fb9139913e5eb3099cd732ccf9907d73415d44645942e2583db3e2c26cf,parada_nula
TU,c8fe61ea598aa1ed7ddb40ab1e7321bf1e73f0c5ac146543f19b77ce2e89f80f,parada_nula
TU,ce7f442866fb03d94d188db3c63c12c7ea77f3228a53672e9e771c4d2308b83b,parada_nula
TU,80a3c71d249bc166a1790808f0a33f242d925447f3bec877d75d376714cd7109,parada_nula
TU,80a926895f20fa1af1da6ef5a48bf31b6cec5684e659b5412d5ba3f9de712a15,parada_nula
TU,3ade449d3287dca694426738cbfc1c0b750b397864ba48366e8057c6d203c729,parada_nula
TU,e2201cc0c7d4dafcd73a831558a37a0620473d216eef0c4bcd3f991251f3c8f5,parada_nula
TU,94736a8fdf572ea5d82cb120c273c10cf8d495a845d2098c2dd9f92bde1138cd,parada_nula
TU,574e3c5e8160bb56813fd4de3fb0ecf95eac3a1e98cc1f35be9ced36f303dab7,parada_nula
TU,d356062b7f77fc3e23a4c052026bde51cafa1aa07e5592d98aa44347b676f778,parada_nula
TU,6fd21355a41c4ebd2d948018e151267ea05b8d7861addb256564ab08f843ff86,fecha_futura
TU,39a65b2c73569b8b9b3a95449f2011c2a10e8251cc64830f2e5172ea60c15f74,fecha_futura
TU,84adf14df69302b0e0bb5f966e4ab3c8b67e80005c72ac8946d81f2e73972463,parada_nula
TU,1be24e0abdabfe109d982ceb5c2def5f3e1f20f9337d7a82e01e51c51aab7cb1,parada_nula
TU,bc6effdc2645ab06ecd42f9e517d2570a8fc403c64ea85effe8cce9ef76d5923,parada_nula
TU,927d5dc10a98338a1861ab0632f5f6ab0d628342c22008fa21f7fa9814c47e3a,parada_nula
TU,c4c562532bb122c6f4f0d37f1700c677ed70418c26974c25ef6da3b618e1860a,parada_nula
TU,836df829afacf3806712d9c2aa1dec10b997fab83c5b9bc7a8b54fad9f4d4c77,parada_nula
TU,b999779571985cf61dd20cec20f12ae217f95e0e195e6275c2d9c9a11254b1a7,parada_nula
TU,fe81eff58ae03ec1a957905d56455f70a2536a3fd401913631339c6550eae671,parada_nula
TU,9f287bd8062f438f4b5df17eb83e052dd5849f58f583f81a3df98fd2fbb4eae4,fecha_futura
TU,1495bc902289bd0ec48a9cb3f92d1aec5b6565c2e32f9d65a205c850f578f94a,parada_nula
TU,06bf68da7796b885cd2b9643e40b58c0dd37b4d3123e7e7f517a23de74463493,fecha_futura
TU,c6075094c0ce452f4251373b708e3f52cf9e52f0bc29806e95e3b0a6985eeff2,parada_nula
TU,f427ed17f9d0dd431e4454b3399e9fa6e7152674b680924924e98390dd16b279,parada_nula
TU,74f0393e7934dd6d5c2f0cb76cdbbd332c967821be2863ecbc27f7bcac039454,parada_nula
TU,8ebf9bbb6e2413eae3a041595cbb03a59d9ae091966175ff3d464d5b81824ca9,parada_nula
TU,bd4e6f246fd5fa2845c01d02321da0d71c21f4e9db1386f35947a1e715e4f0ba,parada_nula
TU,cddc4927b57b1c9c73a8ad9676a5228ed7e5706b41115e362ca10ccc6d86fe16,parada_nula
TU,6f4ac9b73ee5720225c4429c6016bfee9a484fab24ac03b4836522953d3b44b0,parada_nula
TU,3d84bb6cb6ebdeef56251742b5c3fa53bce98ae7a5dc96d7bdae59e004413c33,parada_nula
TU,5d759434db29c5eaffa03c898eb7a486e6dc83c5e3bd3183452517fd49018c5e,parada_nula
TU,a522b16ba33a19b9e665b3c8a27e789b791e390ba168cff83bf84478e3a925ee,parada_nula
TU,dfdaa64d7356408a81e16eca5793291794607bce660ea3cc4ac3bdbb90da09bf,fecha_futura
TU,7f7b66070a8aef286705035e0b85fee7d9afeb9aa2c71fdf55e2cbf1db7c34b2,parada_nula
TU,8e9658ac24fa9364939b5f1e66ab95025bc389d9acdd186f0fb4d044bddcbe48,parada_nula
TU,5009c00651eba82e17d927837535bde34079de66febbdcb1a415e63f47291804,fecha_futura
TU,503346819fefdf37723abfcdcc39a2a321b67718dfe32c68b8b6bc9185e489a8,parada_nula
TU,d7a2317c3c1a001576bdecd5c91c7207f9f9e1abc2c0c0a7754d86b1a3bf2ab0,parada_nula
TU,1d0d6b483646b68a9deb881690eec39fd27940bf3f8db43eb9d79cb6abe49a2c,parada_nula
TU,aba603a86ce9f9948b7af5fac589c32a9c0473211ea3e6987237acfc06d763c4,parada_nula
TU,57b710fe722e949c3f6672fbe2e78a798a7c5ce790d4570019b98e69a383e8af,fecha_futura
TU,461c8fe62607cfa91fc39da7216880a02a660db2f58f77a352b1741d107d8933,fecha_futura
TU,51515e85b3cc33b1928f739bb413a664c92965f01e18430f67ac5e8aa6bdebd3,fecha_futura
TU,e1975212b4095fb432359ba904542206c67a620c6f78523bbec5ca62fb794090,fecha_futura
TU,c3f5f7e14fe9182674cb7e0be73a18f61e3994abc4f0f3bdff27aed1304dee0a,parada_nula
TU,1678b2a56d9ea763ae8247ee6a374d23921976e3f6a775cbf1e255ac01710da8,fecha_futura
TU,23e7fc5e99bbdec462418105077ed6d004b0d877ff3047b70797fe5e2d768eb6,parada_nula
TU,2d2dc6a977a5d3058eff7882c692666b67b32e6a57499083771864836a72882c,parada_nula
TU,6b9ca2d87033ea054fb3f98946da590ba388c386b0fc24ae0bc895e2a178b3e0,parada_nula
TU,921d3862e260821412e416cf9f0226c9da525de61df726886c11a059cbbe84c4,parada_nula
TU,c1846e50360b1c2f36db69eaac755ebe7bce4fd8a89b9321a6f9edc648a63f04,parada_nula
TU,9fe100845b7208b964403b402b7867f4261db0166dfc11119f87e9bad52629ab,fecha_futura
TU,959f1aa483d7da82d38947a2c6f265d2fab3f39ad215414de5b2aeedcda47fd0,parada_nula
TU,aef81070db5ca11f10cad77dcbe9d013313be0b6cb950576fca5991258f1dd7b,parada_nula
TU,9f5d8a135fc079ee6ad08722d1c18c0355cd27b60243942855463f97d7d5d54f,parada_nula
TU,4de8ba73d736bfa58b5ef94ab2ac16e50bf91a43b7ff6003f15d73e8a29a89c2,parada_nula
TU,43dda46f043a209c833ac5f69ebf02002f7168aece1214bf36ce44a307750f6a,parada_nula
TU,69597ee81e944d9072b2d7d58305e5df98dbfd797f25198386c609bb7cd278fa,parada_nula
TU,e3f1f923fa8207e61a27dea833a3980aa60bdfe099842bb9877cbb8baa8e9283,parada_nula
TU,8718d7f16d509303864c1a708d9b067adcce95da445e7c40c6803d4d6c7d5b79,parada_nula
TU,ca84310c956e9f953d616057fda591bb01ccede3c8163439730a8edc7477f8a5,parada_nula
TU,d1a3d7481b75d9afe148756944d0cd30c8b9164dfb2e5e2daa6cff3fadece9c1,parada_nula
TU,8f24e0e5bfead41884103ca9175714a66bb3aff904b364b2ebe0b94b169d2018,parada_nula
TU,eaa5af8ba9002cd49d37822f9b5ba453819ef5b1e4197529813069aac667fd35,parada_nula
TU,06ed21b9964f0394ef861da5abfcd9b320092595c3a580c5b1327369d8eeb221,parada_nula
TU,042bc4d84051602ec5e2b16e6aa1ace0d1369f6a962a94ff70bca092d8463d24,parada_nula
TU,157dd509706a2d6cc92a8342263cc32e439a1bf8abbbc37bb0f8fea9c60c5c99,fecha_futura
TU,c1023616398bf931fc9143991d5ac4affb3305abe265efdc452a30fe9d872aba,parada_nula
TU,289131e6216b21d4be3a74f5b27bd1f42bd53fc8a30af5f402ed555e1e1286ac,fecha_futura
TU,72aa66eeecb2197ee039acdf07e1606a3c0d718cc799c973713a9ca2b88353e3,parada_nula
TU,35c04f61eaf73bfb25d05e43c620eb690e6a68140e85bae94d01cf6d69e33033,parada_nula
TU,7bb9c713b747c7e3df004892d7a8ef728532c5d69b8a0ae504b65d65549d84b3,parada_nula
TU,6368e2469d05be8db98a91e3a09c52e65351ffb94a0c2fa4ce1a5747e8cf79ee,parada_nula
TU,21b7f17e0941461ea7b5c6c4dbc3c93c4719f9258210d94b8d580db948dc6762,fecha_futura
TU,8d556d014ae1fbef6a13af2a952c0908427778fe9db00fcca596a0b2aae62394,parada_nula
TU,d2b7811f4c0a8bceba1202aae90178bd75cb6a3cec0175a3796587ffc55e4d39,fecha_futura
TU,49e8fe42085f3814a9cfa55daa7d74f84790df62de46107daca94f46b91a71ad,parada_nula
TU,a92dea2a4d225ca5bad52f3ebd99b933428628c18260bec9c525dd0785def294,parada_nula
TU,017fef9a272cf667749b7eeea98552a44828b397ef01342bbe933194e1df8f5f,fecha_futura
TU,ebede5992e5c43f0afcf2a1b68a41be6c1612bebcc196209a105539afec87dae,parada_nula
TU,a181add77d05599069a80ee88ae4ef7c880bbd92f341b45697819204a73fdb36,parada_nula
TU,ad6c53e369f21ed2dae1dd25883980ab3dfe147832213ed445d8d0a6e7e35807,fecha_futura
TU,953566ce8a2321cd5e71fed9f2c81f2ce0b86ffba76e3f95bebf2638dc874803,parada_nula
TU,c6ef4d624778d889fb37858d6854d4fabc7ec7e4d7decdcb689b9405206236a9,parada_nula
TU,0800a2de1c9a5e2d95bd5d9a1a9020ba75da8c54d7c41487d2798fba7e6fa9c4,parada_nula
TU,eca4358d785e26205780293799d6e24909cd5c206f5e5cf7daaf3a3ed01f584a,parada_nula
TU,3413bf71e62b8a429935d6435af2964c017d69c7fba7eea42006518d40e650ec,parada_nula
TU,5421ef05ab695b10da6c64fbf9a85a69aa5dbf74297a591d385b8ea775e08193,parada_nula
TU,8107b91d583d88d3d78a116289981b843f971004b159aa8e4f9f5d5b31fedbdf,parada_nula
TU,1cd755f0d9483cbcb4db7be2afb854b6985ea4f36ba2215717770d564be1a0bf,parada_nula
TU,9c0fbff1cd7867f074561fdeb04e6e4687f32fea31d00e9d30ee02280aad7931,parada_nula
TU,4c2367162aa3f975f29d8cce452cc4f9239cf3673306d86a1ecbb8a4c72874ca,parada_nula
TU,5d827d40e00e952954b3ad6eb30dba5eec87a8fdd47b41f351f9729a522e2741,fecha_futura
TU,1072c1306922f880707086bbeebcff263f783aec7afd86ddbaf256d44172d10e,parada_nula
TU,294b8e957c6f2b47760ba96c57d8af5ed2af0768855c8fac3f01042607df3c83,fecha_futura
TU,84b458a36f23c7ba2188da38b69e7f3cdea554a8bd0949203726a0740a47c057,parada_nula
TU,cfb5f515a875f2ca4bfe1934e8e7e2aea193e8587653fbe4747b3446c61d3ee5,parada_nula
TU,c861653f7a53b77da7c36f8ac69b7d4aa479e7f84a50329454aeee7d99785950,parada_nula
TU,d78d67cdd2c4f6ab56f4a0377c7499b78141985916aef357d3fd67eadbee6a52,parada_nula
TU,87658cfb3bb77406d40dd63096ec3dae128c76f67802c751c25ad895aeae8253,parada_nula
TU,7a104617ed2bfdb14fd24285c67ef74a6b7d969ad4696a6fa263999407b08184,parada_nula
TU,22364d95000e3041997570fdeafc8113357f8e43ff4ccecfad07fd865219be9f,parada_nula
TU,419ece21cc4e72c6bd39960b4916cc1a10585fca8dffa07210e4abf30ef2c5f3,parada_nula
TU,bd922e3d0992ab432110bebee6abf3ad895e709e43cd5081f1571ab73a2eea0a,parada_nula
TU,7b6b1fc8ce4ae9403cfcfab262ed325c7fc99a312cb31ffb1d12f32ccece3fbb,parada_nula
TU,ff7c06e0d94eb0fe74c480de1173daaae1d552ae5c4db99b5c3a89604148f29c,parada_nula
TU,320908efd3a9ad6c60f40c684259ef88c7c3fc45483fe119dd20add82464cd3c,fecha_futura
TU,131deb1cc6d03eaf976b304c64c7ed66acffb79d76f170f35ac46bf0815bfdec,parada_nula
TU,c2fab1d2ff18182632ce2a0cf8c47a9ff75302b3b3c73ea02a28095f1f18e3a2,fecha_futura
TU,f8320a8529ad2315a08c5fc40b6820fcee1ec2bbb45ac9cfebb071b1c81bc0a0,parada_nula
TU,63f3ae6a0eebf897d17484ec3ad1ebfd0fbcf190f0958e23efb049fd4937f87f,parada_nula
TU,0bb8563ed9ca97a27204b35e52b802606f87bb47efdd5c84920b113d9aca2a3e,parada_nula
TU,3f270f8be512456227e2b796db5c88b11059faeec6a8a204596f21ec948534b7,parada_nula
TU,147c1efccf95df07ff549c8a2408b8daf22d91d03d9fcb34dbb2b79fddc1e987,parada_nula
TU,01579321b7d396ff2c358611c5bcb28a8281ab324964d786c7f405c0d2a44e1a,fecha_futura
TU,128d7a2d3095d965959ad45784f7cb162267ca0fba3447b0808d01227e15642f,parada_nula
TU,7a6ddba291a34d152f4a60ae5560eccda1fd840042e98fc5ee1c17a33d886249,fecha_futura
TU,e2dbc09edc709ccc5367f595e160e11c37c3edaab2659a6af85218344745a602,parada_nula
TU,4fb288bcae517346101ffb41213755ef17583e0d0d3df9bd93dc51680bb2ae2f,fecha_futura
TU,a04a5a940cda0222300887860a9b649c2e8306a16dfa4158b6fb2de03626c588,parada_nula
TU,f89d44adbc319edda750864f389e45eb113a58e91f37fb91a2b58700cd3f05b1,parada_nula
TU,29e3a2c009971b15b317f97cbce4967e027b0b98cae5fb7e29dca6e5fb7fabaa,fecha_futura
TU,b44446e3708a39606cbae41bad9fee026dfa397c67d6c794b1f69d64ee22b763,parada_nula
TU,7c623877b2286e7d2ff7819bae144716ebc1db40b9c2becc2e597184c1853583,parada_nula
TU,180d2090b85d966d3571ace270e5ae06c4a353e0d8ffccd34b3151b789a69ff8,parada_nula
TU,2461b5f0b4846ad0f857095cdf554cd0f5074399c0b7e2f02181048b42fee8c7,parada_nula
TU,ef63e2b2e479d0b04ba065aa3fd0a7eb9ccd2e8c3d184cdb3a622528a2e3da6d,parada_nula
TU,06578bbbbbb5b435f3aec9713500c2caf728791a0592b87f6039e76b415fff53,parada_nula
TU,0ec51b3c584790df19c73751f843c5d7a38e899afadded7b928ed5954448d6a0,fecha_futura
TU,e66c9c3fad7d25ff7d7ae10758a97021281435774a4facaac52d7b0abd38b703,parada_nula
TU,9d4a58a054be98ff4efc42077433289b55e9896b0b3e89d80d7588c03dd91da3,parada_nula
TU,41d0ff230e0036c2cf353b25f5a514e46a933b5fcc82c62c00de3593569e302f,parada_nula
TU,810baa23319d3c3c517df8a35cadfdcdad885764c030f95c83069bf7fa691ddc,fecha_futura
TU,d2f65b34ee774476cf8f202f5e5fff9e6441a7ca2f5160125e4dd51989d3c241,parada_nula
TU,723a7837f2c7be0feac5d94a27c3dcb5beaeece7338bced4ce0c6594703fc8bb,parada_nula
TU,44ef660c835a9f3a17e06e894512afec7e2b376265ac4dd16b6aa2b2ce7d2161,parada_nula
TU,1fc97bd20d0a3ff7ce946a78addc330c446e4ade21157ca86ea605dba0f2400c,fecha_futura
TU,4bc9c05ab451efba2505096888a9d4178848137413e17acd815814c889815339,parada_nula
TU,6ad54ff152d5dae5cf1b7c8b34f0d64c07d253a45fe8b49f6f3c5d436708be40,parada_nula
TU,fd2bef3edd637da1858d775b07c8925f45a42b5befc03311208ebd3386700c91,parada_nula
TU,44190fa207c484caa9b138f3c75d5f31023f5cac7a90b12c734c103514dc7adc,parada_nula
TU,b529f0ff255f1ef47f8b65d3c39007ca15349b19911dc1d78fa886bce5bab69b,fecha_futura
TU,15b65c0e119220aecd204c5b10759c5866979f84638f7bb9d68b43decc122997,parada_nula
TU,a95c0fbe1068cfe5d4a3c7613f9dcbda3c6ed5eff2c83c33a5fa71cfe18ef081,parada_nula
TU,8402a554e7f5a0a3fd9ca090f058dacae6e687a2dd86669ecbcb1e32b7bff554,parada_nula
TU,c533055050bfec48f73765c6bf4f9cc75700bbf203ad2ae3c79620df811263a2,parada_nula
TU,7606bf478bd9fb55db11860d7fe2b3a17d1550b90e2ab179d3ddc109611632b0,parada_nula
TU,4828eb0b075bda2220859e1abbf750e3ccc38dbe9b7552de2a1ee7f4bf84cf46,parada_nula
TU,fbf96c3c26944278cbaaf149b12064e4a92004e20ebeab30e7c10f028424f7d9,parada_nula
TU,6ecb022b11d2aeb65ef49195d504c2b72d2713c45ce52af12d73ea8039ce93eb,parada_nula
TU,520fc00ac46c06bda242e05427ab9cad5e6a54b592c0606a7fcf643f38914127,fecha_futura
TU,6646b4e1815a60e34480a7dff6a019faa161c524894b668b1e66447ddfffadf7,parada_nula
TU,1b9a69e59f676dd32c58a423ed413d41b802a5800a16839d1091124104e30b6a,parada_nula
TU,8cbeb20c0aa0861d663afc027699243417990917667d5544353f44bf13f02d3b,fecha_futura
TU,0a2abca2b3da3cf70306390eb428ea660d6f4e84b867b6bf91682cc96c7679c0,parada_nula
TU,4dbb19098c7a9a545cb0e85a111b02347f53bee2dd0fe646af2ffc62f66684c9,parada_nula
TU,38e9cff84255b849b72007ec3b9b4fad284dcef95aadadccf90e30d24d62fe87,parada_nula
TU,cfa7a9683d7dc0b73d13714259841fc8f34c58899c12240f2a522a1210522f17,parada_nula
TU,c0f54648bdaf99b3ffcf29aee68fa950b7f5c9c8ae025cc2074d71c49be3bd76,parada_nula
TU,402062d506e3a9f4f40e08524cf1f10265018b8bf27d19005e1582b39d50175b,parada_nula
TU,61389eb0925b9add5d2fd7cf448f88f4f729df9adabc892a3df0f6e5417fd202,parada_nula
TU,fa6fa72230f02ae870fa3b7845195b4ed2f4e3a09bab61893c38e85b644af12d,parada_nula
TU,7c8f41ba4b7ea5daca6fd8d601312b1165d755f51e71f3720a8093b68b1c81ce,parada_nula
TU,3b4cd7d9e300e260adf6e04eda5939753fc62f325ef77890328946148eb47e0e,parada_nula
TU,2524ac53b4b2b449430b6c13cb4db5915d59de0c983c76877fa2f5bd86cb9b5f,parada_nula
TU,d53f6bda868acbd76a9a82b87c6f8ffa922ed9cf80ad8e75891c555b64b1a1b1,parada_nula
TU,809132636da8d7263dcc528ab9b6ce67fb6fd8283b5b1c7188fa7c4187a0ea32,parada_nula
TU,45bc5716c31d86d6f23cfc9bfeb37fafd91763a73ebde05eb42d4bbbaf082b23,parada_nula
TU,b86d72b09d6caca1da91594299eb123aa19d8cbf858987f6649addf81b155f90,parada_nula
TU,e2efa8ca09551e0ef8db2b2a8580d614d6f478452cb84d5f28c7215c6b7b3ae2,parada_nula
TU,08ec7e35c39b5f6fc9e7576b4fa7a2792a8eec7d1a7e1fcc668b24628d876719,parada_nula
TU,306369a520a3df2bb7586e8eabd71013ccd19f4111ba6f00a18d1294bcfb1f74,fecha_futura
TU,ea7cf22c6bcb0b553278d21d4cd9962bd53f19e39353064ea559d0a29221f411,parada_nula
TU,8be08ae60000f64f7697751faf632a495476e5a1e5f32e3d912dc11f7c289453,parada_nula
TU,f8b5714112f4cfc8de1549f60e74087a9dfd7ec79f4dd60389d0373b4cd27af6,fecha_futura
TU,5ccd8a4b0d571428eab4fd03e2feef60f49fdf124a5bee25905b2db12ab6bcec,parada_nula
TU,3529395354de1bc31171c578a6e7fcca778958373e156fea4abd559f2c9622bf,parada_nula
TU,50a7361ebff660ef4e40140ba185e4af351ab3d05fabda5466e556e911e0b87d,parada_nula
TU,c751bfcf8ddfba2bb8a732e2596bab4bb2b7bf84b9b4135e6c47f590f178d63e,parada_nula
TU,d6c6074c1a114e26c585dc301ccf8b4ac8d9141995698cec922f2a94d0ea253a,parada_nula
TU,99c05f736a2314efd39519ad42cbb7977ded1cf10c8e0924cd2b4d729d3cae4e,fecha_futura
TU,75070a4b3c74b0a2f0b987296cfc5e6e2b51c0158c3491b7d04e8d9bcf650783,parada_nula
TU,105decfb69d14687b711bdf8e698487be68040f2ad727ebd0cc90da561488fc7,parada_nula
TU,420f982bb9f505cf750bcc332d11f671f7a2d4ecb174d8678e642e8a53f06fd2,parada_nula
TU,80b00b7617120735effc937e86dfc99f0c107ab4ad1b026f458b889d07a782b9,parada_nula
TU,7a6c482fbee80d922f02ddf70baec85500966d9564d6995176f943fd0db0e1ff,parada_nula
TU,1f1b7a70be10f0c813ae4f03656a0a7346f92d72bfb0056bfa76862d825aba3d,parada_nula
TU,9ce7a8345d9a8ab75d359e6a21d461af6ef06ebda1092a2e096c6cab3d1b042c,parada_nula
TU,3cdcabc2fa57b180214a73063f204c21fa4acc95500b8726b226247875cf9c9f,parada_nula
TU,9371e0117f102b42ba709ea4138f2509db346f96694fa50bf51d849c3b6b2ccf,parada_nula
TU,b9191b5f801bcd9b0bae6c5f9155901b38820f88166519fad499fa9553482265,parada_nula
TU,4e97239484f18ee3b1696144c38cdcd510fa78c36985a01ebf51982c35222ca6,parada_nula
TU,783e78ad7bb1391adaaab124b6e898c45f7ab48d04706f2f6a071f05cfcae370,parada_nula
TU,03191ad359985c2537a35da2444e10db9cde6a8b6a043a4fb218127557c6453e,parada_nula
TU,729cce5119bfc6e1f9b48de9f2123ee6d7a39c42119690e1901e61a4ec80ff95,parada_nula
TU,ba4f4a8579ff093e148522cbb2d69fdb49e191a9f72ffa3c706403d86a6d0687,parada_nula
TU,3d466b1abbe939db36cdaa38d6beb025f34c6cc076f508a82928e21b8e4e046f,parada_nula
TU,03d3f4284d2cfba89a9ed6086bec4d7c3ccc09eeba8281077fb2e05a48783bed,parada_nula
TU,1b1f21982ecc3a1147490d0edab5b28edcb4448035ad773c052a38cfac6f57c4,fecha_futura
TU,20651be84a645af3f951a869616f2cb7d72851563f8ac53244675f3c16971373,parada_nula
TU,c6ae7eb16ee2193b94dd2413faed48d924f8e5ce8e417ebab23624eaa014aaf7,parada_nula
TU,445fc9f108696b3ec7ba0173d882b0ae5dbea10fcc78180c4b295a369ce93f8c,parada_nula
TU,f8043b3b52382e52accd4fbdde4105d3abe17d35aa181b4b503658dfe6995ce3,parada_nula
TU,7ff136c7ef3578ea577d897d9b64edb75744e367cb7348633534efcba396e016,parada_nula
TU,98481c9a149aba08e6c00f9b45d67a6e1d1341cc96286c434a2ae4a30e06bc59,parada_nula
TU,a09e09b5554e72bf41e87c2557f1c9432a3fc6ba51a2a002669201e142f888e6,parada_nula
TU,617961b4bab0175d4f62985f0d271d5d0b33791afceb0a0e090bcddc62920f1c,parada_nula
TU,ef20bb7424d5f6102399ce47c5b0cad0417aedad0b2ebb6fd1b6dd52fe0d8b27,parada_nula
TU,fc7827c5ea60bb1472ddc36cb66e267f7ea7e6775988e2693f0bd6eb6a8c57ec,fecha_futura
TU,4b318d570c0c472a04a08fba97495a0d0e4e26a79739fec40c9a45375635fe78,parada_nula
TU,e899c212427633ab681b5b6671d72e72bf389147c2e8741054a4fa1f332f03b3,parada_nula
TU,b99a0463ee8cb0d0fe8f52194c79aed317fbcd7abea09f275723c6eb7d39c155,fecha_futura
TU,bf48e811b709bd01f6ee5d0a465e9ef8843682db425703323ae047e9bbe9678a,parada_nula
TU,fc041413b4062ce8a89299e06c5ffa9ab7b9e74b34d0a5dee47bbb9699dd9fe3,parada_nula
TU,ed8e1d3809b02e31f0264d21935037062ae9dafd12c57fc011bf1b00f11d1870,parada_nula
TU,0201174fdcc8db0971f7f8ff07ca22b71f9131572ef0072b523b11afc4e9d77e,parada_nula
TU,941b03009707ea3d52ee5e77800782a9f21c41f2a27e8c4e9dff88e84f30d43c,parada_nula
TU,f82c15ef6223bf3e177e7969b32d755a706e60e51972041d4c14a27f69b6d56f,parada_nula
TU,ea8402efc3085a0d426f716e74739ac3f3fc8732ad847f75af7bca5edc0873f4,parada_nula
TU,424949ccea6e47381d5c0619bc435e9f6cf350a7ab77bddbbdaf902c84464099,parada_nula
TU,b656e1e5e92c5906fdd96c91d15e1a0f90fb43a7a6bec1a2f31a44b53f097a62,parada_nula
TU,d5a80edb414f46494720fc32f6da2f25ee4f7b40da7219e412a69d8921480771,parada_nula
TU,a7cdaf2b48eef8825b564f136fefc42087a10badb9eb9b910262f87e6382ff87,parada_nula
TU,9334f243d4d405b76f360734ced1daef13f002319b11ecd71d4640e6c6980464,parada_nula
TU,6c444d507bf87ede5fc2765abdc4d880795aa593de1183c7d50b8340a1807b35,parada_nula
TU,fddd3813a81b891779b5fcd3dd07da86b2c95b6523b9272ecb38eb82892292ff,parada_nula
TU,d7ecc972e44879aca5c85384e092e08d4783b9f713a5912d93695180228fbdbe,parada_nula
TU,d86cc83941563d120f4e2ac488a25715413baf31e3cfe7fa82b17db8933aff42,parada_nula
TU,71fe9644bb176df74818c1a65410fdfd8e3ca1c435f5963e2c482b6059c788de,parada_nula
TU,ba7fc98559135ed89134da49f47229303f904c7e7e78b4130760cdf3366fc139,parada_nula
TU,4325059c54bc04a6b900654a51bd83d32aa8044d59add08f2da87e8289895c3e,parada_nula
TU,1e205ffb59f8d61cd1bea94c6e805614839c8f3625dfc6d5f96af04feff86ca0,parada_nula
TU,2136dcc85d43797ed6b96d94fd51c0d0202a37a42ae99f09195614055bc42204,parada_nula
TU,52a59e63bbf2e8dae11259424d011f557cc70fe8ba29bb2ba80e949e37f54d98,parada_nula
TU,757346c6da730d0f6cb2271f0024d2910dc959edcf621e5365e2aed149ebf452,fecha_futura
TU,c2d4b67f32bf860a386fa87471b7806299d1dbcdea08e5fe6d406d541260261c,parada_nula
TU,7019fd6e500b6a56e18a2c484a0d22289823275a9b1c709f977dac8d3c9ccfc4,parada_nula
TU,f6150a3db1ced9a8e2e0d500b8a4109403e4e9f0ac0d9d511418c0aef12a7128,parada_nula
TU,f0b7a36c87e51cf0ca790aa6a84e43b7f56ca1f62b73bc7b6d7df429686821db,parada_nula
TU,424e750ab18be49568bf808018556494025371d12f8313ba1c8087ec94d8fda5,parada_nula
TU,bf5c0576e7a758fadd2f1462f1577c319512bb1865da767f2ee1b685db03a381,parada_nula
TU,c68317f8bf37ef7348fcbaa66fa67c8a87e86adf9d05f47bc6c5a476995189f4,parada_nula
TU,40117bdc3f2a88e4af6019767ad93693f9a4628d2fa940ac3e03887ddd5c8dd4,parada_nula
TU,8a6d0536faad6ff88909ded71bb9bf0c666a1178fd462732e4458e5d39484a0e,parada_nula
TU,cfa212e987dbee39cc51390323cd03e6ebcaddb7b91e98eadd4b5b2ea2f8d25d,parada_nula
TU,6d2c4145fb53d5921e6fa8253246743ad39cb5e6792e87501672d9928441dff9,fecha_futura
TU,d9d814ce8d7840d17c969a54c0553294dd155306c41b2acc77c35724e827ca82,parada_nula
TU,db8bc6b2867eac01840810a88eca41fe3594236fbc2bd5a39b3e82f76661ab07,fecha_futura
TU,5aadbd9bef79d91f1b1e2fd34dc92241a05b49c64f61b5bea254416da35a6302,parada_nula
TU,1d3755619ba76016369a9ec1039bdd66a5eb937fe6bac1b1039ebd9850e899d6,parada_nula
TU,e8e6e84ef48bd6c2ec94a70492f872c75ae9232684ca1372c47a0c7909ef3f2e,parada_nula
TU,eb7ad1dcb4da00a0586bc265391ee316a9b9cb7cc9abc0d4c107c6f6e9d2c23d,parada_nula
TU,359db9075d2d27f395d1b5fb9f112e8e3e01de689b391aedfbc61f184f52e48d,parada_nula
TU,bf3f1f02630697b4e0fc22a9b3a3ce8dd76230be518450b6a6c947e5d554be7a,parada_nula
TU,3101ed1232255638ec6432ea965408f491bf8121eec111b97438cfc67d7f2399,parada_nula
TU,7d9e17fcabab5adbfed843c17390cc3d78d1ae658aec1cf051ab55c16c21a62b,parada_nula
TU,0ff45a185a3196a26adcf6c4a48e8f1ff4739505edd97fb50e59e8613be6df1c,parada_nula
TU,58544ee085f8b1576fa20807246de8d804fbf8c35379c1ec4b1a4264c49671e2,parada_nula
TU,419ee7c7aa6526ef43db95c1bc2279e31b46e1d491e25594ebc7d04043afcf69,parada_nula
TU,156487b1fbbd2e80e18c737774bc3505eec815060212173059194039471cf12d,parada_nula
TU,d44c27b1e3aaf0721f3fd9eeb77fae911e0af36e493b07518eb4c80b731b9b70,parada_nula
TU,b4c7b1cd137f49abf7237242d72f27109d0a987b502e0fb683ddc2bf4390f01d,parada_nula
TU,7c7cb675116c3a6dd64692a724796e784b358aebd1ee7621c05bf9912d155064,parada_nula
TU,37899afd389551a07738fe3d00dfe1be11568f7f68b50944882c2f551617121e,parada_nula
TU,c8a31af69048ea2b6955df98df02c54089f0ab1cd42e17e6f918244be368d123,parada_nula
TU,9a5103b3b884c8b996ff40aa37d4ac7bdaa2a1c490d752479854d9cf0ba7d6f6,parada_nula
TU,77a12e73908596325ce9c358e75d1f8bd8c11237bd3c9afbce6c948d7484b4e3,parada_nula
TU,b7426f00d4b4d431780d29d94d0cf7e07e39a602f31971313fd62b5080467f17,parada_nula
TU,88b8cade957375b9ac75b98b7c728d04e9dfde27b860c8f8d495d25f899e8ff7,parada_nula
TU,ddc70a2da7f379b4f30585f1f7879a73d5b9a5c43e4f8d5b4256c0be4e49887c,parada_nula
TU,5e03f8e069880ee093c16ea3909e05c8ed603d4260f2becee704b14b16633cc1,parada_nula
TU,994e8e88207e7fe37b9d2d33ed6edd39c21dc07a69c299c67f8d2f82472cc3c2,parada_nula
TU,012c14e8f8f0bce49a167500c84a32e98159284ca6a4d5baf808ba1ddfeb115c,fecha_futura
TU,ad4b18ba6d86f9f6eea0837f37cce2d5ea1ed2a1a4030a169f7c5687bf251ef3,parada_nula
TU,63f2ae8dc8c7ab5f8d4734b175e6b0a6678da053a335edc176694805890896ae,fecha_futura
TU,00b450f58edfa1ab5455669156c7bf7789977e9e5051df2e7da7d13fc29b74cb,parada_nula
TU,4b0e167406eab7fa66032f94276c76bad21fd32e061cd97a0ce752e650d5086d,parada_nula
TU,9a76643555c27ed638f09eb16f867572b4e8100bbb11a01e36588be7a086a1f9,parada_nula
TU,6d95134328768b59b559ec1bff80a69627d2a7b6ae32d3fa61820f04d200c5f2,parada_nula
TU,243cc786ed4ffe66049bd9afe5ed470689174dc67b67fb46e62c9e4564da66ce,parada_nula
TU,a5d06600e3122b3f08c68b876734ba4cd180c620fcc2c503466684503487bdae,parada_nula
TU,138bfeb6ff47c16ff90b5b2def334f549715fb10ef4e62a2f4b5d47722b5fea4,parada_nula
TU,363b24ce81ba62e05a7953bffb8353771aa7f6118063de95339c68e8c2f8436c,parada_nula
TU,e6b3f9254318fe98ad865275b2bf70938b310788a55e8a385dec4a4aec12a254,parada_nula
TU,bd23a41efe8ce2874fc61b55db100cf5e3407415d04debc8b37d703c40503b3f,parada_nula
TU,93fb9905f15df4c510da25333745f96b106f54bfd1f6e9d683897166a6e269ca,parada_nula
TU,39c048ac6cb5a24c4411b35337c7462c173e22963ba6f7d873834def0bc2ccc6,parada_nula
TU,8219bb728845e2e989d946d71ba7a1b5a6d4556b396622d4da7fded67446b658,parada_nula
TU,8a85acb2d915f7a2aec57f95f37218d490f72ff7129e6f477944691ffd28e357,parada_nula
TU,33a5c62904fd0f218b097c39c9d21218e781493582341870cf44f6deaafda3f5,parada_nula
TU,ccadf2ea9c3b3b8fcae0a8697bbb3a8c7678dcec8f6680628a859e07e4e4140e,parada_nula
TU,c48247b71cf0790df4cd0d6985da229fce116963e8c2e5afd37931c97a3ee65e,parada_nula
TU,a2e92eec7805bf3f39c857d86328449024f163110caa31a0090e84a495ac2a24,parada_nula
TU,0acd5d5aa954be96d3fe8d42e2444609c3ae23ba372bba9b6b3f998b83b0de7f,parada_nula
TU,0267aecd756c4dd4edbd4d4cf46c339905813d5c8a6a46ffd39afede97cb56d7,parada_nula
TU,d0281745dce2c2523333a74e75b117d2cfd423967400d2683fcc60051cfb8e44,parada_nula
TU,ce6b3040f274bc43501bfa0977bb74b7cb0f1b32f7cbe9414890ae351dfc24c7,parada_nula
TU,58c3bd0fbfa7eb1975b2c486ea26ede88999131ae441a14b2029c55d4418db38,parada_nula
TU,30790150556fbde14565d39bd13908350711311648bdd6462a432ce80bfdc6d8,parada_nula
TU,c1a8d3113246ae606320b8c2e1cdd376814e9c930d726157baaf4afa296c7520,parada_nula
TU,f7833968947a9e2de9f133af1a5b0152fa9de3e5f81afca7520b318c6648c4d6,parada_nula
TU,7e91edfb287269424d22a87c994bec81c26cc29cbb90ee3275cd98bb018f3372,parada_nula
TU,0be1d269629a0420dd7f280f435f5a84f92e7db00a1f7c6453e2372bec636287,parada_nula
TU,9789f714778618b6362a63f1f5937963edbfe485f2d34ff02a5536fb8d718b78,parada_nula
TU,3f6341946c0ff1d5f2cf21250e8f9e24f4b0aeffe24237d26e1e6dcca1e85193,parada_nula
TU,78c588dd2c095f060d2a27728c810c47dea6492633af231ee69834fe56f3cac1,parada_nula
TU,731391bee0f3811b4e6e63d1823fccd2909e983dfe9ff000df75d0f22b10a203,parada_nula
TU,1284d2bad330c405703b458b20864221c32ecd409a5c6fe61b7154aacd68858c,parada_nula
TU,a8f2476127be055e763a0aaa99f708fc69807bed31bc8899e668e17e18c90eef,parada_nula
TU,ce740e8c9e5ca8f142c96c18797778ed8e318edb7ec94a381174629b8c5105d3,parada_nula
TU,07e8f67e7abcf8b197bf8ba5bb528f2729e7db6baf3ac6aa56ab14638c8c7bba,parada_nula
TU,d720307d742dbfe21f96a274469ec1a651f0f80e58861af33c8a15a4920b6971,parada_nula
TU,e73b10cfaf5ec0435edb65f286906dc8dcd77addaccdf76d65bf7efac6fb2329,parada_nula
TU,8c98e49883d89abbcd638afe0d3bd8bcefd818a01cbccd2b00e2efdae7e2496d,parada_nula
TU,cd99fc4f82e5180e1af108b4282e89a5c2a15bc0488987258989edaffbd06bed,parada_nula
TU,0c978a5b95f2d270e5e27205a5a9ad1dd46d3a3ca0e0a1dd4af9d65785a93ed9,parada_nula
TU,0aee4bed3818cd88406e7ac42763a6d7ba93c57b21698efc4d2e6af052b16260,parada_nula
TU,507fd43cd8d79922858f6878c1b9d9ed2442056932c15da84893bdc600c940cf,parada_nula
TU,bb46955704319626fe3fdb15ffb6ccc9404527b2e12fe0a98547b768f1ca75af,parada_nula
TU,3366e19c1b25bc888730d80f99ffe990450b00a2d8f119b163eb8bfb7e31469f,parada_nula
TU,4db7932efc86a5b9007bc9ec99a7a2028dd13219b109e39708d4f22ca4427995,fecha_futura
TU,ca5a9bb19bbb94928fd7c6fb3ffde4e173389518a7744a9b353f709ad3820dee,parada_nula
TU,dbf98656f265846b94024934d7f07c04aeac35f4cdaea24ce17d7ed4d28c4068,parada_nula
TU,d91e799b64e52b110eaaca83cbe7dcb478457c1870bfa6c23b3d1fdfb4f6c4ed,parada_nula
TU,7b9ba0711afed739a13187ece13276d29ff1e06ab788ece45cb9e9954d432e5d,parada_nula
TU,21eed8f8058ee141713d86ad86916b24ca37d7d9086e1ae1a8b7c270f86a148f,parada_nula
TU,53e5a4f0a94896f7a4803df496abfe55a3895b32d5b9288038754656ff62a95b,parada_nula
TU,7d57aa993355f76b9939dafa04ea26151c159321e2cdf192e6cf4f396c36bd4e,parada_nula
TU,4685b93a55082c3194fbc0a4c863255e7c6d0878c261ce925a2cf336c4d053db,parada_nula
TU,93ea173beae8e05c1d5f792e409aeb89f4b24d1b7aad103ccac3220464307384,parada_nula
TU,e3e4b06e7b2c4b8186b4f0cdcea3ba511d52833d265ac9744b7071d7240e227f,parada_nula
TU,d0a7158926159cfb56cacd95d9944c1a0ad8c39300a42de2a652e71be21b4204,fecha_futura
TU,655f23db3f2a2bc39e4323a8772405b5a484308db7e40c1289b28bb289a86046,parada_nula
TU,7dacf7a8c22658fff4424d528f8dd16b1f8b6e18acee138f80a03f0ae425008d,parada_nula
TU,46cf70a28186b165830c8c86654a557fbfc5c034e112c7329f73be81e1734673,parada_nula
TU,e5f78380fc5dfd0b7069e53092c8622745106e8d5c13874efa3672c680b7959b,parada_nula
TU,a7e5c11e1c577e5b4a67e8f2774c15375461f6e680635d7797d1a9aecc09ddd2,parada_nula
TU,7a29d51258941e860b35b8cfb56b8d90408e37eb283b21438332bea7981a9bee,parada_nula
TU,1d26992c890a910a4fc01b9957d3372a0c707b57d2038524b3efabc8f0636eba,fecha_futura
TU,f3eafc5f269afa2b856edf4fa1db6f693e40fbd4f8da68562ffc1a1c3cbf2f6c,parada_nula
TU,fe22bcae7a8e49bc0fbf80e0a72b39616836a7f24658022f81036875ed98bbed,fecha_futura
TU,84f5623a01b419f6a71410625d2844798aa34e63e6bcba14a374a569cd02bd1a,parada_nula
TU,f0be0604a83bca7476e299b40413cb00723e373b9c53fd5d76241e3c178584cb,parada_nula
TU,1791978c091f25c95d8edad404a73cdc2204e9c72f64fd0d022c37b7d4af0d3b,parada_nula
TU,b62576642807ddf59b374ecc43585a31600d5a9cba3a6489a3dfbb7c7236c29a,parada_nula
TU,33be65dbd227e04b37d280ed9ab40f1f0de7f1103d86588ab1dc6bce16881b94,fecha_futura
TU,d3c0161be405c001c204fd50c0c53b02c9bc75e9cd4ce6ba2337365141754cd0,parada_nula
TU,130a814eb049478d335aa150b9198d84723d7f8b750f29836beebed061afad0e,fecha_futura
TU,40fec9741690fb6b7703b423e46eb887946e2b24f26af31b123da77e57f9142b,fecha_futura
TU,4307af4c480453e526994ba5ffd328eabbb4ecf4c085eb2d746f445c4b6f61b4,parada_nula
TU,999731b86be7b3264b39050b97becdab11c6bd6bc775b9669afee42c9b17729c,parada_nula
TU,194fab860879d9abfa8bb484a240eca734be69e4bd50d42233e7f5d90bd03fb0,parada_nula
TU,66fac0f19da469380051fcec6367a02d4ed544515164ec247fe6eec133827347,fecha_futura
TU,75b149f03f06c7e51d1c0847ffc136d1cdca889a13543fe67033646c1ed0c228,parada_nula
TU,bb1a504b2a83f94e427f14864b7b96825efbada4d94e7c2a69747181b07f1f01,parada_nula
TU,b6c99578570790f2b1b1ec945dbac5898284ec58a2c069297de392b6b1b9c4ee,parada_nula
TU,576caaf4de59e141f24da48682be40d4ccbb53562917f3a5e7b7a249f92e02d5,parada_nula
TU,4ed5a3e33af37f656d1907b0f4512567925c0ec7b332afb9552de5054f2e2ce5,parada_nula
TU,959cd0065dccc402213db1073506ee9f5c72f0a0354de8192f1f112d3a20e66a,parada_nula
TU,e9ee37cbc94255bb97ef4bc6ff356fbf8799cd61d1401acadd17a9399b94b68a,parada_nula
TU,899b0450ab150c8fb5b88ed1c59c4e0e2867996a8d34bca967d756af370b148e,parada_nula
TU,2366799e835bdf540d384a23468323e749550cfe3f15a8768fbf68bbd1bfaaf7,parada_nula
TU,ca8a1e98579200a01e2dff9bafbb59e8e01198b8072428d49f8b5b4b77e92a1b,parada_nula
TU,27e7d14f86f27e495ae3849394abe3a9c1a54f17f8e9869487b1078c3dc19e5c,fecha_futura
TU,803ce1c6fab37abc4690ab3719db026d15a9e474a9f3bbc243a990ecf0c1102b,parada_nula
TU,4a644f8049f6b8addd01076d9c093e186cd35a08f62b2b7b800d64effa9b0769,fecha_futura
TU,8ebccf0c80e00fc99ae0f39bfcb0cc6d1291844f573de866cb8e9b6e761a37d4,parada_nula
TU,567a706d47f4d9937ee542da7b6815fee7d883e64aa400f535d893768934b0dc,parada_nula
TU,a668927697b602d7b6b401249ac6d0b741f0d86003acbb716b439f9230839bf0,parada_nula
TU,b0dc903ec4274b283d1dd91840867e37ab58eb8b8f0ae01e9346a5f34ed87436,parada_nula
TU,9b2bd94aab7af098cae38fe6ac6f542c0f1498ebffd6dbe26ae56eb71d953335,parada_nula
TU,503a542b55a2bad663157b8584a49435159eb76b75078731219b77caa5b1a28b,parada_nula
TU,9c2d4ef5f83216fde6265e44a5a7b9b82564122705d586a8138f716b9862e8c7,parada_nula
TU,7d061771a593533e36a90be31f9cd3ba034d939bf3d8cd574294341ec9089caf,fecha_futura
TU,57b21bb4ce74e4417ead7b609295b80897d15f0aa5224770a6774aa436a48494,parada_nula
TU,17922d3087356b846f1f247a577cce263fbfce0261910fb3f062a5f85e7b462b,parada_nula
TU,63464286e3f0b2dd49c997c0f17946167d1291df93e21378e8b1c1c13a2ae117,parada_nula
TU,071fab0894c060a6fc9e82ed1eab6fd0658f094656b9252036966122cb2b6c66,parada_nula
TU,0c87e0f04f17522e6f4a14fe2995285df9259e0b0a76e6be83b1b4a079708b20,parada_nula
TU,4c1e28a985086ca6a129799006b1d742048ed110bdcfd006723c6ae0330e34a5,parada_nula
TU,8f17c6069a6f33eaf69a60ee42387876730873df29a8e5b28d7a3d5c1a0ef3bd,parada_nula
TU,18a358cf1f1208feed399ed0ef7d2227849d7fd16355231654f17ecedbe77208,parada_nula
TU,c43febd8a1740cf4967f2bdda8b8962c88fbc68fce0fd934522fe5054bdec622,parada_nula
TU,ab692dd603ba5918624db7954b7539872faea35f122db9329d7d53218c503469,parada_nula
TU,5877adf4fdb350ba75f2979a838195e12321f765fc8d7a5791f7110b042606a8,parada_nula
TU,b06677781a4ba755d1e1a02b943dee84377c77fc1e0602dda46ce131ae394c3a,fecha_futura
TU,e2ad207745fa74e9499de4855d0fbfa0a0919f52f60c9447df0e8d1b6bcf61bb,fecha_futura
TU,3b5aba188e250d89524b1a201462877444f69fcf32cc1485b9942687f256e96c,parada_nula
TU,72c129f6c38b31af20d2305ab8f0a3e860c1d367b3bac2997037c467a3372c51,parada_nula
TU,bbd6bacd4187e77f393342bfb47454bf01410d44d16e89e94800efa98fa2abc7,parada_nula
TU,6802131e5bfa09cfd7b261fba902ea6da559fe5281ec48e40f57363883a7ad55,parada_nula
TU,ce8fb7096fdafe3d91c375361bc5aae713d40ea0232994d2efe60694d6bf7b93,parada_nula
TU,b9441b4d528a053d70614bf42f1bdd330ac65d4055bd150397701c8056d472ec,parada_nula
TU,23a013fc81cdce535c5095d43bd974d802b883be1b34e7a830f1d63123d92d1f,parada_nula
TU,0c195eb38ca96785774512617ce76763775c247b40964ddf4de0d6ff9228db24,parada_nula
TU,a02c3cfbede974f51b57ad4666c35d5a3d3eab8fd9c95f9524d2dd6c202c9bd9,parada_nula
TU,a0885902887e286681d8faf0088932f00211e94c18a14cd7cd05e471bca1cfa2,parada_nula
TU,7f30329dd32ca3290db4378cfb692707a0dc245aa3c7b5e2a5de9242e93079e9,parada_nula
TU,2f100a46e2e5c1c7aed47316d90a0435acbaf01ffe7af7a0b21b23b99df4d0b4,fecha_futura
TU,887dbe6228f0039f35ed68db3a4a8adec8382a5fdfc319f07a0bacf6e4f3baeb,fecha_futura
TU,53e7a228f55f42ecb1ece0984e9a0e7548d0b287ecec29b65745504c7c0598cd,fecha_futura
TU,adf54e7fba21b58ba4fd2f32601507db4bcd51923cb36e7c8ffb140a97e1e8e6,parada_nula
TU,869bf86345a511da34a53eb7fb7875de73f2807db7805ea2704e12679cf32b59,parada_nula
TU,4bf9d9387b08ab9be20f040867f6eaab629db4556304b93a6f22c4461c936249,parada_nula
TU,db2abd8e2e6d36cc7fa62903df35a864709fe56f7f6276271ac7a5ee42e10b1b,fecha_futura
TU,37e4f08373741d7ccf0b4624061071c3b7765c237afeaa6566943f32234da635,parada_nula
TU,c57217b49bb6b9c9b5e853c48ed3bb0bbdf75c41313ab2238a1097e71316e45e,parada_nula
TU,128292b440a1221eb5401d38a270ee25e3757a9320ce570f4db01e2452a4e6b1,parada_nula
TU,db79ab88c7b7c06abded760e11b569496401e6431fa73e473f428914e8def8b1,parada_nula
TU,9b7470c39035d0df159375ffa4b2a61722a60cd23a72b4504ba1f36d01dc4c57,parada_nula
TU,c0919ad5a8587502eeed88fb6c6fdb7f3905bcf642dfe9a5383279e3ff934eef,parada_nula
TU,8b76811a917de35fbe61f5c76f22d3bea78c620f7d49a5456de877109aa47557,fecha_futura
TU,b98ef8e855f8a5058b13058ccb494d4f3a46a0154e29161f89d2c86423366d51,fecha_futura
TU,b0f86c4f192a9e81bb64eed0523a54f03eb41b2a5edcbd1aea29a5d67555e65a,parada_nula
TU,a18d0633583088a86d01a024da8953481f117f82a5ffc814da9a29fe39803698,parada_nula
TU,1f05854ec4257241c021c79e1abb5f33f76d7c9cbab11e1d6d7c6de9d2f1abc7,parada_nula
TU,3f9904bba7b39121d25bd10f4aa75dd8537a97b7a26e6ed6a7fd42fb1821d831,parada_nula
TU,e0d04fc1e6afc995b99d2098289bedd31d7dc30a7d709f4dd0cab1d4b93ff4ae,parada_nula
TU,f6baba844cc9b18365c2ac56419029c3b262e69e282ad4f0f1a334f4514b68fd,fecha_futura
TU,ef456bbfe0e2bda684c7d916b55be87baced3970d669a2054c7982b012b97ec6,parada_nula
TU,7d5ac004eca615ded66d8d6e713a063ee16c6611753478fbe977123c92d2f2b3,parada_nula
TU,d75b415eef58a35116cda9e659c166be7bcd584dcaa9e8fad5ea7190848674b9,parada_nula
TU,9212d87964162030ae27b040b0c2b837a24f36015060c228f9b7b8abf349d566,parada_nula
TU,d54ad96e2cf83579a67a9e99cee2ce155197f24415a7dad4421a4f674b758d88,parada_nula
TU,510575e8af0fd695c77553a0f887da3057337023cd64bfd8141aba1b7cf16146,fecha_futura
TU,4f3712dab2a05dc98cb902eece2f3976ef3b54e389c47e9c6112a6fa4eea3e7e,parada_nula
TU,9181ec6a7ae8e7c9cbc606b301ba76dae87ada5e40fdce861c8a689a05667e3f,parada_nula
TU,4efdb5a7a10ddbdac729439e1e5edc358c4f60a6d79290244f0a1966a485046e,parada_nula
TU,41b74427dd2964f136e29ea6671889035cbb182a9ceaf907d6f72730c697b14a,fecha_futura
TU,3c46550f475aa3e78f2ef481989aea376f1346b99d15190539fe2fd58e8f4a29,parada_nula
TU,ac6b5dcce4398be847b87ab6b9940cac52d939c37075632ef3222fa26bc4ea34,parada_nula
TU,3fca626e4ca116bce2acef36c9ca2c175bf20693947b6cbeb9683f9ee8f43410,parada_nula
TU,663545044b65bed9716a92f912c01ae79b4da1d6d3a801fdcd3a19f2cc052372,parada_nula
TU,15ba89f6964246ff9bc71f9cd849358c105f61206389f237bbd3d1d0d3793ed5,parada_nula
TU,d6ec92d5899336b7abb5fd400ae425602ab2fa9e2a65ac4db1fb748f9631e4d6,parada_nula
TU,d9e4bf680faa0960244fd6a8b9b2fd69a8f2fe32a067e8bd859650357ade1c09,parada_nula
TU,c82715759a90f404a153f2560dab474da189caeb57721e016b0f8e0291cb68cd,parada_nula
TU,f4b4bb8040fdb84c7311f44a271cbb6987b80b5b9e9109827ec4209e43a51528,parada_nula
TU,40f13d5a89a5004a877e710a44b503d0fc30d9ac4be310ca6f0b1731c61d744f,parada_nula
TU,36afa3b9ecff2e0484ebfad59a1da18d75e90a6606eeb1b6f81c1e3d473fbd68,parada_nula
TU,5acfd6ad9dbe419385d653ca189a014bafcf3bc47078bffa6db32005df528949,parada_nula
TU,a1fad21da52d7d4305410ae2a056278445875751b791d78cd240c549c89484e2,parada_nula
TU,0e1d33a2da8871bfce22348b4e18b78e1cde29824aef2c4e11173e4ed9f1ff87,parada_nula
TU,f64849acf11ab9c81ab159a04a29e4bbfc06ace9d5f3ebc69d59a86d59476233,fecha_futura
TU,56bef4aaff55a636434c116eaa6812703ed0c3d28cd860fafa5d5e38a53838eb,parada_nula
TU,716c204b15e6715038aaa2f56bb43d9c927b9fa1c35aa7ad374babf0f8ff2d30,parada_nula
TU,0ca9757833b7a08b7e8c0adcfc58979cd590ef93689202d6d2659935977d3a7a,parada_nula
TU,e85b332a36b2048df5567ed6af5deae8897d20a712cb03fae74aa91398884c6c,parada_nula
TU,1a21461ce337be21b90ab8b377c6234973ff61008368507166696c3f49e408b5,parada_nula
TU,b547d3f8f030ca5b0a80c14f91d0461f81ad9c766405aa3e5c98fe32b41fd15c,fecha_futura
TU,2c99a02b9434e6068a0ae4307e97aac66d2766843210674b2877fe4ba7df260f,parada_nula
TU,5522cc0aaf6fd9d2ac43369fc92adcc143d16be6f2364da18f9c1b51fc5d63db,parada_nula
TU,3e692aab40de86e5313db7685651ac4c0ee114d1b05b47f776145cc30fbf4988,parada_nula
TU,6b614964eed7d3be483789b6556128ae846453ac2d03bf2c353fcc61ed8faa59,parada_nula
TU,fc065970ebc14987885388ae9245a5d6709d3d13ee15df2bd45c5507c57ef455,parada_nula
TU,166c69dbe21c92cc6e6fea77c2fed3d371d31e172e4b51012d5bdceb25cc4666,parada_nula
TU,c4f6a3d8d62d1e39f3e4f3e01150907672039a8a3518039bee2d4356e29bc6be,parada_nula
TU,63cb4a2a58e485d8bb6b217bd4b5a5d9335b48ad48e941e83ab1387059059aef,parada_nula
TU,5f0ed10813e434356c11a331304078526218847049485b89f375b31870037e1c,fecha_futura
TU,26cc5f4420459e34a38b10d8b339ab56a685de004c174871d29bad94ab0fd0eb,parada_nula
TU,09a4897a6a15d0e625dbf04636d216366dfcea365240461892c7a7cb1f550d12,parada_nula;fecha_futura
TU,5c1228b2054df9f4cb405cf7496032bc66341d8cd07f5be2887b30dc9b86caba,parada_nula
TU,1c378e0b91ebc92f5314010d81ff4de04b3b7dc2c15fc4ad0cf3313af4efe718,fecha_futura
TU,538d42829bc272d04d89a308bd11285f7605ce4e3daeed94010b94b9cb4e9922,parada_nula
TU,3dc349d8ce9d53fa811b67523db1109677895360967227b6f953cb33bbd76f21,parada_nula
TU,1463b0363ed55d90252d790968246f792d33a7d9cb38fd4a618097fceb1b6b92,parada_nula
TU,e3abacdf6d5b313d18b86a4411b91a5236c61b9508462d657307e01fcec776a8,parada_nula
TU,432fd445bc73921e809beedd3822ed1b48c24d6e440d845f812c649605ac5014,parada_nula
TU,949ff638707ba1b4d7114883223f535d4b6440182a4b31211aab1487f980a53f,parada_nula
TU,e1bdd0f1a89e47e44a678c8e24e511904cf0544668b927e1f06f782243272d7e,parada_nula
TU,e3908538fc8ea057bdecba8e6a05e78cd30867043d6e74dfe2e6045d24e0c258,fecha_futura
TU,e0fe2d388a426041e573fc8e957e6a58b9359d953af33e04c07bc58350076f3e,fecha_futura
TU,ec7b923123da2177465b6c01f074891a0d57af038d820b3b8202c144c7e49314,parada_nula
TU,22ca1cb176a813c1949ae8eb74f408cfa2978a8236063e230a6d202b9f1bb03b,fecha_futura
TU,eb371f278a8c832ee519da9cba835228d89d8b2f8a4cbb54840cccffb834c2c7,parada_nula
TU,aee859298eeb5d400fe74b13414a4ca062abb89d6f9c11b8732e536ec167c41b,parada_nula
TU,88b3a6eeaacef40244ce1d201185afacae9fce20f41fbcd0e76380fc782a0546,parada_nula
TU,3c1d077662e825df4c8a70000f476c59c244a122a8f6810cb36a71d589485f54,fecha_futura
TU,ba11875a2a07341cd2ff1c6cc43d887149c1f8fc74c33bc12625c7540ae3a783,fecha_futura
TU,ab3f0265b8e893c002ea4c81b6dce32a2b96d952520f71be6a80296d10b1cf2b,parada_nula
TU,06d603982d2ed7ca3944d49224d9b6c54f12270de2cb23d594cb749afdfcbea0,parada_nula
TU,b13f45f48cc1078e5397a384dda1d9bbadfed8a52e825c7ceab1d7838eb4d407,parada_nula
TU,87f6816130b2bb21c292b20ca38029b8594d0d3de884c208f3e243f6f885a2a6,parada_nula
TU,8bc1c95f17a34fdba41c3c881c349704be8a17b24b56a74acb645a2c78917e55,parada_nula
TU,245c88e7a8c97c8a10d697ba4debc73a904a12d276dfb1b68b0a277827812efc,parada_nula
TU,17746d600226454d30983fb95fc7298b5585561fe267c1ba8423aefde75199f1,parada_nula
TU,b556494a9045de22462fd0dda13701cc81354dbd0e4f63d76d856ab61639e1fb,fecha_futura
TU,ddc269c3c14aca6d5cd7955fc8053ffb6c3ce6c66fb0dd2a53629ec8e016cc4d,parada_nula
TU,e79eef0a2f7bf45b807c6c73f1f7efff960b9aece94ae3b0c9288ed44cd28b4a,fecha_futura
TU,460568f6cabb98a94dadc9a39d7fbeaa2071390dccfb827153fdcb25962e5960,parada_nula
TU,a15f89d3b97aa666d0d98d0a810e400a67512d83b75aeb5aee7200e0fc952adc,parada_nula
TU,add49533fdd446636be5d83cdda7e2892bafb5909ea30ae14afb8b7cadb0692a,parada_nula
TU,217eeb9b8ed53967d2be4a6107945d4bcfe1b722dff492399c4752aef448f5fa,parada_nula
TU,eda8d4a0093aca04661f76a7dfc945c7b4083acacd505f1383309be854ea5b8d,parada_nula
TU,357ad8b5eebf13f4713e9c80e1ce9a766d2e577e51001447135e61d888091390,parada_nula
TU,e53a5f6759ef3fe4fb5478f20452bf6310531d514e45989113cf0131b08cb956,parada_nula
TU,e210565a77312a26f9e3181b01678828951f15461af50127774cc4612b8fa805,parada_nula
TU,174236da4cf4763f9c31ed19371e7140eaad6983a796cbe54f1b636e31f86476,parada_nula
TU,6f512b378cbb3c9aed1942b35a903762487db5ad687a53e3a84c9e05e8b86da1,parada_nula
TU,f6e51a259be7fdcbe6b675a852120aea41acb12d322dc78f8e48c371baacd0bf,parada_nula
TU,26f15e1747f314ac00e2c680e7321ae566d53817f07f3ed1de8096e888eaecd6,parada_nula
TU,abf7fddf8dc4789cc8a608ca43c70ce3ca3920ac4e6423e9e3ece5d701b6de1b,fecha_futura
TU,0f4cbbe4a55ebf84caeb784baa6734ed9c3bb2f998e5807fd8129b8ac376a1bb,parada_nula
TU,e5730ca60093c8dc3eded1f1723d04181c334af0a7c6f88f9b112b28902adbff,parada_nula
TU,1279040c1b67f9911bbf6aae00da7db1e35c51590970ab71961991b8bc872284,parada_nula
TU,1d5916d3bdbe571e2309a8b27518453049c33eef268be4de35cc6481ddd25238,parada_nula
TU,d2999cf0f1924e958d437b837e22c4e131aeb03f41f0f2f34c20852df26b6f64,parada_nula
TU,8e449d0bae5fb816808a1cbf19e7a9ae4eae51f3b25b9b1e3d5efdede610a577,parada_nula
TU,345c66ca659bcf07ac0f24a523191357e76dffe4cf7a02cb40ed2e50c28a9a91,parada_nula
TU,f2ca09ec0e1b16ecfe4a200d9734dc175e1cf158ac6b70951d9166479b605ad7,parada_nula
TU,e2649019f5ec52a4016960a4398084fbdcee23dd184bde6d370ba4fb20a097b0,parada_nula
TU,30b19125f4db276ec482e44a5c0acae52f2a602dabdf67f8660b4f50b404ad26,parada_nula
TU,394d3cfc75e460b021f3df706b465500eac8a1c7326a7cc90a5282b1eb1de96b,parada_nula
TU,670ff31684f8c5ba92659ddb60a52f368cc3982ee7dbdfabe0cd613a70560b50,parada_nula
TU,44edc1377f88211dc495ff4941c5e0c772f84a871468418853aa0a4080020202,parada_nula
TU,d09b0e57676ee70d91e8b0ac185d701976603e5f2a15041643c80664f983fdba,fecha_futura
TU,a4af72c86a01b547dcc0a3d458b764f285d43cde0fff607f955de042a6f69494,parada_nula
TU,df03f8a62dffdeb75f61baa9b2f782edbd9729cd6c8823760ddea4997a83b43f,parada_nula
TU,4ee5f52a26b0ec566ee5060f8e856741051ada9c0e939b029b07822539db43f8,parada_nula
TU,72987c6115091e4a49da6fccb243ca62492bb8d4824d51365cd5fa9562ddd3b6,parada_nula
TU,7a07a3ac812a7478dbfc6b1c689340f01b926cdd0fc8cfce00317082715d71b9,fecha_futura
TU,921df50af2c630c3d5198f2636abefa63153f5d91ee3671816c2bd852a64dbe4,parada_nula
TU,6c36f257f1f5e2ce3a32687de836a250d11fc5efc0cfa9f5f3178129d3e2ab94,parada_nula
TU,cc45444c91933ebe3a24ed09f2ba47c9ab4f84a7de40f484fafb7b62d3c63556,parada_nula
TU,0bcfa28aa6ce5c573c930f18dda094b6d75e82d317936eebc7457b5193296614,parada_nula
TU,73653deebfd412561fd1f0728086b759b86daa0f38dc660591f1505c26b0343c,parada_nula
TU,5109565ba6a858b460e472ac71f67abcf0c79b508272cfdf7f928a6a0352f7c2,parada_nula
TU,298aaf26db0022e7f7124740fafd2874da9dece71e2f0479fe8929ee148ee6f2,parada_nula
TU,648efcbcb6485a84751bd56f85d91e5c627880cc5afcc625372f5e2fa549449d,parada_nula
TU,d2ff0e45822f257001913d8a5213c47c2eaa0e731a39b36eb3e24cea3a50b3dc,parada_nula
TU,cee33154a9a062ea64bc93c21ad48d289b05799556e7e2bc63281745fbae4255,parada_nula
TU,3801038096bd87d68502333bf352ff248e27fd4ca80f0aea85350121c92d6108,parada_nula
TU,70fd97f91f6bbd1095c2fd45468c448f5c1e0521ce0daecce2d37bf34c5c42f8,parada_nula
TU,da73afb4e66eb39c1bba6b005cba5b49ff337f1a1f4c871d0840e3f86fb4e46e,parada_nula
TU,9288573c1789ac8e755f363ae6d75a839f3e54b1786fb384d4159011b6523989,fecha_futura
TU,4c0d5d00f348b391f8dbeb31bf0e9b9110d28df9243b18a2cf4f14a3d2391be6,parada_nula
TU,3ec75188224c0bc96257220a7afc68869debc751ce715aa97b72b23a3a99e85d,parada_nula
TU,173af968af74471c71d3a56175e7f513d6becd485f94dd731b8b133c23ee73ae,fecha_futura
TU,b8ca4b8b8f924411b9891f25c0e6c1648dc2d5248891d449f4d316c18d02e39c,fecha_futura
TU,860e8ec76e004926b7b1e3f130a8a33dd25339406942e50f3588c20315b70e3a,parada_nula
TU,fb7110b0c2bf501f334cd41643c40e40d82af7fcd278c748641f8d5e4df8b25f,parada_nula
TU,4168f2c482670023d923ac67f6ec4263f9d937792e2c20424ab269864772080e,fecha_futura
TU,b8a1e4b1acc9f6d02e70c3a238d57991b0d5c3440ebfa12a38146e83a89ed5bd,parada_nula
TU,b5dcb6b29e54530f64ada99f369bf11e503428490ef155027aba92b1d5981628,parada_nula
TU,493ef0ba6202a11c02f1604d7e4dfcf518720850dad0a7a46ba654d75b16f4f3,parada_nula
TU,2b0a784a0a8e133a2a4a2d6e10fde990306db762fe7cd8787abf0595399b4cec,parada_nula
TU,cdf95b503d2c265766754eb9c8802fc9b31ff0ff3a45a085c6c1bed44b1eefa3,parada_nula
TU,bf830a673fd33818e1f69dc86a415b66cf21a0f2f08728ef6ce2c6a35af35764,fecha_futura
TU,de7d1f360f5d2cf50193f29b65197524554d220885933690855e2c4201b7b53b,parada_nula
TU,3577b9e98121a0ab82b8253bf34e2a3b805018bf2c67b249a8102f06d607be17,fecha_futura
TU,e86c03423abcc288313f88a3f4dd32887967a92adfb513b095862dec23e926aa,parada_nula
TU,177441b6d8a6a36dec1b2a112f012d0743a17e1ccb40441d061a8cbd1bd05e5a,parada_nula
TU,839f558865f453aedbabaf44e20b8427115bc3747a0790b73e42f89dfb8bbe13,parada_nula
TU,a238620b8f836a13982596ff2de1de4f2b015fcc8312625aed2f48698507b4dc,parada_nula
TU,edf7f227239750a7b88e53d407f541745df5e432a76852311349bda560d334c2,parada_nula
TU,0b9c740491fcad302075cf4a2c27789db7a8d19bb8e6977afadafdaaab5873d6,parada_nula
TU,a90478eb05606993364c4687226a3b945dac0d1455554ff8157304a362af0c8f,parada_nula
TU,d127e3d2d5f50d239f7b8e4710dfe7d465c4472a5b874a7ebf1f3a00a8ae4c8b,parada_nula
TU,d55b80c173f70cad9021919b3ea1b907b35176a2dbb23b331ebfab74d009a433,parada_nula
TU,5d6b4f9ce6419dedbae54ea09517ac55b2ae1456b1c074c08dc46e4ee222f50e,fecha_futura
TU,af03ef94cbb8d18089d55fa4a9b3b742f0da959e44e4a60ebd549b844d8d1b24,fecha_futura
TU,76b1112ffe20a6bdb37c1166a22c9ad63cb6d52fcd868204870398eec17f5814,parada_nula
TU,28e18a386d599f8b7d74bc08a3ad299f9c0ddc8fe06b7e4c7a4806f8b41477c8,parada_nula
TU,f80f605e487a478a5cc7c8704a7b0f11f4ee75eb9126775135f379b20937bc67,parada_nula
TU,6c4326b42549f2979de60828d248863411b53477a0f7d1ab0415f212e5ae488e,parada_nula
TU,0d47e882a9a724ba0a8b47aac30bc47341dfb7315e51f13df209253ea89dfa81,fecha_futura
TU,beb43a10fc73e4bd3f91d417b620ef6640e975c8504fb68a709216bdee2952e2,parada_nula
TU,3bf9ccf1054690ca9f1a6f37200e563352f4a12c2810ec0b64066ed11e53c268,parada_nula
TU,69ec2f99696bf8aad8ea1d0e61d12860645b42a976a871bba34fe1d1fffc149e,parada_nula
TU,2535d8c98526a5fbdee01aa8505f64180f46e824bd5821f4be7d89edacec55e7,parada_nula
TU,526aac320bdafc589eeba749ff1822314b61ee172376b537ee974f5b8d896317,parada_nula
TU,e18fd8e6d2c8d53ad5ea5ee310693f41c088169057239599b25f346108295a7d,fecha_futura
TU,f5ecf0ff7d37e62ae63e288e0a097e3329d169601f181bfc1aa08a98fc22e782,parada_nula
TU,2d44e3ee30cfacf2976c19a445ce52f383d70bd40426237b3f35e03412611f9d,parada_nula
TU,ba9eb88a76525873cecd54c1319f92e52e32dc86f67b87a16216925f13808fac,parada_nula
TU,6ca1f8cc384b3f8e8a22f16589ce812a1dad5c6de51639fc8bae207748f9d3c3,parada_nula
TU,19eb6b057cf088c01a2cceeac910a4452cebdc0979486fdadb2f638f88f14407,parada_nula
TU,c7345abca2bfaf9f48ed32b2556b79016f5d878c32f6a0c125b96f17b61cf776,parada_nula
TU,b88ec044ea6f2bde369087c6e368232708ffdeac286f2dad878887d284c8ed92,parada_nula
TU,48d3c47598aa8b6064efc25ec2f80c14fc5545c8d883614ee49a30b47a722aa4,fecha_futura
TU,18ecdc2bae2f23cfdc4ed3020b38e91ab6ab4f8c7fbf8fca3d3de0cc93cb6556,parada_nula
TU,3f1e9b834f196314dadb05652f8083cc421fff391c885af942b43abb3dfbd03e,parada_nula
TU,5c5fc778c22397f2527d7c7421c21fd0b3bd9cd1eb7d55f07a215139e3711fae,parada_nula
TU,a0469f6da6f73a8396aa293e4ded83f07c0b7fb5bb88e9e46ad518597825e4f7,parada_nula
TU,bd57350aa85d8b079891ef59d8aa9af63d9e659870a2ffbe8c7128349d10f241,fecha_futura
TU,41af1abfca21f4404ff86a33cf292726cbc03f87e49b0381568857a591a3570a,parada_nula
TU,9b8afad22cb61a3c76c732b882f9937e5792dbd8c2d8145201c30b8d380b64aa,parada_nula
TU,c463b38e90b9e119f440b9986f8c66f02622ab936bab1070360f170a310ed569,fecha_futura
TU,9394815313aa88a805a009293c587325eac7eddeca6ae19f007037236381ae58,parada_nula
TU,2b37e967da0cb0069de0076f2f82d23b6cf7ac29e89f7ff612f8b51797f25759,parada_nula
TU,24a806bd19bdd65175cd2b168a1bfe4cc0e83c923e794a4a214ddc62e0e435d3,parada_nula
TU,d04eb397ab2bfb9ca71a82e80be11a0f46c8539e8be7fb68fcfa4f983056191b,parada_nula
TU,9c824927b41afbac4fb4dab2973dbe67a815957810cc9c42faaed2c936ecd733,parada_nula
TU,c83bb645c91788de2ef711d110c085553ea4923f5d3dd4c41f86cf846ed2474a,parada_nula
TU,3d8b590a0626457e0ed1a79e04da8cfc712db9f8901d4a4f1e1f4849df7da240,parada_nula
TU,bb98ad39b432ece937a65d07841f9ed2869bfdeed3dfbdac6c285b267d863835,parada_nula
TU,d52df0c8e6891e402e52805bbd3a0b464637f388a8debd8d957e80896c2dbd1f,parada_nula
TU,332a8126169fc0afa7aead7003ebd21cdd4d8715990389b3ffe094ed8d58601b,parada_nula
TU,65f3886604a8c747ff330e77df1afd40c1b657bba8dbc557e385152604306a8e,fecha_futura
TU,5b622f112c6a9891b3c9eaaa47d9ec6f87596d8bbc7e099313ffe9d248a7f6e6,parada_nula
TU,da38cb8e0bb3ac310e3a35278ad5bf4a927f91df6ba2d9343d48b1c13f9b3e97,fecha_futura
TU,f53d4bb746589ea13d65c44f2f8d1a85e692596835e92126279e7b66f8002ad6,parada_nula
TU,4452d05a8af55f6c85fb3985e9491dbfe6129272fae479c51f264eaaed64f046,fecha_futura
TU,16d4e8224be4bb63dd3ff92c1d141174edd201148a218f9cfd4f498e33eea18c,fecha_futura
TU,c8b658cc6556367f1e1aec73e103adac0465c1a3b0671dd1d242e5a46c5400c3,parada_nula
TU,732b77bdf6c9551534ddc336c2e895903c8af4a8a7ede01e631a56df8547ded9,fecha_futura
TU,59c12a12fc2fac294df4425ad0157de74d7759461e5672abddf781dfc080d971,fecha_futura
TU,9aca6efb1d6ec51a9b7b71f79408631c8c5a19553f44b43718d559e0bd0b9cf3,parada_nula
TU,37a83a96885f5f89003dac7848f79c1da885db10bed4287d3b1279726f73c4dd,parada_nula
TU,9580555d22451a398f4f58b6f9473e18af5ad1267e94dfff3eea8fc1ca2218d4,parada_nula
TU,7c5b498c11cb5e2d8a259e739a879d30f99fbcfb70c0153176ae3ee47b869ef2,parada_nula
TU,163ab0d57801063818f524dda04e554cb54e8101ab275fb37dbc4748a0ede9f2,parada_nula
TU,ec6504c80b45269e7b951ff5cd346413af8fc77932ade64256d105b4dc87c9b0,parada_nula
TU,31e220173ff82e0ff9f73fb3c3399dcc9bff41a3721be4538715c0eed9cecd12,parada_nula
TU,62345317a5575e83b7fc52d4179f48975b7e39a13f2b1b5a49278d768764ac45,parada_nula
TU,663bd88091bb6ce7954e4ba80f670f027704d1d01662d42e3bc395a450e53ae2,parada_nula
TU,40c4877a23b88563ffc76e35921da4ec99c911a85ddb2365f3164015a8c2bb00,parada_nula
TU,2d009cca8fb85d9bc4d488cf168d88acbc70b01f0aa67879c280b00df17ef195,parada_nula
TU,5621b40db2ec9bd0c3fcabe58bdbe97f4ad16be4f0d48f7baddb7631d9e2b6b6,parada_nula
TU,e7e36307e349af3ed4c65502a44421c988adb92767bca398db47064231091b6a,parada_nula
TU,d6f22fd4284107e44299f46c9b0f51b8c452568fab98d7408e39286002d90e2b,fecha_futura
TU,b46d91a0e6c9efec1c56aad63e6d9ec4f914a66b9f4922846a6c2223cfae663e,parada_nula
TU,7bda83e306c19d2b45416b24780421aa73314db02e31984a3110aadbfbd8f9a4,parada_nula
TU,fffcd821dd0fa189455fd9e257fb1df298fe4823e5f2f06e0eb9496e5b6d26cc,parada_nula
TU,3d694d1251bc559a46851eacd560735ff68d27a59f5ea11ee2be5cb5a45e0f61,parada_nula
TU,8388d13118ed38fd82cc591ddf1dd82ba387d8644a809c6209d0147026fe4a86,parada_nula
TU,1ec6cb093ebe2a329214aa01d9ac4fe55324c750bdf0ca368c2c49547a2116e1,parada_nula
TU,961bc75d93462b86c700d596884d45e267b760d5d0e6982affed68c58f00753c,parada_nula
TU,1abac7f9464ccdf3e50b8f1d1e95ddacd58f324808314166807a7b589a55d513,parada_nula
TU,83acd857c5a441e076035d9f8cbb64ed39d96dad6e5eb39742e6b3050c28a020,parada_nula
TU,e1742591d60a5ce0632b7d178c1f3ff86f4380de7c7973ee7a17ea39ce157c77,fecha_futura
TU,9ac5fa69b8430c65f5b0ae11fbbce3760e8a200fbb77d9ef864711ee3867f058,parada_nula
TU,52d3815ecc3b92c4f855a32761fe6d95b58e14c5593aed160eabcaa8fc269f37,fecha_futura
TU,0b25d99257ad3f9cdf87bfe6ecc8c4ab361ec2ec38fc364f093244fe020cce9c,fecha_futura
TU,3a96e01c2904c4fdeb69690f6ff34066a82304808221e752607d36e5d585d193,parada_nula
TU,ab02a34ac0afa8ee5e56f1e72d26ace7c0066f00750a99075e30f893d63257eb,fecha_futura
TU,76a5da37da681641746b03df6aa11f589dcd599cdbd90fe95c20026afd79db8e,parada_nula
TU,473da1f70447f99cc189dcb0af3ef021c708cb63fb743c627544fe0023406ff8,fecha_futura
TU,0fdf1692773f08a146c17009bc3dc2dba1bf5f525a1553a66fdf3b7e2c2016c1,parada_nula
TU,5bda6d0120385fd085b693fbad41164e422c43ce6a8fae73897dc30f8f54bd43,parada_nula
TU,49dd6d3bf7a7bf9a4809210ffb069581105cc2894b0b39a4a9cf11f5fd761bf9,parada_nula
TU,29a349a44c5944d8e9e0d9b39c70257c4cade79da79d17e604859a0b7644a3c4,parada_nula
TU,3d7df76ec23d96e3d0c4485112fa38ce9dfddb3532ef7269100d2531e7bd8ce1,parada_nula
TU,7ddc671ffa696d484d5b37296f9d79bd1fc28c816247f2d5588eb221e32e7a8d,parada_nula
TU,77c15152e5fc1be8d67c32e0c15e21b33debfed73cf635fef28e130bffff3ef1,parada_nula
TU,6b1eb1a470bf2e6846989306a6da4fe2ae7baae013439634ec1b01fa5bc831f3,parada_nula
TU,096de616fe7ee04c9ddd5f5991dbe05a89640691d87d8e79e7bcf8243256c84e,fecha_futura
TU,5fa723778129559822db66f06f3f02ce1194700d7008f4ecb32e44fa26b61f76,parada_nula
TU,aa2676760c133f40d90028e6f20afdc9a57d127bd78dd582cad70c01a0901e64,fecha_futura
TU,5a00491652d4a0fc188210c34a76857df628e0d0b3e832d1fa8717b289926792,parada_nula
TU,4eaffa624652b537af8db8251a3cef938ea02c8f5c8c9fa1db9a1c662128c3f1,fecha_futura
TU,b973717f2713a0942794dd5a0ce823ea6ebdc07f8dcc5348bfb31294e59240f0,parada_nula
TU,a10752c1a3fc5da86c810aa17832a054bbf4ba308cae76d25d8063d7d4b98628,parada_nula
TU,0e46025997c1f66147fe62d3adb61737d3d6a0817d2b5204cd676a01bb48c6aa,parada_nula
TU,21a28b049166eda73440ba2250ab94c6f8aba3df2c3a4a47fa7b1f094b0bf731,parada_nula
TU,b40aeeef61eab03426b69311b3897259d2661c6216d97d464ec38e6d0d130eae,parada_nula
TU,8791ff9a3844f49bec43a74a65ccf4f3b9ef393684711ae70eb77a2618b3d551,parada_nula
TU,28dde995f9d03f419596023f03a037e51e1261220292f7d0bdcc683b62eb125d,parada_nula
TU,134a86802b4edcd85e2b4dfd2f4a86f46ddcc3e223327d3793ef0f2ab39857ab,fecha_futura
TU,f027460feeef6a5524fb73fe0a598c66aa053510bd23665fc598d962fc749f2a,fecha_futura
TU,543c2077caf099a2b241debcb6916506b061d22e32c34ca6bf117e2e642f4aaa,parada_nula
TU,5af60b763f0c63649cf7ef51ed6f35b549fc97208b232fdd1eeb348ea039c233,parada_nula
TU,4884a106dcb9473a77a708987cf9839bba5414e363f5e17ffb0e3eea88510cf1,fecha_futura
TU,4be9514b93eb3c4bf96d543e6deb02598d40360848648997e2307ee4da81bd2d,parada_nula
TU,5838144e79af8d124c5a0cf9aa15181a0d032a127bc6a6bd0d1d1165ddca5286,parada_nula
TU,3d6aa61566485254530ad17a600dbe9b2e32e5b53550c9688232f080d6f14d24,parada_nula
TU,86a22f09dd010d9e2bb6387bbfbe006abd8c54c15d02d1037a26df239d9a5f50,parada_nula
TU,91a2554cb3ca4791bb984ce79e9c4ae8357778e5beee454e23ca832c89ddbdcd,parada_nula
TU,59c6c3c54c68a8e9223fbbb2fb11437584f8489e7665dc1277d799a41f89e0f6,parada_nula
TU,d41ac963435323024775b0ebbb77eadd4cdb73bdaa61460ea9ce0b6d6e4844ce,parada_nula
TU,ef71ccc5cf86359e1b1fc17d8f36e88e097c4cf93f1ecc67d73ef8489e602457,parada_nula
TU,d15c8b06fad9f4005ba68414c26236a98eaf41731773faff2e3f20b3434a1e45,parada_nula
TU,dc5560f5d631e530f28e92ba7b74f51e7ae0ca0435169f6f9246d1792b668a34,parada_nula
TU,2c9c4325120fa7b8b73dabfbc7bda70d7a2acf448807f808b97c3550fbd48c2e,parada_nula
TU,56b8de2433882eb2b6341d6c8aaf1c7f9382d1e3e387d94f7682ae6ec9601ab8,parada_nula
TU,2336207bdd1b9cca084924b02e3aaa76ad92d49a1bad6baa3413e1486c2e7639,fecha_futura
TU,5dd8b5834c4aba96db4fa4cb3c1afbd2d25826607efb4ad7e179a7f1c31f5d25,parada_nula
TU,6c1f4d27707d8b458fdf6e8d8fc9371451c77ed4b4a99b95edc6cb6d70ff52b2,parada_nula
TU,bd818548657e42b9082acb4713cdc4f890c7f5a1e227a02fa03f8b5f9537bd3f,parada_nula
TU,780c0aebf776555d2bcf27358e1a442f9a83cee2782775d9409a63676b0ad8cf,fecha_futura
TU,0b90263f5646367b762a5a0d2aee0a9479ebd3ddce5733338e633613e28208d2,parada_nula
TU,3b4af545a05ae5885f7c92f3b0498c43d47190e1ea21dbfc3d4d27adcc401164,parada_nula
TU,c91e0b5f4a307fcb9decc2757f96db9129555f880e5d4c6a53df5ea8c214d3fc,fecha_futura
TU,fa5f9ca4b4d4c93533a713a9c2e0448d0cd184190f3fc405672a8483d40a1014,parada_nula
TU,c294c2c97e0e586bb253d030f206fac73279eeae44624498eceba81fe8190859,parada_nula
TU,198793e2bca4e60d15916a2adcc3445f4720dde2a491b53dec44e3375aa555e4,parada_nula
TU,c24c28e818ce9719f06775cebb48aa4b89af948f167e8193da917ec360e58951,fecha_futura
TU,d0031f30a90cb9d7cfe3d10efbd946292544469cebb365bbcde7a063befa394b,parada_nula
TU,ea1771b09f948de7c5a2de5802ccc6023469cb196191877346eb1bb8cb0ce806,parada_nula
TU,c8d03a4a14c0884140e6f69c1d5ff574b7642a8606d3099db5a7525a121ba9ec,parada_nula
TU,52905f0b5b22ca691b296b361e18166d2da1c91bea9182ba4c65df8f73ffdaea,fecha_futura
TU,0596357d807fc6211c4b5b70b6e4c7b35f57bd6129011ccbd4cf26397876ce6e,parada_nula
TU,687af80d2c73620762e846655f8b714b84477a2531f18fef09d9c782373a824b,parada_nula
TU,bd42ec65ee4eac288380b5945c670c2c13c39c45649c5e176b42992cc5c6496a,parada_nula
TU,13c1e931d606319cc7a97aa8dacd71724929e25a4087d6d258ffdb62fc045069,parada_nula
TU,06ae692c48879a65a9e77c88e3dd81def9a91d67f11cb8b87c405703b2751efa,fecha_futura
TU,31a9c1e5eafadad2ed6196895e342b9db4a6a2b62590f9a50c3c56cdd7481eda,parada_nula
TU,9b2cef21466c24a4628677c238b7a01fdcb0728311b4ab548491c8baca8322a0,parada_nula
TU,054f6d4078331bec4a9c0003d1646336a17b1e4f6cb765e4a162eb298a20ce4b,parada_nula
TU,d8d30a27ddbf3cba81a05e884f73ad0ebcf1be6b45dbbaf0d0857da9d252cd6c,parada_nula
TU,664b97ff99d76ca373dd2d567664a73d7cc1a285c3d73e16841ae0ba1a29651c,parada_nula
TU,4c31cb49e247e9606f0a595a058dc1a489c5204036df3b66b6ec7b73dc71438b,parada_nula
TU,3c3364792f339bbb369064e2ba2d59451b7709d7b1b9f099cf45170d3f8396c9,parada_nula
TU,11af9e909d0a9ea2c4c6dee1678f322646d6b6cfeaaf9dddf43cabc816c032bd,parada_nula
TU,874f80c81897295b9198ef38e8626016789989e1933c5308b0009cfea349aa41,parada_nula
TU,4d7d5c76d7cea2377e53aac13b28f1279fb0f1076bcfd88f6f5be2931907c4ce,parada_nula
TU,6403ca0f3223cfcbe315bb35609ca836425953f1548014c59e4ddded0a752a95,parada_nula
TU,91c4b21613ccaecb915b1a7591bdb28844706e48c93dd1f2b55b473417bda7a9,parada_nula
TU,cd136a07521e9dd1c2aebe6567f5dbea8939268ddf848c97707c5358c4707a78,parada_nula
TU,ec58ca4ea8e202c4422265f3ffa7fe36f2b1cd6e21905cf9174943286e4c9594,parada_nula
TU,682cc5181f94529e0c6be77db9d195f34c36149d478f9d1804150f465d0af183,parada_nula
TU,20ba31f46b78ec0506e678d7fbbc22663b920c346699f019fcad947759928473,parada_nula
TU,ba445312f4d70bd9e666dc993073c6da57c2f76c7d96435676f5d8aae47fffb9,parada_nula
TU,81c4140740de47382fd4c48e3e1cb1d43b841038bc36f22e0c8421c31ba6c8ba,fecha_futura
TU,76a7f9c61baac3b46a4184bc9ec6f392323c61e1b4c9861301f94fd0db70602c,parada_nula
TU,e36c02c53a6ee001265e750810b5b41699cc18689d784e65bb7e9f88d76a3c9a,parada_nula
TU,1bb3697c92be9386ab0d9eeaab3469369dc5e24938c27d0b62e6b2e0da866330,parada_nula
TU,ff93f658922c3246756de09698724ce9661030608e89f59c6386b7037c6e13c3,fecha_futura
TU,0445bfd50fdfe39c3665ab1073dc103a34f86f1728096a208d2cfa5dbc423b45,fecha_futura
TU,43d776831608b2be745acbaf56c146cd1c60624451858418cd467e30b2ba348b,parada_nula
TU,c8bcf5629a54a2458c792fa80c9afcb37f8f437b7ecd22d50ec2b52164b846c5,parada_nula
TU,b5b1c1fb722834dce53a54aa45f7a1eb3f14eaa61ab002de368db025a929548a,fecha_futura
TU,43981b96386986bc08898074e707402f53c56d8653d2ef650b3f6d0210eb53ae,fecha_futura
TU,057dc00d33f9b655d8f56a35cfcc1bcde64c0da99fd6469e9b97a6209243bcfd,parada_nula
TU,f61585e588198e03d5adbd61c9634fb7ab63d20edefdc86545a8bac5c5eefde4,fecha_futura
TU,abfe03491db5f7506df7591f11ff8769922aeeaa2b3401a105ea5ab244a8be98,parada_nula
TU,3f13e46216e3a7f88ef91ff6f3fd799e1b4eb2ad75ffbce68e91d674a82b2942,parada_nula
TU,0d186ba4949635f27bc645699f3f8b5a7751089dcb330fc2ef06a5ba3145cc2a,parada_nula
TU,b7e863f7808b2a1bce38b9753d738498e8289618cb3bdcf0419de9cc8375a512,parada_nula
TU,fe84eeb0ce816607126aaa38892933f470d95416c9d6fb0d0725843999453417,parada_nula
TU,1f7d5320b1effe21aa908918d755b385a3cf3a1c19fec3e49df044d667cf61d2,parada_nula
TU,49fe65ec9cb8736f54c3312dca106a509718230b029d07439b777348d735b54d,parada_nula
TU,fbb3a4eaf60759f72a2196cd1c10300a9dd9277dce57ec1a3c418a6da127180b,parada_nula
TU,14abda406e02f36364163df2c004e809fe02a2153ecd296531c87375d8a43c1b,fecha_futura
TU,c9a87c2e8afca2c2b17d2919aa3f1bc60b30bc7669db6902074aa0a7e7894b12,parada_nula
TU,a9152560f0439948a0708b9bd3dd899caf9ae2b0d7d7a108d282ebc9e324357e,fecha_futura
TU,6c70da6bbedd8b5dc99145d32d21fafa0159b8cdb58321db1dee1e9cc96a6c40,parada_nula
TU,2fe644a4e3a5fd81e0ae6ebddf40f86a1247a3180f05d48be091c211eaf67d75,fecha_futura
TU,a4dca3f67ff79e9d6370628c71ae8aabcf1191098d9332b39c0f1553819ac0e2,parada_nula
TU,7539f9c8d906d55145026fd1fb18f9e51ed03712f4c14a1ca119cbce8811f1a0,parada_nula
TU,51d0c2bffe3295f7a56d11e094b898efe92aef2f1ea449276333f7dbc2b7876f,parada_nula
TU,475d13a03e5a951e18a62d9d97bf3808551dc47db82a97173028244e9c419b6c,parada_nula
TU,8d7e490bdcd5d2b1c7808c4b3d27b768632c2898a48f9b89e1f8e2dc6c4d1828,fecha_futura
TU,f42f49ad6edcbd9183b5a7cb676955bab5b83211f78a83d164f0017f53ff9efc,parada_nula
TU,d670b7190f80e50aeb54bb38a45b11610e84e48e98824d2b30eb1eb10d5450fe,parada_nula
TU,744ca031c5ecd2238717bc81a308e6d06009eb67ac280b723f267f4369beea5e,parada_nula
TU,992411d952c961298be858d02656d45737720660a9d642b4d19d91d93f7ca7ae,parada_nula
TU,402e83a734d2b565f4e00ab5d1ad38895a56e35499249272f512d9dd307bbef4,parada_nula
TU,23d75e43c895d56b63d486d26b979b7815a6b17913abafd678273033eacca69f,fecha_futura
TU,c6bef6f9d53b528d69d9ad003ee4d23190fc1a1b5fde0de86a73042258262277,parada_nula
TU,a0267427a064ed09e76372c8ba54d9564051c1a15e9a34b58af90650c80c5615,parada_nula
TU,a80f4a3925208856e1cd8576a67aba1470b6136d2c2bba76b89acee6c5de1d8f,fecha_futura
TU,efc253e477fe293977b69bd2ff81eeb2d67ec535596f6b460c004133ef631261,parada_nula
TU,d9c92f753d7bf6f1f1d90589546372796daee2e6be7374c75b99b1745e06c825,fecha_futura
TU,73895a5d3ac9ddebc355d507f3403f93d366a086c000c2aa121b95da3810e387,parada_nula
TU,0dd0af7c8d9e4b7baf5b94615db5e564a77d1a46bef779055f5e3c49ea717b1d,parada_nula
TU,389a28c7f8797a66d01fa527ed29be3fe97edc20224e4250cbd87ba3fe4dc1ea,parada_nula
TU,1faafe1b790187b7faf8ebae4b26d641fc557d6a24bfc77b430ec09f8d1c73b0,parada_nula
TU,cb5b290de3288127c55ee17483128da5536a04491509ab92ac3e5f3ffcbb677b,parada_nula
TU,f976ba70a205e32a9e68bd6ad5ea93abcf7d85acb37e472b1c30cf41127722e2,parada_nula
TU,97723a44161e177e077b2277db6a07c9a3d3cc36552b2525ed63ad3be7972b26,parada_nula
TU,56e7dfd6cdafa7c412bd58dfad46a6476ab68975d86e61d018200d316f50376d,parada_nula
TU,7fcf5bab6c17a7b07d777a9ebcb45e9fbbbc52103facd2a933e4a98e92887595,parada_nula
TU,c6987c3edc31908a66e3a5afb7f6db2c58677dd86cb51850d03ebd9390c245b1,parada_nula
TU,f10ffeaea2d6083e526869981382ae668be3e0f6efd8abab590bf05ee183c2ce,parada_nula
TU,eaf59a2e63122490669b823ec22325b201d39080db24daec7a92bfa398783d2a,parada_nula
TU,e88f5b903645df3389308ef3b8ba4100014f6c8206af15d30fcf63d185f3d98b,parada_nula
TU,dd70eb0be70e785fc54edc324ed6e97dbe8c430aff334798d60d2e66a31042c6,fecha_futura
TU,9fe13eaf6defb94ca5100595c93e88469250a1f553a6a02584a3b509ef5a761c,fecha_futura
TU,2f7a0fd5ec406c148b4e30125971f5556faf26f39e7a2ac182c51db17ab2595f,fecha_futura
TU,83484cd8671d777051ce9c5755c837f17f600643bb3befdc465e0769d5e7f50a,fecha_futura
TU,d1a7e613cb37941a2d9d1586389490077e4fcd2e5f6a18be633f6a5e7c771d3c,parada_nula
TU,ca9de4f3b3fca6a9d549348737bce0f0e3f1b91597b7eb221d08c5c73c9a9ee2,parada_nula
TU,5cb12eaad2d1cf22596a0abd26e1314b8796eb1e90b695155c6c933bf52619c7,parada_nula
TU,be65b1fc9faa1c8cb37c8044d619fb5ca3b1b51ae8d12a50fc63f1a69a2cf2dd,parada_nula
TU,7790e1f325eb21d1c1b7699ecb3c5f87b6e7a808e9e8b987a0d05667057c5402,parada_nula
TU,d4f421c6cdf2349966e8eea33cd259a5e20809f0b52bc5e985b879c71a9f5457,fecha_futura
TU,322779bc76d7607554049c44f426c15c4f47e279b2eb0a60de63747ae32877de,parada_nula
TU,cfac0f3e4188abfb069cb1d0c95983acc3e83b57186332c8dc2aa017b4eb8917,parada_nula
TU,aff0da043ace5abf14706ca18b37095cb2919fda7f995e8a1842bd287e9942f4,parada_nula
TU,20826512177d5ce274d295c9b5d30b021d1c83b9a9ce3dd974fd954bf4f76d3d,parada_nula
TU,11f2ffe0feee225a24e34f2d65791839e728a50d70c4d2633cfbb136f7a6b6bc,parada_nula
TU,2fa0c1525c4803a8148e0579a0e4edcd96ef86fda3a6ca9e421ca5a00e5e6fff,parada_nula
TU,24e769603a627010a4f480cb2c56f1fd647822c4b23c39dbaeedae5c4e630c64,parada_nula
TU,451f89c7c94e93df2c9c11383ed4461c63484135f000144cf8b9aa8bd50ea859,parada_nula
TU,b1802c9af1e15d47158efedbaac01cf5357743240082dd664551eaea17959f34,parada_nula
TU,a3c9f74b76844f2f9ea109b535b152ea4deca7beb0506946beda18d4afbfc647,parada_nula
TU,43984aae24913016b38e35513e883497b16ad833e9e02a84b39da928d3eaf30a,parada_nula
TU,79c38b246d1d9cfede7fb64a8041abc8667aedd7a4815a58d4b1b656d8a2523d,parada_nula
TU,28c00f56962ef98157d49596f7b894acbcdce83c00a65fe7514382bbc6fd01cb,fecha_futura
TU,2c496ffa651e3d265f6636bd3aadede77beaf242554853fee374b041bbc9c429,parada_nula
TU,0ea408cdaa25e0d04bddd92de82158e66026b21c1ef240dd6910e64e6697b434,parada_nula
TU,9d1a716f84a6cd3d5fa8dd3948b10cb122d6244ce94a7c45b1b40676a273eac1,parada_nula
TU,6093ee02891c67872de832725227a22dab872b230dfcc02c75828b523926aab7,parada_nula
TU,ea445f47a7be1cca115bd6a81a417a24bda7188865a351e4858a96bc9c9a7b1e,parada_nula
TU,a90ce1f7859ebd63903c856f0688346a07a1051cf398de5bf57bb92a77865b94,parada_nula
TU,13017b37c9a717b15440ea289888c12bde4e97e4a632f63b26c0c3f2eb5e1fb0,parada_nula
TU,435b1486164b34867caeca6c7ae6ecf87e414263fc380687107da3227591faf2,parada_nula
TU,1db008677d46308d66e231581b7ad9d0ed98da59c71f3865ddc9c8563568a9ff,parada_nula
TU,045c72f7f0d415f32d521ccff5914fac8e23fc4c4c8ae7e5e92ec83cf521d403,parada_nula
TU,491a90ce7231a90270fa565f5e35d0ddbc1c3b815573daa11547c16bb30170db,parada_nula
TU,45cadb294863e3adb032f5e65930a0be0145e6806acd9af7b2cdacd3246815d8,parada_nula
TU,e3eff3b70df87c74b92b681bdafa736650042036200eb872980362c1d994df9a,parada_nula
TU,2d509d44d7c2a02674fb1369f06e072074ef6b62a1c99e9d90d7caeec219c0ec,parada_nula
TU,ea5878f124b44fccffa1325161da80f90465c0ae108f5460ec96717224a20155,parada_nula
TU,7505d4ee07c4b942d1f135ca368f1e123a0b9c0ab039d08ef72b4a1894b1bce1,parada_nula
TU,fa3dcb28faf4871376000a2e4d0805dd1964d1e2fa1c39f4e2e20ff5eb1f0053,parada_nula
TU,a1a71e119977541a791fedb54d44e3eb7bc8cd766bdf32fc2da84421fb951f20,parada_nula
TU,dff873dccacb9b304227a4cc91b353d3d70dc1c47539a40aa8390fcf5d1ff3e5,fecha_futura
TU,0b448d8978b285e3cc3e3042589b5653c9ebf92f9e35b063cd07efbb9bf55b3e,parada_nula
TU,07d927207e6fd8852452cc7fab8863097156e950f39dfebc4c3692e71b858de0,parada_nula
TU,20e900cc067d6ec7959b805ef1b7c93f0fc68258d48413e968af863453411db6,parada_nula
TU,5542845a894a8545f7185f14357561fd5afeaa20c71fbdb86742489bb7529a81,parada_nula
TU,49ba3e49e43357ec9836bd6462400b1fdf3d94c5912e7427b4109cef6996d9f4,parada_nula
TU,66042f39128c4f51f105e264ef13c7bdf9a12aab4766c04937c6fca68914e7ad,parada_nula
TU,f756f7ef7341635dac8d42898138dc92f59f30fff9b2762a45f8c869ec05aada,parada_nula
TU,6bc0ef33c83ff5ccb38c3d56c95fa946e5a6a95c3354beb6bc12ad8da70df1ba,fecha_futura
TU,68bec545aa0baaa45b6759e80e43d706f5a1c8a9f05edeb06485de938a22a9d3,parada_nula
TU,b542748829011b33b9c6378d069e1a80b4fa66b694da86beff2f8de21c5f1fb4,parada_nula
TU,bc48b23baeeb10f081f8aedae8bc3edd6feb5fa5f4a3f9693702f093d35d3e05,parada_nula
TU,8b9d1e3e6c3ba21c49b801047afd860150784888cbe2c469a6b28966190ec691,parada_nula
TU,bef0696f2b3a8bce5e9f416c9c27fb46daa3d719c2c38deae608130e2d24284a,fecha_futura
TU,1dc0ccc0bfd4253000f4dd317ce65d1125e0897104f15443e1cbbcddd8558486,parada_nula
TU,e10fd33939833e6980a1d7c5b0509ec2ad92f7e2dec77898b6a2b43ba64363cc,parada_nula
TU,de8b75343aee39e61a628e811b0a2d9802ea7be831a61d0c2a239eb972271bd1,fecha_futura
TU,021d05f5218152e6f81d274c36516c7b56ab2a7f05cbf59b79c85e7eb6701ed3,parada_nula
TU,5b5c06cd102a5a0ebbe7225c6a798b8c4de0f7b16f93b348873cdc0193ef00ff,parada_nula
TU,4cd1398bcf1de217b9be6f56b24be068649bd1014fe30733fa9bf53ec73f73b4,parada_nula
TU,f8675912ee4f31554b48e8bf8bd4f23a237158534f83df308f8f3c1f3981f461,parada_nula
TU,33ac681e8d78b830d0f1790d4508ac203f454b32614f4a7db6101852e42752ea,parada_nula
TU,b7430ea6b339d7a41635adf48eb5234073d354adb4d03bd6babfbf1d1a9c7597,parada_nula
TU,1fde9c96a869fd826ea4a7eb22fc7a58f96e12cab87601daea0442b449d2b4e6,parada_nula
TU,d6f51f56a946853ddd18c1f8fe68d752b2b97206eb6d76897c4712dbbdd150ed,parada_nula
TU,c665f38b25449957023eca139a0878b0f1f6270149fe7e39222ff71e28866de7,parada_nula
TU,753b03ca16badac8cafbd6fc5714ef70631990f33506d7c6f7373f2d426fb58b,parada_nula
TU,7cba0d4b91a7e61b19ea6953592957fa3838103d0f12bed3d7b2ac46326dd100,parada_nula
TU,3057fa6ec7daf89e2b15d944a0e904abf6827e77a31505bec1af5cfef0033139,parada_nula
TU,16fd1648b77468f48d3a31cd9ee0f090a5cfe8736c7deccac5c2a5800a5bd7d9,parada_nula
TU,c34fe5a5c4bac14c9619235618e59ab14745a26a60988601bd74150abf5efd73,parada_nula
TU,94ac3fdf40acf89badd4835477f5dbd03c6f1e9826e8b097e5606e2fe13b2fe2,parada_nula
TU,26646460469ddcff29b4f1a552c2ad1d051c340d4c98cdad99597ad002325553,parada_nula
TU,ec22a390eced77295650ba65c716f43166edf24f012739e8f41f23de939a96e6,fecha_futura
TU,722ba8e769ff3a634f25c728f1f7e9aa63ac066e8f06abe69b01c4cdc10b1a66,parada_nula
TU,4c3615b29a4fc928477ed24bc71975d71bf283db2634070f058ac52bfcf843f1,parada_nula
TU,1fe1697ef96123ae82429f5f381e6065577e7b752e89df2c7b733efc2b2872dc,fecha_futura
TU,8327721ac6b87154113d095fe891877a1f9b9aad6358f95ea52fb2ee0d195f8d,parada_nula
TU,db34546f9b7fb190cebf4f59eb81151f6c497e71bcf5c922bff98b20d0064c80,parada_nula
TU,6c84e1add3bd1bfb450940d139c46f666c4814d3837fcd357ace3d9c1f7f5142,fecha_futura
TU,075dd6eb113961e71451aeee574a56f37770a9314e480cec8fe4626f0eda8210,parada_nula
TU,27e5ed90e2e79e597c3bea3b7b0c1b49f883eebb1dd79d78e29f39003caf4233,parada_nula
TU,aaba0796dff751488f63bf68f951f44d72ce4ed798c145731226dc3305b2f630,parada_nula
TU,3453f31cfc0c93536615221924bd0e6eb7682007ed5b7dbbd8d5366993f3669e,parada_nula
TU,32aea12d386f9e92c8d1113e8b93fdef284b20111a336f6d443d39bd2ccf0f24,parada_nula
TU,1380d3dbad05d27aab898d26f5b69936669e36644267e3c7a6c8da1dfa78b0de,parada_nula
TU,ae9edb8c128ea143205d7f871289ffa4632e72767d5417bd6c0f125fdae8cc5c,fecha_futura
TU,cf4750e6d3c8149bf3e3dab865ca73fdf95aa563da287274933fe229ea747855,fecha_futura
TU,f70ac59bff7fda7e249b2480ac8d84de0743e2a2f08d2a6dd28ec7f3aa3a2263,parada_nula
TU,2bf0bc23d4f850b40d9739c971a92664817c3892f799906aaa088ae428e0a7b4,parada_nula
TU,051a670be789c36b45d261d9173fdfd816d197f7916f99efa43b86189847710c,parada_nula
TU,1e59d56af3f1e4149b8524f0b2363f8d8290017d0f2303d5eb152b7240c0c7c4,parada_nula
TU,c3ddffad6421f77f6d4d41bb0c6f09e2398dfcd9773602c37cf026e0b2d830c9,parada_nula
TU,a2a7ba5fbc81a63f3436ed21266416aa0ae5192a3e4a7edb0719eb110ed0cdc8,parada_nula
TU,6fcdfe753a7ed8818d34f7aec5a7a6a914ea6edf6e52a2e66056da816e6a4fcb,parada_nula
TU,fe68f8760946484e1d5c3614f5dfa2a7fccb5ff25a9658d5cc37e40d28050a30,parada_nula
TU,67fbf6f82bd78cdd67ba5a9d9f3aabd3b527fd606a17104ee4f1822678a49534,parada_nula
TU,4252d1483436ae43a5755e6de1d5d8c8468246590892a9ca33cc7118a41fbd10,parada_nula
TU,6c7d03e5adb75c3526e28e175dd9b7ed5b4863bf2691c87e7821c82e69fe81c8,parada_nula
TU,3f63d051730f8d25a7866adee870d5dd25dacd1853ebd173a187471f1cd2d294,parada_nula
TU,3bdd8a9b9eab0568cd6d3aba04ff59e318777dd2d60f016f2d66b572b0b31fd7,parada_nula
TU,55bfb3d902a74644dc1a012960bf9e6c334c845b87f5afe7f1e96a78efd22881,parada_nula
TU,2b75505d7dc8421ff5af8c872d9ae824749e2f5e514a91c2e9ae996cc060db96,parada_nula
TU,e3f8d03ed4abbfc09579c82973203fd695c63488d7777fa9bf8e937a0aaeb1bb,parada_nula
TU,520d1f803b859f23ad483ac4078eb8ff4c538d60cdcb3039eab7b24cfd7af8c2,parada_nula
TU,c3cfd619f4fdb2bb8bde4159eab17d7cc3db5b2b740ce9440cf2124edeab4684,parada_nula
TU,afd38f751cc317d8f96b0376dcdf2a1028a47fe14d9edd1d56fd386b1d5362a7,fecha_futura
TU,d77767a1349eb87b189d3296de42ba057f15c5c887514f3da93526415ea2a6e1,parada_nula
TU,fabfa7ffec1abc455371ce9d52f66b8bdb1745a8987a2eb50b29da875e8890bc,parada_nula
TU,02bf175ed9ec3d701ebffa6100d87da1a8659beb4bd88f473baf4811cb2bcea0,fecha_futura
TU,47227661e5b3eca6fa9430ee897d4f7698c47587c64082c88b04450782e5adf3,parada_nula
TU,20f9f92df911831935a701c174040b8da253061c19a11888d90bb97681315641,parada_nula
TU,f4e8e3d850c2602bc9b9d23e9c3156dc03ad28d9aa0f4573ab31fdba5cc42eb9,parada_nula
TU,ace2f9044eb6e3250fcbac255bd315bcb6806c891eaf581e5e8ca3e77eb0016b,parada_nula
TU,37c941b752ec446fc9d1f0b14618629e7cddf74044fb600622b12fdb29e90a58,parada_nula
TU,8302a325e976e73597d46112d8c1687e3763b0c74bed61a826d7eaffdb81e4df,parada_nula
TU,8917e8ba4a089c8608f249095ca4f9f113dd6e3abf6cd53d7160e520cebec810,parada_nula
TU,b262b3b73cccfd0867505cbd593e5a0a6bc5503712b64f3f226eb0159085ed17,parada_nula
TU,c529981c306154d1a40ce153a7a7d39596ba26cbc73fd8f1b4c907bfcc177bee,fecha_futura
TU,392082b9698793156150dfde3d885d382c8d1531c665516414e1fa4c4d85f97b,parada_nula
TU,a7c3bc7257e5bdc980409dde55343e2f473d52e3199381b5cec7159585bc7c30,parada_nula
TU,1826a881fe3dcbfd136f20d66c47e044cb0975ea78168374b9d726b2fae05c72,parada_nula
TU,7e7868de7e21bfd246a9080a953bc4c864053d56183685a36dcd6d4a216f0204,parada_nula
TU,920c40e5d081f40082a267157d2fbe20ac899017bd5d8fd00dbc93e98a2c776e,parada_nula
TU,346155e045800e84cc20b31f0d80d97ae0b0effa02080c0b3fb444bf5208d9cc,parada_nula
TU,2fe186c738cd3937e28e314dd7b5f8b606d6d4126ace469eb89dc7d1e21de306,parada_nula
TU,229f3f9254a26e8560732451bf402ce0967bee900092b8a324575bcdacc829e9,fecha_futura
TU,acbf789ac2cbfc39d199fa426e507b1a27f06cfbc6dbfd3d00c3387519303d3c,parada_nula
TU,00306df3e8eef348be8a6f48b10f51cdd0d96e0a653751e95de5f8a36933f150,parada_nula
TU,6fb197b1b0074d810df90f3c5a842cd336e2ceb08b94e8f2010bcfe94cd09586,fecha_futura
TU,fa3e26503fbc7502176e3e375b1f70bcd42669aaa57f6aef5ca05868b5fe5fe3,parada_nula
TU,9786e43b2df1567347ba16879bc423966ea2048878bde2ff581fa173e312c615,parada_nula
TU,0dcc96efcf578b42c3ca446cbb5772958b5b3926393ea5c19cb3dca7026c3873,parada_nula
TU,7b014ec6bbcc743c7d20558dfc385a83fc30615dbdb2bbeea0d75637d7eae1cd,parada_nula
TU,6045d37893a5a26e344d73b611fd9caa42cfa8a375761b9d1a803c4d3d0e1fde,parada_nula
TU,1e1f4d79a751bbb256113334afe434fad7dad8db066ed182636afc5e1cec8fe6,parada_nula
TU,f9ab5f2aa9eca67f1ce10c5ac14de6d0451d64df4605491f3b8eeb262ed8e679,parada_nula
TU,3fbd08a495c860d9c39135e2cf5c3eafb057cc7e2a460a4232bb30f37ab5d631,parada_nula
TU,b072f95136264e312d5c715f8e91e97f35b4fc892c3115583fd27803d43366c6,parada_nula
TU,358557dce58ee834717948f962287609b92275d926fa124263f78db878ee7053,parada_nula
TU,6cf909b0793fba56ab3a1d691ec1b04164e2e6261182aee5049b3efb95247536,parada_nula
TU,a849a308f6ba5fea80f4ed711a8fbba96f98f5137557b9ce1a1e0499ad0a4096,fecha_futura
TU,50f2677711f3456e434f110d7a21a7586b225937663f0bb14aa2cf2a15bf35bc,parada_nula
TU,309ef75999a58757952865e2e4174fac7039481cac216df7bfc7aae4fcf17929,parada_nula
TU,b5ff98fd76faaab47bf758b8c6001e33e698216071bdc4c91c4fbbb991144df3,parada_nula
TU,ee67b5fcd891c93ffdf406670ff4fd7be35fb7988ef8c583e8d1097941bed913,parada_nula
TU,e3b5065dc37b1b8bfbed56dcf1f61f32fd0d768ac10a583c200abe7f5072fb69,fecha_futura
TU,6a8e016abdea15373650e0a09941634f19859563eed58e9435a5ffdf59eb6442,parada_nula
TU,c8b9dd4c8c12df62c5e6f6ae38aa54c526bbd059138b38766eaa74c6b8132b8b,parada_nula
TU,f09ca14c849f819befcb313d9db4ad346a14c5a454323fc337238fb22aac9698,parada_nula
TU,addfc78df1bdef2daf108cacbafa37a4ec3d3bd412e4dd97e46ae28457e4ba3e,parada_nula
TU,019764db624912085412800204870bb0c16b0f6ad4920a0e93c9029d838dbce7,parada_nula
TU,7c88527068fb94c52106ae283495cff7ada1987bb790201eb207093be1fb263f,parada_nula
TU,ca6c6b4670f0d3239529dd91d99755f02695c1be125b174b2789f903c10d98dd,parada_nula
TU,783096e407f6c982107835be0584a2152e02095f223051f1c4fec471c59dbf48,parada_nula
TU,1ae4080a062898e6a2d0e3f60e5ecabeaa7757f080716adf52973ba56c2d5ad2,parada_nula
TU,bb9790f477ed825bbf790255aab1ebdc7e993c6d2c7d696f4eca2eca823d573b,parada_nula
TU,bed29efc61144100fa22adf514e4786b2499095c1062ec370bb61097d544cad2,fecha_futura
TU,1b904abc4bb8a471961e3ba77e5828b2b4a100c22596481b55beb58562517bf3,parada_nula
TU,4350c8d8f103e9d170396abb80c9bf349fb815ffe72f4bc4250137dbe61136b6,parada_nula
TU,c1ed1c4aa159597397191a72fe9c4105d58063373e0a820dcabbaa89038faf12,parada_nula
TU,902a8f1b4593d93271074ec8aa4e6ae5188552f6a4cdb8dceb490a6dcd27e96d,parada_nula
TU,af2983d7551f592cc051fe65ba9a8112cacf22e980026d07e0783c215e8da00a,parada_nula
TU,668da1c0c9df3004f6523854a88359cb6f6cea84846c6a4a9535f0bc65005d71,parada_nula
TU,dc75fc7f16281e2271fa5bb8e543524826058651fbf4603836cda6ea8d2cb59f,fecha_futura
TU,fae06b3338397f8ff52c5095e4d14e0c8a65597645045c9823a2eac41dc79963,parada_nula
TU,7a662e5f8e6c4d98eac1acea762e3f51b1435fa3333f8b0822c2199c96e2c8ac,parada_nula
TU,95fb86b98c31c97ff1251ce8a66c46aa3838c041afcd01e4c0c58375dfed24e3,parada_nula
TU,e9369ec90925c34afd57bb0de54032f39c662a749a0c35f444280bf8a598b793,parada_nula
TU,91f60f938414bf6f3b959fd332f77946a42833397440d39f3b1fd86b16bc2d04,parada_nula
TU,007136c286b6654a3720e2a0dc108d485bb775d3c7f70a9c3739aa12f6c484e7,parada_nula
TU,5c5fc8d231de92cd4a0e3480efbd5369bed72af37a43e6add705f3bc735ea06b,parada_nula
TU,c5aab75ada33cd296d6319cb662b0dba8306314b3ae079e59eb79ba322d79c52,fecha_futura
TU,d03724ba948dfb5fb21ee24867c6d3ef57f7ea2ce71e591aa041379ea42789af,parada_nula
TU,de72b7dc877a3f3f560c801709ba11526e93904927d25fac815a58b5dc28e9da,parada_nula
TU,5a338d264590f1896f8f9281cf081333ee4c3b534174dc133db74179aea19492,parada_nula
TU,420edec4916d01b99ecce0708dc7b27d222e2d7787e9ff2111d633bad58bf382,fecha_futura
TU,bb9faef64755e6ab5e324c716780ee02f914cb5d2044bb73c5c584ca430ffcf6,parada_nula
TU,fff975d6de9ac2a22760f9fa0350b2113ad927d4e693d6e6107dd8ee579b9068,parada_nula
TU,cb1852fea8dacc6f2cb2dcc1cc0a6540c021f481be8277980930ff1b54b587c1,parada_nula
TU,f765db05e84322397176cc4822d85a20c6d4b143daaf79f87ff08cca7b6b91bc,parada_nula
TU,c9d8c078854dd8c35c4857792a23723ed17b4adbed2b472b61a8d371bcff6a49,parada_nula
TU,13854574dd85e21ff1af5b2d62dfbc51535ecafa578168e348a041b063ebe7e1,parada_nula
TU,4e2c3121a1cd6f797bda77e781be39c4097ecfc1a8c0dd34912fc9257247a4ff,fecha_futura
TU,0006b8deaaf6b344bc23b3b7c6f50d64c959bfaadac23326ccb3f47aed4b0635,parada_nula
TU,77895e428716e3ba357fcb8a69d0701284681b78d605e3d98405428f8cc03ad4,fecha_futura
TU,c893cceb11127cc10d4a8cf9b6dcb02222ec5be8ecdbcbd2aa2f34c10511e9d9,parada_nula
TU,6fb56e0cc602a6e063b951dda1014e5652e85f85dfe2be510e3e032827397cd4,parada_nula
TU,17ff6531aea1a4d7fb603282c1d8a2d10caf5866fe8592fbe8c6554a4ea7118f,parada_nula
TU,8b182e5a6f1b55fb5bf9ec8971fa155fb71c22a39d19f55c4ebe42a723ba682b,parada_nula
TU,fc8a76414fe64cd7b9032182f88dccf6a89b0376d6e1ceaa11d2bd2bbe9096c3,parada_nula
TU,d98ff2d624466187aff5479f048d77d49596baf29db620eba5553134c6dec849,parada_nula
TU,56ceefb908cfaca06b4750dfa2755698df56046a184e494006afc59315a04d2a,parada_nula
TU,93f6acc7130a11834a87cd7ce911a0484f644002c06c539dfb20975da026e116,parada_nula
TU,9a7e6f67dba32011c76b3419d396f9419739c38116ae631db1fba7b3f3ec04a6,parada_nula
TU,9018180ea2f164a7d9da48588a66173a5388a4cded42b98bf87914fa54263c32,parada_nula
TU,4360043efdb0e3b87b9de1b496f4ecd73b32ff43fd2ac457d4580d31fe95dd8f,parada_nula
TU,da62397e4ac6b827f05250529f35c79f9805711d097562fb55e7ac7659ab9341,parada_nula
TU,42b9cfd3c2e2f4f25fafe46811ba9c65cf5e9c4ab1f8dbe9947a71dec82a3ec5,parada_nula
TU,4a04da78b66fea2219d6387f48ff82cf616ea992c4b91719f0a9a190b9e935ef,parada_nula
TU,012e2b0d78b2a39a48f04ce2a309fba50f7e1453f1482bb9728e384e4d54f3a0,parada_nula
TU,3397f9134fa290e5a47c93d5d02d7740f43f951511b3ae276091bf4f0e7261ce,parada_nula
TU,700c93a7ebbbf64dae5431ef27ce118534a5545071c8ed39cc72b545287f0092,parada_nula
TU,aaedea022325e763066ccb16c45f2ac821b46653dd8839b61f25ce2eaec7ca76,parada_nula
TU,5a848f488f5acaf5bc061fa0fe7aafccc342f3a113bdd900e0d1170c5015f58f,fecha_futura
TU,e6d10f276fb5dc2a6a1df39a4b35c6e40df2c0450f045db38939f142a988c55e,parada_nula
TU,202bee0776c737616496f39689083e86488e1ad6b08158a3a2902c1916346488,parada_nula
TU,a3d9e48ab908266675b0e6444231c799c1e1316d45dce054ae34bcf5869eb15f,parada_nula
TU,4fca87d27a765df24feb3803fba6f3db98e1a360564acce24e9dd839dfe9a95e,parada_nula
TU,3e3ef514c9a458651043c66ec1be487e5792332035289f9ba5985aa7c84682ad,fecha_futura
TU,0784aa3fd82fdc9d9a0758f2367fd1d536d3ac20d12d2905be5e619950de3781,parada_nula
TU,f0a3a7700fe5b356009c93a93299193d9df7552a214f04a2121a98415fb1841c,parada_nula
TU,93751707f497f496de537beb909f2433e3f02ed53b3db6b659a4f024a90181cd,parada_nula
TU,96541143f85ceb69642974333ff43099ce71a33668021a161bf92afc5f16bf65,parada_nula
TU,1db3b9bbb8091b205c5135053fd52bcffbc7ff9b0c89a2d23f5e243a53eceb8f,parada_nula
TU,205d263160e4c23e7884946e9887cb3314ff60d7c4bd829a8afbbdf728acbc8e,parada_nula
TU,0b02b704dcd0d66c24af47c97b69338c4032289f2c3a1c27d84983de2388e10e,parada_nula
TU,6e8d4bff6937ae37dc4b4bee5f7d420e084649fe9e29149edfc6a7f2f6035e01,parada_nula
TU,e6f80bf50a88ecead8b41d29fc534150430127e89bfa4424a6da8c979bee74a2,parada_nula
TU,02af4c55308c8878e1672be037dc0f741c204363b3f531bdb3146291e9b4354b,parada_nula
TU,b512edf4f004616e0e9ea5d21122e652ef3787502d83584437523d7505255572,parada_nula
TU,88b016e7f080e26402ebcdbcda6181c34321b94d3cafd3571e824a96ff28bfa3,fecha_futura
TU,12205d478f34151b7aa89b469609d03b40e202bf486b7158275b0a84af55b69a,parada_nula
TU,37ac2f80ef6934edab17c91678c9f53a7d5b91be4a25fd629e9d34bb9c81195d,parada_nula
TU,0a180e6c94b51554c2121cc5e3e69787d0dbf31cfae213c80903158f1444915c,parada_nula
TU,c663591a18c1656c9a649de03f0008d21666a5245e24bc19aaad24eb98045fc8,parada_nula
TU,bb637cd96f0612f869826daf18fbde6127d5682984aca2903a7b801a770ccf54,parada_nula
TU,15606b9b898614acda04c5069b6c731d02b816438b796adf0a16713e866ef10c,parada_nula
TU,387ee34dd1199e48af93faabe583d6a97b48855f82f5c7b857a51f67daf57503,parada_nula
TU,1aa50c7774bc8e2b3d78defc9549507e74543ac40d279a228da64796a580e87f,parada_nula
TU,5235b04b92a664ee4f13de8f227cd466d10b7e4285553444a61e339732e1405d,parada_nula
TU,7a966082ec05982a330d10b9929ff4520520b53716e9008cf454fd57095aee22,parada_nula
TU,d9bd48f9da498115bd4d8f92084d7bc2a741f81efc5246b10d9aa36c1feaba6b,parada_nula
TU,3fda3e180462c34631e024b6987a640dbcf80d14da10801a0bc6fdded7714e99,fecha_futura
TU,08f6fa6a775cc9dd1f692119372f87c41de3890d50fd7ba37be0a23f791bbf34,parada_nula
TU,bbdbbcf4212f0607fb43b62c7661eacdb4fc7b9aac5640681cf02af6e7238f49,parada_nula
TU,9232f8a12de156c6bf08d59d336cd1db1e948895d4b7083c451afc070acd695b,parada_nula
TU,e4170ea9098b39d4ee796afe536512ea2f58f5235a4b5d75b3349c0a14fc4e5c,parada_nula
TU,dcfe331a8613411834cfa7cf65e04e95795051aa5e7dda212da75d9db8fe2cf6,parada_nula
TU,af264eb559cbca6f5a36e52e769ff4894dbbe4da7db293346992e62c4449c9ad,parada_nula
TU,e23733bda795001057660a46796e936f7c125ba318dff9dbf96fccd4dc41f630,parada_nula
TU,19fd3d42bf6db0970e5546dd2a42ed55c7c561dabdc746ea932622aab9c11383,parada_nula
TU,d11bdd68c8a4eddc0bda6d48a770a1261743b53eedd0c4dd4ff77372dfaeb561,parada_nula
TU,e5f4568c9f274842077eadbd389f5fba5ff4fac04378bbe054fee4e060ed0655,parada_nula
TU,277a586324bdca00afa18c0c2208947cba9e76fdb8f0c67d3c137fb669863fe6,parada_nula
TU,b891db653562d0791240efc6bf36ed018a0ef70781280f5240af6266fec73426,fecha_futura
TU,449e388b7393af624f6633ba33d656aa5d39f3aabb741ff6145525064d8e6f6a,fecha_futura
TU,74bd2374a9a4f4052e8ddeaa71a831b5637911ddb12b1da99ce050efcd6e7423,fecha_futura
TU,68146e44b947cf415d448c504052a9fc40c222c6c10b3a8118c7d159d34d161e,fecha_futura
TU,b1344bf755272321c6869008e0ed64da595159ebd1f0227c48c1b497b10ae93c,parada_nula
TU,cf32c2cca2a528f4e4281d824de2f22ce0cefe7642eca393d49dd56ccbeacf62,parada_nula
TU,7779c97f6eecf976ab69f963d6555dc10bac7260576a8cc475b1259d299ba165,parada_nula
TU,18101c72af640a83efaf5effb7eb71b71bdfda4d917def96b79f49fb5693432f,parada_nula
TU,fa6df5b5c9ff6f08a68a2cfc48533e92c6b19ed180a68fb442af384a5d90ec85,parada_nula
TU,eadcc8b002be798d1502028e861f25100314bd008b2724b9b3e25d4ffbf1d419,fecha_futura
TU,40cb8f78ff5affdc7fe4481adff4176bf662ec4df94ea9217aed91e98f1553be,parada_nula
TU,bd4e835aa0f3726a6c1f330e5fde7a67b0925be6d2396eccaa3b244d6943461d,parada_nula
TU,17cf6288fb6391673652eecb59e66f6bed780ecdac8b2fd193d6e482421b8f12,fecha_futura
TU,f8ee597617385c9c1fc092d812f914669e06386bd62c291837fe0d3739ae9422,parada_nula
TU,7ce36cd2dc971443dfd0610452d2e7ec01dfc020dbd9278d854bac8b3d7cbb65,parada_nula
TU,28b1427183962cd67987afad55be612d65755bb689d81b9d7a2465a9974c52f2,parada_nula
TU,4f6e5d6beba0fd9555da40fcaa45e55d0050ca9a03bde10fbcf1fd9e474272c9,parada_nula
TU,c7293ca7904aedeb2299b768c4df483b9f024b3c8026f4a27c1035f2b7ae1b52,parada_nula
TU,c94c2ebe4ae4d0e5234c285396b8713f15d4861358081c81306f23798e25f321,fecha_futura
TU,b02a461b22272adac21e093805629f76a5cb3ee736481564bcddc09e95aafd4f,parada_nula
TU,cea75d96f71a3dc6c912c6884132cd873315084f9c2c9196a18eca822e80c491,fecha_futura
TU,7824778505fbe7ef5c103d2ef295c7fa283f182907bb6775f40e0ab50d572664,parada_nula
TU,5f502b49915eb8cd042a8c681536d96a4e6288300a77a73c85923a88a89038fc,parada_nula
TU,a02df9889428a9ec815111b6e70480e4479d8eabe52a4e926788eed9ec3a385c,parada_nula
TU,51600e398aa95ddfc4cd35d100ac57436085198845b31cfc3b6ecbc77873aff1,parada_nula
TU,18d903dc64c28d60cb83080144b0cdae3cfc609fe556a72daea0c06c82a6115f,parada_nula
TU,9fb5bba88e16d6cc56ca93dc0ed7472d4493d1d3be33ef88b42176a672ffd7f3,parada_nula
TU,971bdceb2479646ce3f6e7fb705c7eb77c642245f82740ed344dc7321ba10954,parada_nula
TU,d50148129db1af4e672c242efcfb170d594371e0d55e539fd1606aa03c685f3a,parada_nula
TU,64cda224b51fabcd9eef43a73b9f5dd93d1a3558d2b72c909e3cc6ce8ebcdc94,parada_nula
TU,4f0629a6a6cce7a540a3991cbce0771fc427141972f8cbff5aa4d36259104955,fecha_futura
TU,f70d60996d7a8fa14b1980acc5e74d2330ffc0d5f98f1ea40b78401e4a7d5cae,parada_nula
TU,944eebd17e78664a084ac645bd28322c7986f9e59d650331bf35dc4f923bedd9,parada_nula
TU,3cb2c6abf9fa9a22408b9eb6ffa6679e21f7b29c922b3a856b6b3c7a4a9ab4d6,fecha_futura
TU,74317e497d61cafbec7455c12000a3ef8b06fff7eb19d7891509f268e8efeab7,parada_nula
TU,f1e7ab5e694ce0db3e8bccfaf5acebaa955471897cfca75b23397043f4e4c414,parada_nula
TU,dcd03497584587558c3f205702e9ae8947e76c69f88c44fdac4fdbae5beedd86,fecha_futura
TU,989e4f52752d487eff1d2cdb091c16e9e3ea7115bef8a09b946e99934ab5e0fb,parada_nula
TU,7da0894ae9935299995a92434926c2508f4036cf69fb036a160165677b5fd4ac,fecha_futura
TU,c16ca7f4ce0a7e9381670d5be52375c09ac7cf6adb275e9dd2873e8b1692a4d5,parada_nula
TU,af10e0d82475a17b2bcfd6abdb560272dce777f0729862c9940ab83cad4ce0cd,parada_nula
TU,30a797398fb1da674279c836152977cef6f803a816fdbc5fc420425263bff71e,parada_nula
TU,eb3b932fcb988fecc2d531119220ab07df29f69f987fc10b4745acd8cc067867,parada_nula
TU,abd20d4b23ca425d2a6a3ac8923e3a83d7f77aa58e062e0844e0951f670af171,parada_nula
TU,6963b173ce36924c37cd11fa53d4dcf941dae624a2f47c5ce609ca4328b90da2,parada_nula
TU,84626173ef84c5a553918fa6fd91421eaca16bb56fffe7d2ad7d2edd76086e8f,fecha_futura
TU,0436320075ebe427833619f9751b761392d54c60ccb12e9df5846676e27079b4,parada_nula
TU,b2b4e01f7f59e9b2d0a4362b17f61e7318b08e9ab050fcaa735ed00723220885,parada_nula
TU,c64c2fddd3cbfa0a492a5bcd085e5ebea34b96e304779b7c14c1b6f9a9a47ef0,parada_nula
TU,1ce7b9a78975f31e8121cb3e2c1d1b3a123191e4970187173a7c0196d9d7c502,parada_nula
TU,c70f6099cfaee4afefcbdfecf3c59c222f361e53ea7638f4b4a91469f9b8631d,parada_nula
TU,f3f3e0f07f97f59adc4d43a6082a5495bce75e453cdc603bbeefc00b0493ffe6,parada_nula
TU,a71718f0d380211ebed5c729261372b399e1d3724c5e13a7e4842b4c81c5a933,parada_nula
TU,d4752baefcc39d6dcbe1360c4debf95990a72e3ec69a78583169438152a700c0,parada_nula
TU,909c6b357519d581d73a8140bed18f20f39927cbc8de463e0f4aeb88a7d0c4e1,fecha_futura
TU,88f459f4967932e1c75ae41c2ad2ab2550667581993b370d50e0b76953485092,fecha_futura
TU,99b90e506a71a2735f933981fe9b8c453e022296be3bada7bda9851b823de135,parada_nula
TU,a1c206f04dc88a6d4a8371b0988f33feb972cc0c7a4bef5bc16118473e93795a,parada_nula
TU,d664b9d6e78a00c4ba2c8f95b893eae6f57ad6bacc5a14cdf8aa5647ffdf3bb9,parada_nula
TU,79a59452b3755c8f2f0bc7443f26e34db3a962735a4961089c0a133b2bdf6c57,parada_nula
TU,48f91e086855804e46cfc1378c0bb1219d61d198dbe2631045c5eb48981e9c9d,parada_nula
TU,fbcda3645173e2c22e7532aceec0636122fe9a6a67545173d056d0411c6f1ac9,parada_nula
TU,18f20a3de00a79d5581c1edd3ca02e871d66d74e6b28c7c0fc3ba91485c1250d,parada_nula
TU,c9dd5fb1454e49b0681e90bbc21185b5106818945632673a6fa19c2578d7fd99,parada_nula
TU,795c1d174682e22c7f1837664b077da95d922d48a6cba14be8d54a1acbc70642,parada_nula
TU,590aebec57b786d8469657a357226f54df7da1a3e5976cfe497b25c93407bb91,parada_nula
TU,3f4303f35eab7939050e389bc7a5bcba39411663a338ddfcd690133c5c8bc98b,fecha_futura
TU,1acff6153722209559ce4281b2f87df6954edfb37559480f9cfc0b9e3c1dabed,parada_nula
TU,2199fe44b51a3fae2f1f142864420d939ff8c021157d968a8e6f6d0d3bb26ca6,parada_nula
TU,63f910d6105307a34d0fa5006824e967e6ff76b33454ba8cafeccd8ce473f4db,parada_nula
TU,7820334370ae4732bf6a698c0219a1c0c8d992b4555f1f91631fdeddcc9711bb,parada_nula
TU,ceec30208282d1a44ca0cad5ab74bc2fc9b92af831b1216b7ff6f83791cecf9a,parada_nula
TU,8a6edc21ca405e09620271e01d9923aed6635c947d6e3bebbc43d43d1d26ad44,parada_nula
TU,a82805e0456e4ae5063e31c85cba92dc2109ed9805c0fc270a78599cda3aca5d,parada_nula
TU,3d8bd97d308ab263fc6452066ef3b6165fab5f1804f3335887ef74509d1bc6d5,parada_nula
TU,8b2700346ca0aa286462cd3147e4fa504feda40d546903abfab1addc72623513,parada_nula
TU,a7494064430d80c07e375b3cb8e904831fb6b0d94808f79cced9f78906209d2b,parada_nula
TU,009a61472db3b189af0ae7bb9ce14b7d823d07b4ca69c01606a472fc39f626f9,parada_nula
TU,b905af2372763158bea6145968b79609e8e9925f0ac3c53b6cbeb6034ad62382,parada_nula
TU,6d912fb73e897d2d9977d8d5b87bf985492e8ec0cbc862ea8cdfe41a960b6a28,parada_nula
TU,c902ad3407878a8bdf4def8db79c1ece7adb8efcb323724091083e0596fc99bb,parada_nula
TU,9b2f08c49158aeab2eaded47b00e1501f4a741d5fe6be55c2a9669fb854a879c,fecha_futura
TU,dd2a9da6942c03ba9bda5b6db5aed9625e572adc707a28f3bf7c06e41c8f3978,parada_nula
TU,eb4c293b7df7dea667ae56fe5d18635c7e7df1bf4795a56801ec67a4cf4c8f9d,fecha_futura
TU,d1fa24bffddbadb8819bb620bc92a9f3d163ad54b3f4230c40cdf09d6148bcbb,parada_nula
TU,2e73d650ef9b5eb852a86cccb627a0b4f0237c1f26e2c9ab1199c484d33c9dd2,parada_nula
TU,4072472a77cd000fb9ce80fa117404f194842f0e4aede731d3133f3fb78d93f6,fecha_futura
TU,a40a929d32200ebaac9774a93b205eb33b3186c02a3b7e040fdd1925436c661d,parada_nula
TU,832d9ff1a0d30ab7a97f3f13383bdd9a889af0ed4d1a2b13520fd25dfb578034,fecha_futura
TU,8ad8f81541ff6a978ffb65a9c10af29366cbe738ec543e319e9dfa3782d89590,parada_nula
TU,daac5c0ebe043f0d01cdbd611f18c93069f0710d8fdd5bf8148538dc84aeab8c,parada_nula
TU,17ef9d1f38a59804ac72c6023e4210cebb9b1aff4d80cac6bfc809409a2651cf,parada_nula
TU,83f981803197d3f1ce111e428f3350a43797438949ba55c7941372e4e908e545,parada_nula
TU,f4892808ff0ec95bdf1494892b3c53e13bf8535687c98d44b926b9059fccdddf,parada_nula
TU,d9fa8fdc4e0a383248827cb8987c934da5260d63164e3f754dd9e7153f755137,parada_nula
TU,01fbde1eb8682e187d9ea40c35348ba07430dcbed568f6db7c0d7228c5f1ba54,parada_nula
TU,28691387a7bf376cafb954f348950f2a5356f465b8f1541f8c2affb5e83ee776,parada_nula
TU,7bf51a17bd86182a54e41e60d85221717a9175a6178cbe293ca22f3da56992d2,parada_nula
TU,7ac58853643297b6e4c6baa31eb80191224e0185451028fe8fc743e4807a505a,parada_nula
TU,107d3ce418182798dd19f862108359d59353451b012bdf18d3924b3a866eecb4,parada_nula
TU,bf53cfdab34a4c467a37b4edda16af2c01187e1d9c308545b37bff9704911fdb,parada_nula
TU,7eae25c897d6a5008d34fd5855b242bff683e5392a35207e7047cfca720ea914,parada_nula
TU,7b25b7c712c59a91b73d770f11ce05cfd605c3ea3846579ac483ad401b4941e6,parada_nula
TU,3a50c8eca077453fff3f4f4355b4c2cc6c45aa4e3bcc3f3ccde0dd6b0311b660,parada_nula
TU,4e96914c90cc401211486667a02819d2001b6be4bd58eaa55ef2082714ac1ba9,parada_nula
TU,0f0feadd261179a466dd355425ee067a025c886dfa8f41cd68e2e4380b41fbf4,parada_nula
TU,3e1a33f4684172aff27a40d348b95ce70dbb995b2e819db14e22b01b7dd63e41,parada_nula
TU,4decc386f0d187ffbf33377ebf4e6811d4a11a9fb08ff42554d95847a2caf712,parada_nula
TU,52c4adc624b9559e484f750674d28d76d1978c1d513e3661d461ecb820e16176,parada_nula
TU,ff08d22e43247dfd6c0e658902942902f0f6754dfb7886bf01dc0bde327a035e,parada_nula
TU,ffd349e77531144e3898eb83835f9c8b3804c775ef4859f924b27d995e620a9c,parada_nula
TU,80b043fca576065aa94b42a18a3d792c10a14e9e6f67f16295d7f8e61e289e1b,parada_nula
TU,a5b81511adccad9efd40d9b4bfba12ebf2aad1b89690803b73b04eab58f60b9d,parada_nula
TU,08227eb754670000f21645fec306a4544dbbe2be3a2cfe4bf342ed67ec23d6b8,fecha_futura
TU,bb7dd36789c30489e3970ed39fc3ba88d0831eb08c0c374f24ff5512928cf8f0,parada_nula
TU,11ba73ecfa1c5ffd574fe3f67fdd8344e568bd1ffbef6d515afd83e748229eab,parada_nula
TU,cecad46f7f432ecba3903dc89be3c2f898d86c1c2d6e8ede6260d6c59076a415,parada_nula
TU,7282541a3f0c70c9f409d0eb4ceac136b6377b85830bfe5e6c96d97a8fbecf47,parada_nula
TU,f78cdd263e77bf8a5675dbd3590db595a61a45474246626f37b7885256ddcaa7,fecha_futura
TU,ecbd271a15b8de8fa0ff712a3b37f625899c680ec761b8701e7cee26ff6501e0,parada_nula
TU,5ac0c86c4cd8d38b92d962c37a89f0b7743f00dbefc4a3212f1f86c3615aa200,parada_nula
TU,228a10e873348a8fb4bcef7aedf4c51983ccd48b60105774310013e5b2397dfc,parada_nula
TU,30b3a2ade93a05cb13b993ef977e400c6567605f7dd5375bd3738a0fc2d36e45,parada_nula
TU,d2765f9cf6392992c30766a12df81c1c36c2987330a8e1293f867a99b077a30d,parada_nula
TU,2b3806983d816650aa54c74a8507f2d194e6d0150501d79bf8cba115203ca704,parada_nula
TU,6fd8f27f4d5eed7e62c890257be38f3c46f5ada06908cb2a7e4e9c8058646bf0,parada_nula
TU,feff06c784717587e777d9086ecf62436e163a3df89f21689d242c924f27de0e,fecha_futura
TU,0d5a1971b7b0847d01e80e27cfb1ddb37650eb1b6535488c83fad73a3464a574,parada_nula
TU,270a922581bfc33915230d579756eaeb2eb3fe9e023d5a9a65a2c13f4d00e017,parada_nula
TU,ac2b06af8f1ce286bb2aa257e47d17fbb6f2ad6e4bf7a256812b94cdc25efd69,parada_nula
TU,6f66d76aa0ae8f627456d95fe1a9e37a6876eda58e459ea34825de0568f946f2,parada_nula
TU,628384f8408d55143056e8b67178deaf769cf3d38963ace307232b9d54ca8bf1,parada_nula
TU,7bcda3a1099d6e9b7e1625de41f96d15815ffe3174770d0d45b9af31463b6f4f,parada_nula
TU,e2ee759e026ca20ad2f841cf78c95deff433783e59bd73a696a809dcb971a38f,fecha_futura
TU,d1410f44549dc53a08a451fb01708031bd8cd748b986ba390ba56655c1848171,parada_nula
TU,20e156d0ada8cd26bed50e1eacf3953713b724d924d7589c8d555f387c987796,fecha_futura
TU,31d174b0546c8688c5046c2cf3405352a8ea3e9a4110dc686a2c482aa60cf533,parada_nula
TU,12fd982f96e58ab3e2749f4c44973a660bac73ca5305aac9f278a84a940730ea,fecha_futura
TU,4894206726b2d702464079eea8dbdf513cfa05443bfaa2b334eb469aed8466b2,fecha_futura
TU,48f933c66e12be22c51e149816bb192a1c9220629fc2907aa3b253303528aa72,parada_nula
TU,83b9ed042169d8db6aac2a52c9f15e01417ed025e79639483996ae435f4358e3,parada_nula
TU,fd5054251bac87f03747e5a0a6d6d514447c0190b6f812545da144924efd84bd,parada_nula
TU,9fd14cdec9dffe7b70f96145f662ccae39c80bfb6349ad3b091d03ac3d742f77,fecha_futura
TU,5454e4d73d2e48883f7a8fcdc92aeccaa3b404d7d3fd94a1d2458b3c41cec747,parada_nula
TU,b1004a2031a3f359ffda978fd92feb907a194181b59d0987adfb164458de15b0,parada_nula
TU,d3c66a6971daabe43571bfa69fec84a6a750022f13d445f77eb300ee195c3eae,parada_nula
TU,d38746fd8b4efdb919b264e73858b52dacf57544abf78de0174f1bbe9efdc146,parada_nula
TU,6996f3d4b411c5d8bd7a8254bd21248cd9edad0b89c01c8a048e554fea75703b,parada_nula
TU,eb8639e5b137d0b9af5726efd511b098cd7c7118493b7ab5b09d3ed1f281992b,fecha_futura
TU,8275b787a1f5625f00d73ab24d440af99ab22695556ca605b2f75fe890c65d3b,parada_nula
TU,14dcd05545190db0019afa97d7d4961fc805ce55d39fb038081501e35110503a,parada_nula
TU,681affc26c2c9115af47671d7ea7db23f844f3d31e2058245ef8cd375aa9f52d,parada_nula
TU,8d9403a1e27f777f2ff5f231c971fa6b44e6b0c226908a66ab1905ca0575d2ce,parada_nula
TU,9f372f47e253336f85866cd7d85862d4f6193c7bf742a078ebd26bd9cdaa3ca6,parada_nula
TU,6f3732c5618de1504cda363c5ee75c6ac76432fae977a533ed58cc70a75e7585,parada_nula
TU,767a4ff5b6a478f663170234b834842d711f80224403c2360be7536176c784b1,parada_nula
TU,421865200c72bbe1195d89a00345374ea21f082f43de70170407ef22eb6f1515,parada_nula
TU,8b81351145f395623f78e7e28104fc3624fa0939f3eaf467905afc25363096f3,parada_nula
TU,4eaa05abec782d03130a4de85e88340938c00983f07d5594952b61a2bd5be076,parada_nula
TU,6b6ebfb07fb7f4328a5c4beaa416435b8202689ffb3181f2f7e6dc1ee9be37cb,parada_nula
TU,5b8d0df045b7cbe061e38c7cad55d79c455f307e9bf3e641959fad14fc24b273,parada_nula
TU,b8bdcd470cd6d2a17e8aea54a6ac8cfc7f43eb0b616c97993cd0b0f6acee7a58,parada_nula
TU,c2db665ca324c938804d95543416588f8c2d46fa10b3af4e2c866036690bea96,parada_nula
TU,ee8b7878c29fd7e9137a7306acd846cac72317071e6e0eae3d4bad8febed876c,parada_nula
TU,6bd9ec833c05216c1cdb0f65c9ad8fcca8a5029e18e018153f8485871ef6b894,fecha_futura
TU,a1233c9b85b68bab16dce59f155980ccd0a427bb04f3b49389e32fb058919cf2,parada_nula
TU,2cbcf79c3fdba147d287eaaa383564944021c9feb471e09f8b8b4e62da58d5ac,parada_nula
TU,aaef8abfe817a41716f52c50a210b6c1e72c2a14c84a90c581ef562fedef871f,fecha_futura
TU,24368f1aaf847a53d2b6d6bb194b289ffd6cbb037f4fa84230c40d3ad7070866,parada_nula
TU,ca1f8d8a09ac4c2861e3afe753b23f400dc44458054cca559a72de1e480c3259,parada_nula
TU,87474a484de3ff79892bb3016312d5ce424db94f54f66a832cf3a18e68f32957,parada_nula
TU,ce185ca4925b1fa6ef625429af7077ec72d818a86cfa3d77c934938b38d60618,parada_nula
TU,bda938695911be52fcbf627ebcf60030d4731e26ff1ae25a0990962835240aab,parada_nula
TU,813441f68ab9d152612bee3c54164e8305ba2b1a859d37a185f0cbba52b3cb06,fecha_futura
TU,a48d308ebfb4e157dd808044ac6b8b4b0f7195b3abda4093092ac338102cf357,fecha_futura
TU,d5018357d3ce94c0b3ddf268371b229d0efade50c8deaf78316e08bde8c8c730,parada_nula
TU,33ab429e4724f2dfb334d0960ea25618fbd6bb86e6faf2f3c9358473fb4f6a27,parada_nula
TU,8711e8e271dab2b384f89fb2ff1b7c2b8c5df32f3f55e760b26cf52502123281,parada_nula
TU,fb5f7773549478b0a1e8b52747593ce9b8bb9850568051c78728906fc0a85be0,parada_nula
TU,07f298801e0c3456c9c3626d7a82a26a251b4e4b842d72ab98f691c1f0133ac5,parada_nula
TU,c188d0538d02230387e30567fde7401d6a0fe0b6a504ab7bc40c5f179a0ebc08,parada_nula
TU,193c6b5a2b28af0de634accf023d3e026eaa501d77a5080817a76ccb4796a7b2,parada_nula
TU,a385cfb146097e82b0cd8e4c9617b20faeb3adbd291f4f1782a6a29cf7ea8a6a,fecha_futura
TU,90f6d388b0822b0f2af434d4c3c82279a1734831799c7cbe3ee798d928c2ea12,parada_nula
TU,00f6f1e7d0730455de47870da74f8198e1e64b2b74a9305585ddd0ac0442bcaf,parada_nula
TU,c783fc5ea6d00a6fb60655ee9e8029abd6190a5f8beeb55abdfafef4b8fbfdaf,parada_nula
TU,5b7575affed29bcbdc9596ae1a8771ed227cb92022f45019dcf3c146f3c4a14c,parada_nula
TU,b0cd7ff0bceffb51ee77ea3df72735f46c58e9a4ddf5878021d65ad77246254f,parada_nula
TU,e0d99c14983092a248a1356729e3345119329ac3111594be8b97c82493558ae7,parada_nula
TU,091f627f335145b991e4f48d92d92a49e867396c6b4cee48ab204633425b2690,parada_nula
TU,3172a9c0a5b8437a71cff0ca1f94d3baff06a2a16fda2aedd3465ff38b7b383a,parada_nula
TU,921a753deb18293da2e282353eba10ef0808a135b978dd51d8f3cf5d1cb973fb,parada_nula
TU,125375ff449b42f194315316ba7c106b0250bea046db5f010f142a40f0686bc6,parada_nula
TU,3db851a0545cb42670e10a71b6cd43888f851fdb46039a25a35403c26ff56224,parada_nula
TU,b1e0423366cf62ea391ee2e155e5ad20e4ff6ab8567212632923f6c892f19dbb,parada_nula
TU,ab7e5ebc306971ed37f8c25fcb555431f0c511f582c00e701ebdd026a283ae0f,parada_nula
TU,89a4e8510cabb6b7e131cff0973a03151492436898f1b1fb969b194425a9bc3f,parada_nula
TU,4a1c219887983e39f8fdc8ca440242ad9cb040f783ad2d58330a35b6fc9e7524,parada_nula
TU,319f082f2b68477880b0bfcdbe3044b444640cf21409dd7ee87ec94be96d4f9c,parada_nula
TU,bcdcbb1a6283530c9e67174e128b87f4d34d4a94d5dac1f99039eb698eef8aeb,parada_nula
TU,a93ba72eaa891caf22531d34bb70d878bb5b0c831bbfa40c187ee1fe7f9ad306,parada_nula
TU,dfe89b3043c107ddbecea3ca307af76ed394cbb0468ba0d92114168bbd76f1ee,parada_nula
TU,a37bbfb5984a985b61380b09f1d7dc7ad25a4b18b538f1a21474004a44acccdf,parada_nula
TU,7c7a33f3b8617861bbf926e48cf5bc3d4403d60a8338d0d0463185973563bd25,parada_nula
TU,08b5b57b68db1939ccd5d5bec4bf9235cab5aa26aff4386038f899658f6086c9,parada_nula
TU,b5991e95e6427b669b5d8b5fccb942fe1f642cc7f5d1b2a78503cc200d86a8fd,parada_nula
TU,6716062ee33db4d30a84f812e2105426e9c573f48a2b6a1be679cb5b08f83dce,parada_nula
TU,608e5611fb9f97c0f4eba12cadda3aaf8f54eaf764ce715cca1f0c76872aaccf,parada_nula
TU,92e7eaaa0f7407170b5b49f4c3c65e360bddb4750e603c72a6a0f17b92ba8305,fecha_futura
TU,2c4544156e765cee4c04d4ff413e23f1cbb75a10e16bc2a1acb3c411e905d166,parada_nula
TU,014c5951dc7d3ed3bc815a864202206fab8818c0c112eba527bfa566f51e820c,parada_nula
TU,6acfd7ece37e5640d00ec9df881c410416b0c1bb722a6a6ff620527cf8aee29b,parada_nula
TU,72dfd790d595450133591f52cfce25f66c3955162967e634ade90f760c30d936,parada_nula
TU,fa15ed96d5761d7e54a391464c4ba14e146a8e265e2d1a6c8c6e5f9d1b8d3fbe,parada_nula
TU,91c9e099fca2b73ffc34761d82a6182b6d47cc452902d8bb26723be2236995c6,fecha_futura
TU,20e0703c541f229d2bf5a0747b8ec43012123c337162303fbc32e389af261895,parada_nula
TU,5b7ce088da2b7a43039a19bfcfc87ce75ec1b445515c27043d69d040bcaa3905,parada_nula
TU,5ed072fac1fa5f2ee92231060a73dda7903b285d0ddb8ac4284acde005847477,parada_nula
TU,8cc43ecf930c9542454dc5de8d05387c313d36b228633f8f62492e8a62e52e87,parada_nula
TU,c8684e255bdd734c88f407d9fadd138a060e60391f458d6313f16a76140ec5f0,parada_nula
TU,b7f2c71817b62c0dc4fda58605bd6b4db3a8cb0519a502d0589f4048202a37b7,parada_nula
TU,302e274e3716b9c0fb33f851c2fbb4ac56174fd8d728b3bc0b487bf6ca69bae7,parada_nula
TU,9226ab69944c4a501eddf7a52f78dca8b15394200316c8f05cb9451f6eef0baf,parada_nula
TU,895a3cb027ab06b2a5b9de31ae5456f348af97d7aa1b8f2e475971a09c515a51,parada_nula
TU,66688a125fee0a26d28014aa7f7f72fe100c8fddc487632c3f097aab1d26debf,parada_nula
TU,2b25cbb0c95975c95bc1bdf41ef6713389025a7e51d591581914f432fb9ec08e,parada_nula
TU,8be2603d8ccb4d3d1a1fffaffa82afba54b9947f38db8493d606aafdd5acdc40,parada_nula
TU,10065995056597b5eb0f41236b23a88c692c8dad9d9d8934563803356214cae8,parada_nula
TU,cc8550facbc5d12c1b1543b796c6ebe3824ea3fe6e9a3a66383752f339acdca1,parada_nula
TU,e939363d64946b9c13347635c196ecb5db6dc7552a82a930f586586001a0c903,parada_nula
TU,4bd476f5cd1c09dbdcb1544083ed949dd5c59adfc6ff4362e5202e12fbfec2d1,parada_nula
TU,4761bb7132dd8a5559fdaceeeb0342259fbc10ef06aec0bb08f850890b2d7e59,parada_nula
TU,bb9b311fffca25354a1d57a61aa5ef012ce74eb2df031b46165e9db09ee51a9a,parada_nula
TU,ebef17e40c1c94a5079dafcb05970c81dc7fbfc5bc35cbcfe04d7f75b0063a58,parada_nula
TU,2fb333543534a11ab35ae55f89af95e1d50901080ef6c63e1d72406efb4c55fa,parada_nula
TU,4e0529214de735da2c344b4e2b351121fd104724adb2787ce0f4f37a4a077ef8,parada_nula
TU,fce71a145f21475a4c3a6ac60b1169af0d957f09df52d3a6fb2fe6114177d232,parada_nula
TU,3070cdc61b0c86430968c423bbf7968f5b284c961a91dd05ab58640cd769fd78,parada_nula
TU,390516917d835e452d3d2d43644e73c7cee9d25a299c30be146aae88a63f68ec,parada_nula
TU,00b1682b0d7931486e1cbebc5aa351c7a17beed6872711f5c62506520041c037,fecha_futura
TU,ded9e78007363573af566582310a2779b0357b293165340ddf464783839d5abd,parada_nula
TU,00ddc462f55a1da208cfae7a5770f809a8a798de3a342cb09b4f2d332c062754,parada_nula
TU,9a3c15be38343a9743acb17a50ec7004c4ce222cb630e2cf45fa102856dbb4a6,parada_nula
TU,f16fb0177e038628b058b0435f08e3cfcee97246063bb294f84cb55c5212a09c,parada_nula
TU,1fe505596a730b40f0f1bbf5bc779b0a0a80ea8d36fd267c8c1b95fada865edd,parada_nula
TU,3e58e9f75edaea4eca6cc4dd9f8788fe92e8d7582c98ac9972eec2610dec076f,parada_nula
TU,2d15716f63e086dd39f9561232ec98b0700e5af5b81da8914ff45efe19414fdd,parada_nula
TU,678e928f6ceb2f4cd679a3ba30f28e98bf015c6759f75183f8a54caebb7412fb,parada_nula
TU,e286aa1f9c6e68e2e27d8fd6e581b8eabc1af0b24773e2826ce974bd13b9e275,parada_nula
TU,33f9ef5038e2559ccdbf1cf030bb7849a8d63ccb49f697d8932ffe93e62c3de5,parada_nula
TU,ce3b59442894041bee0f3525b6b12c9e23dae1dcd876873de33b5e4ae14ace0f,parada_nula
TU,4f48372051acde03e4c5e0cb99f215f01a0c6336b61df929df47ec503c2cc69b,parada_nula
TU,d427c935daf6073d37746977d969e2c5b1d6109f3be6cae3b13a6389aa735173,parada_nula
TU,0442eb4f1ccd18b388e67b6677230599e331e9b26d7ee04ce832b79562bb35e7,parada_nula
TU,03743dae2fd15aa1c0d9dfd693c3b293ed10410b024e243a6ad0dcefd2474a5f,parada_nula
TU,85a6c9eb1a334484d7604be11e47e9a0efedc9cf61783391ec73ab931fad260a,parada_nula
TU,15862b5837fc4b52197ef5600fd16f61af314ef12be74ebe610182d26f85e05f,parada_nula
TU,580898463d38e0d24f9a0e01d4582e51d4ee0a9a34cc362faa51eae51db7c6bc,fecha_futura
TU,cff71714e19bc1681ff644a7d477ad9402205549096e3c1d714de3e4fa2e4801,parada_nula
TU,cc0df9e101d9a0932fc08086aba119e7104c5ae181375e8e41854bb6bbb5c69e,parada_nula
TU,e463942e76a2bd0bafb222ee24eb5c26cd43fd4f0d6cdd7951d581719a3416b3,parada_nula
TU,0e57922b128f5d2bc690634178276a04fd08ffe99f86f0fd57f8a6a370401df8,parada_nula
TU,57df42ff78005637c61f07b9deecb66cbf4b0f3d79a03fbf17500c0de13c27ba,parada_nula
TU,4a4c997b5ddff190f8037570e5b0957737edcba04c4e2f05322fa08babe04817,parada_nula
TU,721766a68bac4f56f41b782826a3e2ae1aa42435a87005a12b1eb35ae5ab9061,parada_nula
TU,f1fc4668e0a7a56ae27f73d2ac7c22823dcd64b951f6651a365746463f0b5ae6,fecha_futura
TU,32268121e901472ee9da9d6e01bc661bd71d3aa670fd18bd12bc7b0d97243170,parada_nula
TU,21fdd38f747138782d76eb2cfda65ac665b36e2904f18ea562c5b2e41b47a43f,fecha_futura
TU,d631347cbafd254e846faef1e1d5ef8db9a8dfd7349443b5403d2ad21f06f79c,fecha_futura
TU,9241fac269cd415360d944e1a95eaaf44869b9ebe95a3a0c2e4d45811c552525,parada_nula
TU,439d5295b52fcfe571f4a57778399fdc2908a485b67e69a35c36fd5c227b5945,parada_nula
TU,39ff0f300ea9ff4d23bc97195a305e7f3423a96505fe302aafc49095162bb153,fecha_futura
TU,66ea179904f7359df18327f43e26adf1a37d6f7ada1f9e2bbd413e6a18a3eb8b,parada_nula
TU,cf117c148965ea26af6839d34d2b78dbf65a1bc66f3b04883596e042f5634f82,parada_nula
TU,56d9c8765f535c3fa08bff89382951d63c71a833fc8b0affde234580ec71387e,parada_nula
TU,fd36a12084b6593692dbb72a6ff45862784a28844493278f4cc8e748bbd35a68,parada_nula
TU,5ca28c73e0fea5681a957b64fb712c0bd1b82c02abf60f7c0863a95d8ae7f5ad,parada_nula
TU,1f4020be07e5d764c14e6b5734f6f9188d823ed35bb6afe723ef624bde1e13e7,parada_nula
TU,2fd7d9ad42fa8e80848b49b5448cee09177a18c4bd09dfba168cea23c97b9828,parada_nula
TU,6101e2c2ec7642c37260e260d8b800f50ee39aca9c9fb31ceeff710917aa2f94,parada_nula
TU,3fb03cc418e2bd50685c739778f1ba48f9196a23c831217f8eec05ce3c49657a,fecha_futura
TU,f300dfe1088e0b362e106b7d0d1a1b1fe7c1cb33e7859e7e63dc54062b8718a9,parada_nula
TU,ef712fa8bb57e5e178fb89803439d30f60f15e892eaeaf83366c0378a9b50018,parada_nula
TU,e4845f4d343c35c5b715321668bf4ff2cc1b7494c75907df335979350ca6e7be,parada_nula
TU,b4e0dfaf0fbcad493d163d7830731d82160411682fea2c004a5b754b7c0a0197,parada_nula
TU,f45e9621628b383ffc8df243b192f564b5602d5f0e4eea918326db3663628e41,parada_nula
TU,45a7ee9c144e3a62184c0592e1af7009bcd2c4b0bc4c1203321219a4ba702fbb,parada_nula
TU,9822906f8a7055652db075195eb94cfcd05d621ec77ec31acdc9492f6abba451,parada_nula
TU,453bddfa4bb001c870b687f04653876942e20d33f8c7eaad137fad04fea6b186,parada_nula
TU,031bc86f0417ae6ee2bef9f86e962cf4e2a3fbca7e35f5ddb332085b80a3b498,parada_nula
TU,ca7f9639ba82d287a7d1921dfd73793567e4a2d0de9e4b07b31c22f19efa91a9,fecha_futura
TU,3a0356244c1f4fa5de3fcccccc1d5e34cffd7d6e1ef14af58b05b9a0f85da3a0,parada_nula
TU,54b8c8110503efd91db8b9b2c36d9513c6acd357e80aeae5098656c02dca30eb,parada_nula
TU,0aa46b0f90b9ad36fd0782fa1cdd2195497b2d6ff547623f1b1fb73a14404097,parada_nula
TU,371987b184865c93040ca282c1983940b2b550ef41b9f58d9083bc9212c3e829,parada_nula
TU,a4ee56df4704a492cecb43a4098b9b344b399d3ac04d671dd459b37e30620d16,parada_nula
TU,8738ad77903c389033e5d5a9c1eaf7ce04c31626856d05217af5c679e8fb7b95,parada_nula
TU,a362fc23de97eac3eabdc20aa067c4e8cbe70d763bacc9662c21fa0e149adb6c,parada_nula
TU,7c9912fe86e57aa7d3b0607d70e50572434b0e32a4bd8534511089691c875908,parada_nula
TU,db7bf6bc4255ebff915ee353e1fd7301289fb996c4c0e2c420122fe838dfd759,parada_nula
TU,ccfef1c24685d807a810c7107b760bb3b271f9488509c33791494c75b864088c,parada_nula
TU,adb0ae0ca463ad7b50fa4034031bfd838e8ab98fb788a49c6c93df5b786d36c2,parada_nula
TU,cbaed67356fbca389e9e74ed36c15c22d38b49693c404d88e4e9bab225c46f2b,parada_nula
TU,a337dd3701d9f8fb17e76fef1a8b49febaa25d22491d245baa53db36630e4973,fecha_futura
TU,92bba4e740cb3821214e241e0040984dc63925fae10ac3b5d18ab6a3f84a1fc8,fecha_futura
TU,6e7eb4c478530eae9c123e1a47bfbc5f479621ce5dff7acb8f7be82731bac767,parada_nula
TU,fa3816bbf0b2cb623b86af6b5ae54eca7cb0b122a87f8216ce77e4925ba0a261,parada_nula
TU,7ca02ffb39f77aee4f5cdb04dd4ae2442371fd36a16b8bc81effedd58070f9f5,parada_nula
TU,afe54c3175274864dcaf0c084147e66099999aaa14b250a994bd07eef7d4c981,parada_nula
TU,9bb87e9096c4eabb7c0b9746da0415ee54ccae1dc418b2a6a9ee957b129df1de,parada_nula
TU,80fef9dbf50609c44ecadd97062a5a197ed9f990ac291b4cf1614c2126196c7d,parada_nula
TU,c5e3b18e8d01e1125485faa3144946770a06a2565a044329611ac5cd8d37dd9a,parada_nula
TU,03d6a97e0b2b78ef306af54100f2d26569bc8f8851c34d12c819efd85d4c1c59,fecha_futura
TU,de611686216aff0783e1b9f8b8924aee85e8b001012ca7153193fb3277016907,parada_nula
TU,7495b0bc61d7825efbb61276d304fe3318bdbc4ca2fe197e62dc11e9dfa33d72,parada_nula
TU,4faa6c3cfb2956bcec89e43973ba494e743fe8db4e6fd604201775060dcae091,parada_nula
TU,2b33e92fa5dfc46612f57c080cec7d1909073b989408b48227be32372385aa0d,parada_nula
TU,616c95033a89eb2007d882bfc105eede7fb68de9acaee651ae9165b59dde06d2,fecha_futura
TU,594dd788414f91875c2d8562f5f2ce3f4c8790a2fb5b5e0306f10e3b2a2171e2,parada_nula
TU,3dd77e7b417e2bd1471c842e15c76b296eeda7018c70ad7175f8827a03a00735,parada_nula
TU,2c835a88a1d0245590770e84351c65c84774ba5b393e8a31cf2a698439362d30,parada_nula
TU,c7ae072129cb7c83d7316dc65243f5a0b05b406310207e4b6604bfd0bc31c90a,parada_nula
TU,08e394bd488e567a77b697347105661747ba69425a3afb1efbffe1fcd80385ca,parada_nula
TU,100aeaaabd1840c24f10e7f0f65076db9aba69ef9c8c6411cade122bec8eaf92,parada_nula
TU,12618e6704680fbc89f4be274b404b7be2cbf540245212ecd26e7013641fb9a0,fecha_futura
TU,d9404d0710f4c20e623a999b255398f1410a6052d19cca21869506c19d2fe0f4,parada_nula
TU,ef95491b056a4ff1b50d384142e2cd369a85360a708c7f0091d04d76daef0eed,fecha_futura
TU,ba59c5d4af1747d812d311d2ba1a54dc67afb31857e2f638154a3e57b4f1c07d,parada_nula
TU,3391fd84ba650028c3419f3f551c625e0f5d46110e9a8e354fdaa2537d255d19,fecha_futura
TU,a2284df7a48c7436e78402967b7d93cf2a41040bb143c4bfc7f6f74eab712e24,parada_nula
TU,33933bf2f705ec62288b1c51ca87a65654dc43c645829e78edc467152c7fab67,parada_nula
TU,cd8e5a78311c560a89bdaf011f5c0aaf992df940afb07bd8a162a2436d3f741d,parada_nula
TU,b0840363ccc39183bf20adc43d0ab5fbf4995a979cae2813badb649929d25238,parada_nula
TU,14bd0f6f218a510bf91b7eec0114058ac34298fc18ca1720fc19db13d5afd0a5,parada_nula
TU,04d9bf4c8476b14b22aaea8b8634b30f54875c2c3dfad54d906e983e01dfa99b,parada_nula
TU,4af406c5d8f976ccce362ac5048cfaf53ecc2258901a591d55f4c66325f112ea,fecha_futura
TU,17fab0939d5965a9d9127f5eeb6f597f5f9237d3e029b39c42d7cd17b719c109,parada_nula
TU,2ffd67fa8d0fbc0e25dea74b1659632ea8ba6013600a4f4c4283593ed970a22f,parada_nula
TU,09fcd9d0d9c7bdab126eea04ef9561a225e590fe7fc0e78ed4f1e59940fd9a37,parada_nula
TU,c6f79f54ef9c02c1932a56b56d6929ba74b0a266b5d9350901d25e357c70af00,parada_nula
TU,a13da5040fc5f6a5aedba9154fc81ba5f7948f25652e818c5e42975e62a92cbd,parada_nula
TU,818cf7880296361725333f89b5862759caf6a1d5511b3120421abc3a88c35c3f,parada_nula
TU,1c006dc00664d38236fd4d33de7468d6969bc5f978195c33bc95dc5e9aebab0a,parada_nula
TU,6d09e2134e000f394652214ef0c25245efa995e0a777bf53a86fdbb0bcc135ad,parada_nula
TU,aa0069f3f24bb441a7374ade03bfdbadfa5a9fd3eb2bb67cdc38e7f00eb758e6,fecha_futura
TU,5d2f20c34c85f33c3913964b6af98c55a2685768dd0c4a566e9d30b0c46ef856,parada_nula
TU,fbd0b1d20e7ce956898f83eca17e068bc4a5f9bea771c90bdd9e1e002e5523e9,fecha_futura
TU,bfbe5824b9632cc1fe0fc8ce9c781bd0c2c24f4a4e1735938032b96ca952c9ce,parada_nula
TU,35d26ea8f19206a4df93343196150a89e01636bd41fd842237287df2bd9575ff,parada_nula
TU,afb68a54b783371589c596396167d937dbb7944618706069b674c22353a654b4,fecha_futura
TU,ae75262141eb480cbf2d4d01c0af36e336f7718c58d8f8220b415df85199e40c,parada_nula
TU,d6493da10e1b3c83b983e1cef57cc827bcf5b32cd24764d7a53de8d5d8c21bc8,parada_nula
TU,61f7ed30c2f67c8114398a66b548b0203a2c9a9f847c1075747d3c493e0a42d8,parada_nula
TU,d645983253a5b29482ff9130abf7a811a0c1908ec3b6fc2971e53ccfd31d84dc,fecha_futura
TU,4f10bc9d1c5611d3a4e4316847d723ae7ae0fafcaa77ec4a968ca804c7f7fe06,parada_nula
TU,1887637eba631a083916ef43fe754b44dc54dc5c62c28183956c90a9fb9b4a32,parada_nula
TU,8da585b1a18c7633d37e6483df601bc05291f1f77ba7382ebd933cdb8e7f1354,parada_nula
TU,2d444f91f78ac63a9fc179160347b5f807a176304aa9f47854c96412f4edbabd,parada_nula
TU,992ec3d872f67291f6a7b5300f90e0339b05fa541c14e5addd644d5bbe089efe,parada_nula
TU,820e7a01ff1c9bb64a4ac0c4eb0786abc47f09e378014d0fe1e802d9dd2731b1,parada_nula
TU,cbf3fa82abb82bda9cfc21a9415104600a75933559bafeae438bd9065d405864,fecha_futura
TU,f87d64576d24116b802041f898e76efed689495925cb0cfa6add7870cc6c9e2e,parada_nula
TU,9ce3ace37485a66986c0693b966dcf3c27af2c1f52896788f65f18f011a82999,fecha_futura
TU,4eaa9b22d4471a411ee458889e69bfcdd52dd2c9377ebc6d0a08c30119cb7016,parada_nula
TU,37a0dc1be666d3c0984152740a301b801369cc90206be9cfbe690ed4f1a941fc,parada_nula
TU,63c1e039f5eb4ddcd806f2199d6717d9e9ed06d016fd3679a86edbda34c60707,fecha_futura
TU,59dd41e6a2480734bcfa9f42acb1d749a3a012de69eed9153cd145db32dc58c6,parada_nula
TU,c0b667bdf995d0e35b3cfcf0a841e82275c8657a5c0aa4eb88681574e754b71f,parada_nula
TU,164ea9a0805dd1a3aae65ac8a793dbfe9f5818f1717d33bca26179c423d482f9,parada_nula
TU,cd0cf726b9caed812ecc1d6c19e42a24e734b432060cd855c50de0f8a0ccb53b,parada_nula
TU,872519d77a060ec887995c5855a622de536098403d820c24eaa5329ba6928a05,parada_nula
TU,fe266b890a323b5edd3e2b6cc6e0556ccc4aa4fc465696ff799064b36b70bb0d,parada_nula
TU,c8d3283d33ceda394cb11510d942b83efb230fab4cf6bfdc055153a221f7970d,parada_nula
TU,3210615972e7aa4beb3ad80026bc7871caeb4c4e729041dc0adbd87b6c03cc53,parada_nula
TU,8231f4a4e15b62369adf85802c1e88a2ab0e5a3ebf73709715ec69bdf1983926,parada_nula
TU,79784422769052de17a80c7dc3f05a371040d2ad45face8e9e6e62538fd86c95,parada_nula
TU,e26cca8a17758bab8b5289321ea17051d921e2c68b75397487beee354dbc93bd,parada_nula
TU,87b65962bf0cae0d982ffaab7d2a40b17497180c36e3164f39436eab52f192b2,parada_nula
TU,9e405bd171168dfc5d2c8e7a25dc64ee9f17d831fdcee74b02fa8c9089f3a329,parada_nula
TU,af796291ea7054f9d30aaf8be28976a8cffffb23b6a3244f160924505cd8625f,parada_nula
TU,5c3b38b4ce5b18ba0dd0284926b6f7c6ea3abdae1f65cb583bc5cc38454c6b01,parada_nula
TU,9c9c5e0a47bd50332245c272430513219d9d94aaa7a089c1aa87ede6ea668b4f,parada_nula
TU,79b579aa485bd730511d07634cad801d46cca2d17a4d4f4edd569e814459a4de,fecha_futura
TU,4f5800fbeffb7b6b9018d876fde22ee98aef3638184433c3cb30b605eab44fc9,parada_nula
TU,162ed1331ce6e5a65eef9a3c91648e8b8304bbd78028768ec859a7ffc58cc902,parada_nula
TU,aecfe85b06643af1f7329ecddb5c831ffb0bf238620dd20880943ecc5f0ebb66,parada_nula
TU,0d88c40b8b963d8f8496e72cb3f62bffd4c10b67b36de0b8ecb396ca652532a8,parada_nula
TU,f0c8d8aca83bdab999a59c952d6c23a03ddf0a2643bfb32b70e9bcd26a01ad84,parada_nula
TU,c165ce395448d28b05cc9cd6becd0b4af150758095ebbebe59341cb56d4ad932,parada_nula
TU,02cd6bf34e1e8f3607a62903ffca8d71d5d79d1587cbae099ad6cdfbd0c85953,parada_nula
TU,f0753ec845f99cf714e8df88914b8b0281e7fbe17ba0d5b6eeaf3efabc17d96f,parada_nula
TU,686e8e73bd0328662901e0ba9b693e057fc52b17826d703997d94d125886bad3,fecha_futura
TU,5ce9b39e5800f30d0752c415787735dee01d341daa5ecf09a95ad88ff9867e6d,parada_nula
TU,4cb0c8378dd26ae2a8defcd175f1d708abed828e8b58657f8e71e007e700a149,parada_nula
TU,9be26b12958967c77bed6929a2fdfc08007f0613acccf0054853bd6bd7d88e73,parada_nula
TU,83e29c31660c4ecbdbe260cc24036b134bf61a6524ceaedc6b1ec08dc41f9488,parada_nula
TU,4d8bf1de730eccc7b72c9d426afedd33d3a07d3ff57b44e6bab9877251f82308,parada_nula
TU,861aa25dbd1313c24189d29ca7945b75c6854324a6cec8da724c5de1135d7893,parada_nula
TU,c58840c9656a700c2f0182726b439b8e02b9a2ef388c08873458912feb799a95,parada_nula
TU,aa6654133f11b011d1d54778132d1fd207646dec84b2b3fe3e1a4b3c110daf9b,parada_nula
TU,a1be3f74baf1b0fe28203c74d1e8cd487e4c46ee77d1df28a139e79a039df5af,fecha_futura
TU,0ce3462b53ab6827d9503d9229740f692ec92a8b8a3d36f4845f5ffdcc12ec05,fecha_futura
TU,42e118230ec5706f3e70a20564bb595bd1abbedefecfb2ef2d61784e52e5f0c2,parada_nula
TU,5388fc41b8a094204353387df9cb692efa3ec843ca8d1c3e9687e4793aaab4ed,parada_nula
TU,c7ddc742f5e09e2b206c45af92376ae9a53beae7a0fd3131dd14ded03b246b8a,parada_nula
TU,21ee15257110b053a7916ce85375d926c51aba03913eb86d253b13056bc7c2d8,parada_nula
TU,be6ce220f5a956188a7e140e5a0d4c2cc9b63b29e2cd617cae7d8924cfba26af,parada_nula
TU,b42dbf4d06eba323a283a2b4f82a99a0ea352fed914e7b3978ff809194d7cfb1,parada_nula
TU,55be417a35a8e4f249349eaf022690dccc7a65fd5f2bf9feb2fb9fea1b2b7de0,parada_nula
TU,c5d4868559226b907ba8f93a94832076ca5420db46a187acf8f72862444cf0e6,parada_nula
TU,b63e9eddb805db0e04a93edea752f86b9050925b591ceff800b1d330b4cda41d,parada_nula
TU,a6e7f16b75fcd9c6424fe04536a605a727ca15e637c4010e6aeaca65acc5c8ef,parada_nula
TU,1dac109287f982dcc4be339d3693753cca88c4049607cae3a1de1b29445d6499,parada_nula
TU,667dcf66ea4732f7c3ce2fef7cf62aad6972187a7d1c67b4cfb1287f74fb7167,parada_nula
TU,2aa4bfcf59c87a72c586d1a82fc36b88d9b40889b2620b610d6e60b1a6e081b4,fecha_futura
TU,91c4e9ae937e5af4a3133df72e1ec311567aa260ce4cfecfaef608a30fbe2947,parada_nula
TU,81e60d50f826dafb728a6275e944c54e0a797011834ab12067177f3efd5fdb08,fecha_futura
TU,537e4d43e4ce05817531e066d91a14a20093aec0cf057c992abc96e80927ff28,parada_nula
TU,7f268be06b11a5b28be91251810777bb8a07645ae3996ff62e1d99a5c3deb755,parada_nula
TU,a706231954b94177e70e8abb94e69d6f81b32e50642dde229412330911e4a19f,parada_nula
TU,938759aeaf5d136f16abaebc52760f80af410c62351b92831afbc2937f2c9218,parada_nula
TU,69a5828c771e83fc32a6a27482a61c008e94f394300f0a0b4142079d95e76de2,parada_nula
TU,4f1926ea7820034da44f43ad6724049e79f8441c152d6601aaf9fba09f86f730,parada_nula
TU,cc8e150791bff351d55b78b9270d15ee3974031774544d9d3391761a2bf7faba,parada_nula
TU,38fd373403bcff5c2aa0f59747b69b7aa551c7554cfda1b605e653ee7520372d,parada_nula
TU,c707621e5d4788be06ddf18ce04eba298ee48289896849628b78bc319f307bbd,parada_nula
TU,8af1b80842c83fc58513a4263edfbb959f7fd7b284148f16f86e0aa420b15fd2,fecha_futura
TU,aeb5361459437881130876687ac288b570701b03879c311b6c7606975c1ae074,parada_nula
TU,8c970870fe4affad4f668bca56cd642b92d90bfb8bad7920c5235398c700ff8f,parada_nula
TU,c27b943b45a1c2bd4c3b29e3fc858d69441ae3e890a87405ccf8c7cb77a87239,parada_nula
TU,cc7fcb40af3208f752d6fb7ec1e4c9990114353152585ae4c5f8a31d7d9e70ca,parada_nula
TU,0c4b756f7390f88b1f7097e5302979a30bfbfaba6a7c16bc111682a8d06ad2d6,parada_nula
TU,b1b39ad472c38e7b9fd74d8f06d82e5de64b2b8df292b2d19ccbb1247ce67acd,parada_nula
TU,9616cea6308edb57548cfbc865cb6eb40a2da565bd2ff5fcf740b53f42f719e8,parada_nula
TU,b1af8e6cb1b7365fb918d0cdf1a7d6a13d0cf464b4cd1b22689680c9c00340d9,parada_nula
TU,c65b85c911e50b6c0e38479b19a5e6efcf65580f94bda83f9386025af6f0bf36,parada_nula
TU,a6e8e40c4e480eb4fda03daa098c4c556d7cf5f714f39e428a951163075e02af,parada_nula
TU,4461fd202871f72ae00c4005d960d70325491ce8c91748ed52427f1bc1001611,parada_nula
TU,8bbea13ca926a89eeff1e2fcc617ee14e44ba4f256df911206e287ca0e95d197,parada_nula
TU,d997d8fe489951034fbbfc4a21309d96347f224d5f56b8f21bb7205916270bad,parada_nula
TU,35452bd060d5efef3f196c60737b1e7791deeb4da290e10b9489f32fb535f115,parada_nula
TU,b71227467853850cf4ca79d4cc4d2620e81b8f87d2f473641c4f79f50c7c5a6e,parada_nula
TU,3e44ce25e315150815cbdd263209f5c709665968f3286b93ded1f264bac965ae,parada_nula
TU,e7c280cad0920696f1acf3c45cb79f6ad8ffdc896c127360d3eb7bbf3bd310ec,parada_nula
TU,6f9aa1124742f108e6117156ed9cb958f9d2103609ff946bc6429e8a5d4ae8c4,parada_nula
TU,9da4ee8a46e6097b2c4cbb503e0965fc6ef9b2f894108ea419376f3df5797d6e,parada_nula
TU,afb0935fec22f0da5c88be1c119207048ece5d32a8a3394e343b6db2a859acdc,parada_nula
TU,34a7b3e1ea56f003e1d2df99bbf4795169647bf2c2f24dcbb5c74dbc67a2aa80,parada_nula
TU,649eebfb10e4396501495d37ea7f6e3de9d1c9be7d7f57c42596ab44430ac9d9,parada_nula
TU,fdcfab0ced103d0abfbc199777e2f9a637a5197c11c77a31468c51157920ab17,parada_nula
TU,318cfecb0664eee4ace9741d33755ded3bea1e6a7943e9e6f11bae591252c317,fecha_futura
TU,e92960470734bf4c0bf44c30ce4e2de860dd9ecbdf252b235358c1bf7182ee16,parada_nula
TU,c0d15e1894a0035cc06e608d032c5067393490284edebd20d2e556f39f215756,parada_nula
TU,bd48d788bc5bf844e0e0fdff1b549d4bbb25db2162be686199e7eeaf3c17fee4,parada_nula
TU,bd0c724eceab3f3e3ce0bd37d64022f5bcd857617ac4b52eacf9aa6af389926f,parada_nula
TU,aad976283c880bcfa127ae9c81bbecd17c813ff57a731a79e899af5f59c26aaa,parada_nula
TU,836880bff3f4fa2998f9b0b38d25a47c930dbdf84279d04dc850af3f55c340ec,parada_nula
TU,bcc66237b083be18ddde8d8381650be59989330137e28acc948ed09a9d13225b,fecha_futura
TU,17345213a2d3039986c824837f3a90d86656eeb149a4fc5ac9e36875d201ed19,parada_nula
TU,0f086cd28c21c08420fe70a5c386940d813e7596aa1c8dddb8ec51a59a7d7c17,parada_nula
TU,a00080bd13f7f8a1b421c6391beb777fdfba937c29c3aac241cb937ddb098f99,fecha_futura
TU,daf48e683767fd30693818461eb1dc0c57881e1a2d25009ff0408ef9cd1928a1,parada_nula
TU,169235b01a0e2ca8b217e09ee33cb4ed31a99df88ac1b95c9e06bd28ed35abd5,parada_nula
TU,b4b12f374a5a009c6df2bf9b9644a37aa38d9c7f40857ac6561ce3f819ada4f6,parada_nula
TU,dc3636fb3097fe5c73f11ee4177dc1565d82fb33246506421f4a7f931ba5070b,fecha_futura
TU,af2093fb0a2e922e1f0729c163c929d4f8542f364260e559341a6575cc622b24,parada_nula
TU,f94008fb1f9dbbcf987ebe448974b465ab6a72df9649695c766c1ae935249360,parada_nula
TU,2d74bd016488338011848d392be7be1a76b7b4a1b851fec26d1c7837672e654b,parada_nula
TU,271aa5bdf539688bce2886ee4c671b43223668d7c2ca1f200e21d71b4b8dfb50,parada_nula
TU,8f9d67c5b71ab73889c8461ce22ccc854c75d38776fd7bc6cf963f0b3f063ba1,parada_nula
TU,68f8c3576e04fb63293a983c80e564626bafca6dc1f2459bbd0e4641c2985953,parada_nula
TU,43d41de6e131776710a0d2b7e2fd9958354a5c0ebabf636856463ccaa25f8f5f,fecha_futura
TU,7924265e594756c9d001182ca19e3d37a98d2cf1e3d4ed334b0ef8688980f6d6,parada_nula
TU,519b52eca5211736d1e8063d6dadd35406d23298b5f57a7128e0f34adaec3961,fecha_futura
TU,b90dd58cb28a7a7428fb36a10f9036d5374da8849dedd5f55a120b2d9eb81618,parada_nula
TU,3e97890bfbbf88d030b5c7cd9f2b0adf54eade98a5d0db1f3a92d12e490a399e,parada_nula
TU,67911e1ffdd55d96b1e74343c06a2b086681b84bdcbdced3effe3933f0d11fab,parada_nula
TU,96d82afe7f85bfddb509e69d6b2b2aaddea1cb7d4fa9ba70dffa28ff48e663c1,parada_nula
TU,5414fd687ed3197926e3f5663b3370de14c21cfbc8f28da0bf48ef69efd79945,parada_nula
TU,71f6a1bf449573744e2dddca7d3f69dd81f5d23c280e4cbfe7164edf10a52eff,parada_nula
TU,1a394776f2719028e45432eced7a54254813d423183fa81999cf455ed8d6662b,parada_nula
TU,8e69b5802a6979536a0cc65a053023c65189fab576dfa155ed292f9c85f87009,parada_nula
TU,8c15e6a6b2d45a20f57ed32b94676f27fef198b691dd36fae4cf6e33a1fae3c2,parada_nula
TU,f3db2c1f69e3fc37b05b38d7a5499253cb66fd660a2d48bea5dc74f1d3ccb549,fecha_futura
TU,c8f67c9326ada97bdca1fcc65e1923c9790a5153fb6a7b56f0eee707c2d4d1b1,parada_nula
TU,7e3ca5ea94bc37d25a59babf1bbc5c2d1d3260a05334967a3d6821b70db4f4b8,fecha_futura
TU,fa27c00a36e999c0dc955b7d91fd1846435d05435833d91d28717f4543f54894,parada_nula
TU,1d330aafff0031771ce2600c4ae6efa425363405ffc7b136f9576a614083128d,parada_nula
TU,4b17df370ccfbc5592c463fb8526661f51733cf669fb799da68fe890a5873327,parada_nula
TU,a55946c84a6bf4ed77ddacf7d80ee4a1778b7394d2130879cc9d55e898a795d6,parada_nula
TU,1ac00dc9063860d2983ba1911905cbede012fa41852fcfdf48b016bc3530dfa3,parada_nula
TU,c1929d0ed8b711b6524c402f21c4a6cf98c0e283f686e40076a9388220c0fffa,parada_nula
TU,bea2270fccefef7a51c4549c449e8389de2cdaefd655cae380f01e9040be4849,parada_nula
TU,d3f883389777e098da73182ad4b08d0e0817b4ddc277a1fca21db1518ad75d8c,parada_nula
TU,4e6996d2fe1ad421c63e494a1bb7e567a2a1228fe182883ff855251d00dbbf14,parada_nula
TU,11c58e7e34a392c5e1f23a3b9bbe0516d96dfd3dc9b2cba68b77e16725947fc2,parada_nula
TU,a70f33f4609edfff728229794cb478ce3c0de6117752f6448740cfcfd27a9386,parada_nula
TU,22ea47173875f60c91212dd43e572db83d7deb82ed011db0f37e66b2689e48a2,parada_nula
TU,83dfea133894fd91a2c03acb857e9efea652e820e21ff52b3206a1b0e8653768,parada_nula
TU,41fd3eb2b663974830c7324050eec264e7d5e63b96ea8a49d70edb7131b67fe0,parada_nula
TU,464b21adecc4c861e221d201ee4a2434e2215f0c2b799d877cb525fb296c9bce,parada_nula
TU,5ca3bd13acd4a39a578eac66d9b8d72f2de2bcdb44cac82d4fbaec2a2d5c4590,parada_nula
TU,3f63102d3bd7018ef037c1c51236d401861f86a1e2be30c6b7556d2916d81a93,parada_nula
TU,61bd6d7e970391b4e6fb7beb273cf21d158783b74104e3a7bfbeeceb1b3557e0,parada_nula
TU,903f4595709d7df8f402f87041ded049133d19b224bcb39733a8e4f4b9fb8dad,fecha_futura
TU,43091be489c6e1adc87be336017b504266c3bb8d43ea0ddb67110506c829e234,parada_nula
TU,9a799ea9618e12032bd8e278491c20e228eaf8b7817e9a44676e5f37aa3e3b32,parada_nula
TU,1b1708310eaf498896e588f88c09c93d9dff548f99000cb8c6aac34d1ec17290,parada_nula
TU,e1d9cef439ffbedb533489bb53acae9587040fbd81b82f619bc3e9ca79c65775,parada_nula
TU,abc9b8421d1d271be38064594a3fe71cf3234fb41372037021453f763bb4e4b6,parada_nula
TU,33616677b9c47ed56f4ac20764ea3eb93d219d88c2a4237d5abad5bafb42e6fd,parada_nula
TU,5eec5ebdee2c44597a9e0ef3f68a55b7cd1c0a000274b7db90655fec8c353837,parada_nula
TU,3e42ffc83de7a12a21586095140de09db93e879b1c3ea0a93e1281ce4450c55e,parada_nula
TU,7de9d22e003fa19f9d4a46acbb5e9aa9a9f1cd5a85ca48e7627d8f44d4abb35f,fecha_futura
TU,819de255236fdba2ea92b1764ac1fd6394bad3ba3f3afdb2cb109e3ce881b2a6,parada_nula
TU,9f2cba98974c19ffb3bfcbcf2cfe45b0ee78b85e27f0355396320be56c3975a6,parada_nula
TU,13a4cbc5415ea89e10b7f9274bf292aee76cdfefccde5ec1e9fa710c3eabef40,parada_nula
TU,cf94b67adaed3aefea7fd6acad7a104f9e43f6a0016275c4fd16f6bc5e6e3df0,parada_nula
TU,f7e5bbeff5b7ae65339bf2604cde4c9a2915bb7e2ee450028089d4bac33470ca,parada_nula
TU,4c6743dbddd8d80c8cdcb38db259cbe5ea19c0e2036601682250d8b3667a290b,fecha_futura
TU,816ad1fc77cadc64da346d51dad43ff7eefe6b91088fc27b4d1583323348e93d,parada_nula
TU,7b37e426d2d148b2a8d44e1d7ecf969fd39df43c778f054ac71afe1264dc9c52,parada_nula
TU,2eb7f3a385c68eccb6b1d6a4d0a4f6ea562757667b14464e58367cfc27ed1f30,parada_nula
TU,b56181598c6c991c76a6da49a581af4acbc8c87531e35cbf13870e11b16d3204,parada_nula
TU,7bef2c6d76465af883b624abc3755ab62ee0bf1e68af3902de5af3d843f5761b,parada_nula
TU,da0c5e481eae96b643ffadacd5a026d5c564d6b6033ff624b7311ddefc647937,fecha_futura
TU,eccf8d07a4805b17269201ead78c3bb95ba1404fc285183f8e37a6f2a7fa4c9c,parada_nula
TU,4eba56f40b3cab2ab5da1ff911c5f6572d64ccae4d87d98234168b09aa812881,fecha_futura
TU,17352c005714d37a2508bd8884c394de5602b264ead775a4d56b85608a9e87eb,parada_nula
TU,bd726e0455aab7a7fe6d2230c616b65d749d53cc0da088b8e53e38308a2a9fbe,parada_nula
TU,17f03de40ac843b6ae4d812ab532b83d81515140eeb6f92778949ebeb7aecfd3,parada_nula
TU,c243a222c5d47eec670683048fa0ea8efe45772f902b2d88251f50f3e3aae4c7,parada_nula
TU,db72ecda03d7edd93de32c838b3b7ed7dfad5ae0a3c1b878eec69fa898bdc497,parada_nula
TU,5a220c332f69e71755ccdc6f328aa2aea2370a429c36bf0b803ae795cf44d845,parada_nula
TU,1b70d22fdebba84e8ce0959a78d91980ddbc4f11785cb3e261178c7d0c54a588,parada_nula
TU,e2ab53525e4612cd1066e983d990f6b59096c84cca2b064f98401323d06ff9df,parada_nula
TU,f640224cb3edc8be07e2bdf86cf911a6e63606e39a4108136bbab4eb2b7f7878,parada_nula
TU,a1fac66146d39ac70e75db4811d06f570af060ec5ba6e2190ce3b030630f2588,parada_nula
TU,3f345e819dd92c7ed23e1ab96b8caf6056d92506bdd306b620f09bd653b14abe,parada_nula
TU,170ea632994b80052da863053aec630dd7c1a9355c78227c225ea98b19a07142,parada_nula
TU,1457955735b2047352945513b21d6a7b3ef55c42026ccd84529f006561041dd3,parada_nula
TU,61dd621b0494c77d909c5204b73b63f47c8177719335ee73279772f70ced92f7,parada_nula
TU,ecc9b2a405bd40177a73113baf305fab696fc488a8a871810da85b6d88fcb025,parada_nula
TU,0593442c1273f6cbeed9461fb4aa5766412bf1419453babcfd3ca06281adaed8,parada_nula
TU,a07820c6ef976e8ad98f97afb5eaf9325f433c6caef4904c49b9a790fb37e8e6,parada_nula
TU,ab025f4ad817dee3c37e084d745f554146ae2696dd4b56be41222f6d8d0d7fe9,parada_nula
TU,11d403912315d2ca596e4d48e8c0e4f34bb4e87f32e0e6c15e21572527891883,parada_nula
TU,8d3576156810d231580ae772f740d621afc8f6a4f90a9c44c269fd9c42bd523d,parada_nula
TU,d9f128dd9ca6183bcabdf8439620fc3c0debfdd6cf014ca569e5174b01fa2832,fecha_futura
TU,6c7d53ac332d98632381b00f917e1dae2f1e8b023ff0879035fc15b19402ba57,parada_nula
TU,0b36ae033fe19122b3997cfb7a6bab0b5ab872ceae4d6a629cf849efa9cea960,parada_nula
TU,d518ce98c0e94af8ceac25743e40a4edcd5ddfe3842887c1616048aa47a14367,parada_nula
TU,2abeb900e1e8c7519f08fb412089ce4f4d363779a9e342e313b16edd20ab1879,fecha_futura
TU,92dda4291ee07c56013555cfc145f0e2324d1da3a56558d8a3f16f6d459c40cc,parada_nula
TU,b42dd54949d2e959309710cd922b82451357a3783d7442347e98f96befec9bc6,parada_nula
TU,b40caebc23f9d85efdf21f63e8e8dd67de35d6404c1353695ac7b76f78acff9a,parada_nula
TU,2c58ea44046739c73b8ac4e36292475fde165b403c6c671adfb44f73828b8411,parada_nula
TU,44158bc754f0e5337cf7bed64022638735f950ee1e5808bc9616468af6bfdc54,parada_nula
TU,1b6452b53fa8af26e7a680d94ff309c0f3481207df99164fd0f537785499196a,parada_nula
TU,b8375028cf25bc9d3a3f8e7419fe244389dd07d8ac5bd0af16893a2b68b19761,parada_nula
TU,421752bb803594c18c1d364180d90af0c9efc02a77fd07519789ebd200a62de6,parada_nula
TU,9162df5b616437ff534ced988d9bf6417ac494e1378ca36bfbb40bc4816fb9a7,parada_nula
TU,9ecfc6f60709f9b565b4ffbbd4b32ede8fa9e2fc0ea23adba58da4babad23c5e,parada_nula
TU,6d8c6eb5904d2c2837f904271bcc8c906ee400bd5cc6af84b7e7519d10c903e9,parada_nula
TU,e7bd33819985a4b937671a7b04343cbf379e5702bdbc20bb39fb614a13dedb1a,parada_nula
TU,f14aa3f1dbf6611b4ff0e9498efd30e4d2b8bc085ab82dd797c1cc06acce2517,parada_nula
TU,cfccc6139480118ed2c72958802f9dee23370195ac581ce9dcde2d35b2776abd,parada_nula
TU,7ed62fac3bc017b50bccc544882d625af6e88e6169bf7bd7db8365f1450341b8,fecha_futura
TU,910f0d4a1ed8874e00374ff2a718000c700d52eaab974e77e65f65f2ca404f64,parada_nula
TU,ff05c8bc20757dde4991f526440837ea8f58167db88a9217736c419692624c8e,parada_nula
TU,5de35b5908030075f7ed13e64e094409d3e64214adc289e67fc2f894f199bae2,parada_nula
TU,e6753abaefb6c79ecf0151c1b8b9b65733248406c3b6a484a844c55508b273d5,parada_nula
TU,e2bf73de4c0958271ff33d4650b2a5c34cb10a9fb90710d8a9e267091435ac22,parada_nula
TU,dcfd59adf7bbdb825919155d9d2908f322375c6733eff2574617bebac9c48eed,parada_nula
TU,aed0251dfc5632a41bc80f35fff1a7ee8f4d2d35815a996b0ed68f7ab4930bd3,parada_nula
TU,52a36f8a2a307d5e0f1f6ce15b00b7e197628bdeb20daffccec95fadf0f49786,parada_nula
TU,50732509e6291ad953136ffe7314c3ef33578ec4d87bfed5a1d3362320905ac0,parada_nula
TU,12922c6f08380fabaa85f0e2e1774219a742336478fbea182c8981ca261a535b,parada_nula
TU,f769375f8bb9c16c919c7da669c13adf45fa8bcec029c55f9c66d78e1714bee3,parada_nula
TU,d0fc35a191976a3460156762966612c50fad9e69cf6fb1889bda5e6cabd4ac69,fecha_futura
TU,60034de8bc38b5d33b3db101929daf8a3a2b6c6da0494736d5623f9b407df8cf,parada_nula
TU,fd0315f5e5ade04a332138b9c5cc4015b35b94c049d8238549f1f78ab60a2019,parada_nula
TU,f30d6b3c682214ea92dc494d5dd321922f77ed6d43bab903dbad70f5e58b0ab5,parada_nula
TU,73b8b15431efb665972321e74ca37d4b1b9fb592c5f3bc4b3438056300b6a165,parada_nula
TU,dbbca4efd3dbbd5cad63c474f5341806c625ef17a5c14d502aaa6788ef9dc95d,parada_nula
TU,e1906059326d387d52b53a9518b0a21beab24dbe61e428e57d9cc0f51b44fa60,parada_nula
TU,21deed7cf10d6f2f1acf5176b97dce4074e11e594f8ac92a667d0576132f01f0,parada_nula
TU,d1624c9813ae32fde7fee6e456989239e85b83b42bdf076ebef3a5af452e4ef6,fecha_futura
TU,ae19063275e3b4bc917715418d93f76f39680e6ee9ba23601598e2cfbb633f22,parada_nula
TU,12d149cba0f2042d24f861501e84029c4a264a8d8d8aa1a6736cec36028beff2,fecha_futura
TU,ff39bf3331d6465663a8cee344cf9f9a798f2111e2c586929091a8fa87dc13c7,parada_nula
TU,2b5ed761c1f65218d6c798f8ba57d7800973f459821b6c488dc6b864cc6296df,parada_nula
TU,6cf78865e3ae9886ccf3f4ca3c890a62d83191fc096eacf3776a2130f5e7653b,parada_nula
TU,29caa7b122c17dc342820257774b7abd12676cc9f491722643e052f7bf839ca1,fecha_futura
TU,ac1034c682c76298f437d3e702d0d5bc44d02b63f91d349f14292d6554890098,parada_nula
TU,bf403e282655b68102254d65a2dac7ff2dae67bd4f3c1c887d3e47053921b4dc,parada_nula
TU,85ae48b69d5fea6c329bc47415ca5e9a85b9d40133054ca41a0fae3309416c3f,fecha_futura
TU,c038e425904caa4cb4e7fc25f9cfea56e782bfdadb555bb6ad4fe55aeae3c62d,parada_nula
TU,201662bd5cc3df36cdc8a31c621d49d543880f77434dbd723bb2423cdc9284b5,fecha_futura
TU,7ca104e2cd3ccdddea061ddb4830829860ba2dfedb424cb11ababdd7a0c72adf,parada_nula
TU,3c9fbbd82c60735a65995948e080bb659f1d37a5b586a157118e6d35c1c9162d,fecha_futura
TU,6aff5c04647b6c4d1b02bf231789e55dcd8641446071fc86105f15cf409d9e85,parada_nula
TU,f5e116db59a02dfb481b378fe09f576d0995eae58179cb152003c9a3c9d3b690,parada_nula
TU,36121e66fa20607363604618d39d9accd6309a97fb3dc13984c9a736fcdd5852,parada_nula
TU,1bbfde7cd2c43c52801d73a009287e83a6cac47d7254aa5618b9142c03bd86a7,parada_nula
TU,b923d018b09a4551d9b57e749555d91690987c5b57f4cb4766747a528798c3a6,parada_nula
TU,acb3bdb5616b178b6b6e18f53ed0e59fb16cad8d8eae6a688f2e631422ec87ee,parada_nula
TU,8b1f5ff59e5626bbc4f51f748f52a4e0b8de2c344ed825a72ee4907419edd5fc,parada_nula
TU,43c7810f086d760e5a21044a4c18b139ab263b7c7bc354f846fb76390b9db397,fecha_futura
TU,0931c2c7060573cc445f3d6e86f47e162d629d2d884ef8836baa68097adf3ac0,parada_nula
TU,736a6b18b44bae18e46156d18c4abe89d5df13877de2eac01fec21dad7a38f80,parada_nula
TU,d855714fe28ab56457a6972abd1630d5403fb53ef906e715c1a95c6de1092358,fecha_futura
TU,73ee995f0d259da9e66dad11592339cc1ee535f092557d894fb74d8c063aae68,fecha_futura
TU,48c3b1556880d2eaa19ab3cc259bd056c662c6d6653673bf11586aa5f93d3e90,fecha_futura
TU,e242fbd809a2f8da092e99adfbcfdb02d742522f88174b1fa796fccb42e5ae94,parada_nula
TU,ec1dcdc380ceee14ffee9c4fdad267c2e36e43f76f6b32b108f9a2bf9cba6355,parada_nula
TU,cc8441e2c6762e556254bece0c7854a68718b8c408a1810906df158711712d76,parada_nula
TU,125df004b7887a192c3c37a8b224f2f418153dfc02f333d7e602c634ee03a207,parada_nula
TU,cb53298e1f5946ce38077a18881528257f94235120f3581aff21d9f0b8bbb778,parada_nula
TU,0b79413655e15357f27532a265173e21f59d1b21e36ed2b8f5861f5368a9ba6c,parada_nula
TU,5b1cc3c6d034346615fe5e4abb0c2e0184839616317cab3e2a42e084f230eb4b,parada_nula
TU,ab65754a9b42cc057eecd5ebc4576ac89a7c0db7934d7e618359eb8a1c6e7a5b,parada_nula
TU,90971d920873971772ff11fa8a8a8785a80a6e60609b023b38a473c6307155a3,parada_nula
TU,8d2d6a5c32f6dfbf59747ab0b228b9fbe493364d4bbfb321b7dc2003535345b9,parada_nula
TU,c618a8f853c5cecec846e1a60e415422c30ccd54ccbdd7571119d2a2fe4aaef0,parada_nula
TU,b7453969aa50c4496e8c34db276d8c6b714bb0b9c7e597cd06467863e2807ebf,parada_nula
TU,2ac689d938afb1d991ee8c1ea3f0141e93bb664f9d8aca2da08abcb758c2cceb,parada_nula
TU,a635b802ed925a58402f94691045bd931884a07b97985c9be802e7c0709ce8bd,parada_nula
TU,61fe23e6b749ad4f33587564d32a257111b83864d14b5d0ba7bdb0d1d001c286,parada_nula
TU,7118d1b6e6f14fb20093883560a95be42a146a14eb4d2bbbac03b0c6aacab980,parada_nula
TU,98034cb1f3044a2c7db45f782e87aa2f4105cb36675edd88b5625f806d924628,parada_nula
TU,e71fdb1d35535aa1d4cff43d9fbccdd791b9b86ca633f7ea02bb5544f10dbc2f,parada_nula
TU,203c9c1a3d77a2252512e9b8a041994d10d623f9a9e79ccf871f78e9168f8504,parada_nula
TU,ccdb0ff9b7e26766fc436fb145a5d37a1b23abf385546869eadc03ced7d8bfe7,parada_nula
TU,92ac61916c68065a46dccab497a11f6617f01f83be8031693bb77210d2f63698,parada_nula
TU,d9cd2d5f3234c7402df7b0937a1f7abc8782b05b7e71e81aa57a6a15bf99b776,parada_nula
TU,128c9dc072d8c14eb4926cf9debe8526c08ff862674156f9e713c64ce647effe,parada_nula
TU,8f1f1b189680e8db398ec5da6236ed869abd1e81c4835e4c9a7f2f447f7cdc82,parada_nula
TU,f772539271e8f912bb2bb679aec3cc48ebd5ca9f6e5ff494ed943e18c94cdf41,parada_nula
TU,e9c990e9c75cfffcf21d300d5f5b22463d248a1815985973ca84776b12521a87,parada_nula
TU,b95546bd937e5243cf79aa1f8afc9e430d3e62ffcf94cab2ccc78e52331898b4,fecha_futura
TU,69b350c4fd240e778b65d7a6664959bbda6eff93539f154482f86daf79b35d81,parada_nula
TU,abcac53b782f09edf41d19a20fef6a33defed25cb4db6102ead9fc6a90d7f2bd,parada_nula
TU,3beb7d6e0f2adea8dada7f60e440255a153cac167defd11d65c352259adcd856,parada_nula
TU,140416cac5ce1176e607fc76631f8640e74bb01efacaf6bd75dcf30e7fb949b9,parada_nula
TU,18a7b5429f968dd55355a595cace559ad75e7d2082a37a3e79970daae893e48c,parada_nula
TU,c9f46a66096014cf5ba47d7a2831bf58f53738d1d8b70a3ccb853ed6f7cd9e14,parada_nula
TU,ffe3d2375c360796f6d2cecfb92bbc0f3c2ca3a55650e00c14a4c1948226c53d,parada_nula
TU,47403f29d606d1938045ad21eaaac12625cce9d727f375b98b3186dbb8e95c5c,fecha_futura
TU,098eecf4eb989f83631e3fbb45f53fec6f0b50ff5f102295efe1ac77e849dd45,parada_nula
TU,050b26739d8c72f4c7538e33b2dde07bf02bdf18b7c05f65331609fdca9c4b74,parada_nula
TU,0722baf8f14d10b2f35ee6edb822e808aca4640d1a5c6fae7527c0ea7fbfb61f,parada_nula
TU,c5625f7393476811f8792d4aa586e7076a0573072d0279eedf283ff82878b49d,parada_nula
TU,149b6612e83724498667c1a7890e1ab88e579afa563bb3f75038fa4ec785ee06,parada_nula
TU,b9f4f98c49ef2d390a6c7f52a674f27973c35689e3e2fe7a19945e63aa37bc99,parada_nula
TU,348d55434ec7629db0f8d56ce2d273b2af252f893b89c508e3bb372e732236a2,parada_nula
TU,58ea64a2fc748d2cd15dd2b3a89961e3520630a83db8260ad8b5de7a3c273e96,parada_nula
TU,b9bb049d1295b3ea0e53248f237337b71a47a68a466adab7763c66dd1ae8b755,parada_nula
TU,7f14f13bca3e0a51bb8b4ade447366d229121a4c2e7cc7e7ee82c13b5e871359,parada_nula
TU,a5d500e2a3ff87bb06e0a79f1d437a1389ad3514b4e90e8a3cb62f16608cdd36,parada_nula
TU,d147450602d50cd0f89fe11c83676381444cdbfe1b488f3d4af7390d801abb3a,parada_nula
TU,de281f8640243b68ad945f864749fd45d14c7f6749b041706c0c52bc0ab9fed2,parada_nula
TU,35cc994597741b28c665f1ecca7729ba162748cd9038fe82ef8795272aae6b2e,parada_nula
TU,36981cfce7db05f86fcf8e02c09a69d75cc44294b9ca2e8fbc63f45c9e2cd8ee,parada_nula
TU,79a197a3e6e3dc74265f2740aa4766e4a7383d4435a24205c56f943b812f4fa6,parada_nula
TU,be778d134dd78d8684fb89c62ad808eb499e456c7ee70e0f01423d407a29a33a,fecha_futura
TU,be982b9c4ef1e332c784dac5d2156d96924d916ae812676999587ca89ebdadc0,parada_nula
TU,b5c862f83bbaf6029f84ce6762769b286b742dee33868c9bf35e0beeb17fc1d9,parada_nula
TU,0a4036e6b077dde56ace1419e5b3665bcc5cbced251cfdb4283488c4acb3276b,fecha_futura
TU,44b9530dd528ce6151c9f376f3840d957a849d856e854f45412f1b6b30268aea,parada_nula
TU,cabb2ab718875feb1f1c37a277b1ab064292f43048c07988685b3aad4cb2b41c,fecha_futura
TU,1ecb33d8c350bf7cc9759b13fbe632a1f5e8876933ac00a22e4138b842fe4ed9,parada_nula
TU,9c2227abb3dad8d61bdd6cd9e2f2f1b1be8071c94627a2455b52dcde513820bc,parada_nula
TU,34d78a1ccedd97601fc86882217131a10b8d6c382c5aa32fd59b8a61cbdb16c3,fecha_futura
TU,e1c9aabb3e63bf2ece423987870118a910fddb4f37e24a54808aff455d5991e7,fecha_futura
TU,2a1c747b6b6859ab5926dae5d641149e0e05c151fd3cdc6583b7ca3ffb82169a,parada_nula
TU,d902d7abe6b6ef5eee0172a35319a2fade9adc72cf099e80aa84fd50e810cb0e,parada_nula
TU,62a8da851f5eeff5a1523899de243b0fe64956a8d56a4d54436968621d084de8,parada_nula
TU,07d477197ec589befe37d38505c53f0bca46964f4ef54fadacbdb5340d39313f,fecha_futura
TU,d243f52b809a51338a4ba07859d713e90f0a5ab6f277a9936ec6cc574878e3c3,parada_nula
TU,befae3aabed88cf3433600417493e3be8952e97c932327e57d5136dd329e68d0,parada_nula
TU,6ed04d34f9bce0b585617cbc45f6869932b8c62ac8f07cd2266bc3f4bd3229e6,parada_nula
TU,414f0fa76bffc9325a02750cda4c09179f97ab230dfb332c540c51c05ce300ae,fecha_futura
TU,75b2928ba09e7c979c4d5a8d7871c86374d0c8aa0d9540f1bf2ea1d4318793db,parada_nula
TU,8184d13d86a3bd9ca9be4eabf5a4e0af6c5ddb1e78c37c3316beb67ee2ff27e6,parada_nula
TU,6db8f721c3e0d519d52f9a794650da9a08b8c60829d154eadc34b71c86f188c7,parada_nula
TU,189a2150fc7df4551dc8d925aa520af383701bf74e3cc6831028ac54d0eec713,parada_nula
TU,eb98b964688ece78fe4f06e49723ae41cdf44a02bcb3f762388e20f58abf42b0,parada_nula
TU,e764a1ac828dc1391143c3a75c74e0d74d122083accc9c1e15c6e6b5725b38fe,parada_nula
TU,faac9dc9ce80186651b1ff26823e7ea149399a3b213188e099908f014b126984,parada_nula
TU,ec25daad8e028024d63cf5d4040132a4001d8b129c8b342e62d941a0c078316f,parada_nula
TU,a0b480fd7688b7e3ed6dcf9534edd3f43ad397c2c681c03ce3167251914790fb,parada_nula
TU,9775926499523e89366a5253edb857a0172c1e2599fad80c97c5ee2537302757,parada_nula
TU,b7c589cde5d18f393b2ff51799a56dcebb0548774a619c9b49f0245db7f4052f,parada_nula
TU,9952f1bd8b17c59241e6cf4101adf29f3b02478163acdfa60bfea3bf06b262c9,parada_nula
TU,c2e727d732d224d9bbdb5ce6224d35493d3c77e3b1e35251c7cdb9329273c055,parada_nula
TU,18ec739aba4d836a415fc1c7809c1d08b194d562a52739202135db9cd8361ae8,parada_nula
TU,833df5327da0a686fd9eda0eea603a58dab09e70397ecc614a8a528ca6c7bc50,parada_nula
TU,248f8e313b0a082484d8d581df6a177db8f8000af26155a7b929bf34891ea9aa,parada_nula
TU,848c371b3b9f024896e20237c743a25e3b01a3d4069118465958a2f619b5de63,parada_nula
TU,402d8b878f1804cebe7a751107fe52116d429a2e23047e6f89ab5c435bbc4ef8,parada_nula
TU,54a9a2790b89e861e49c61803678eacad9b8847812a3f8d57ea8c725409d2c62,parada_nula
TU,329d00486b68f157d0bb7ab5f14c335040b4ba38f8838632cf64f54118f620a7,fecha_futura
TU,8b9be58302006c2197f9b1ec586fd08ed8fa9a7250b00288289101cdf1ce30e3,parada_nula
TU,7deed2591d1e5fa58a9afabcfaec25f5871c39d745f6db9f218f74f16ab51d7c,parada_nula
TU,6ca7950ad0b8fe1e05c4fd9f68182f050cff475d4a330acdc73b269e6e64e89b,parada_nula
TU,e130d94927864a7d91dc4ad39059d78fd4b06c2a6010d82993a1f72a9274ca44,parada_nula
TU,616a1a4126d6d239cc1447c1b8e5d520cc9b6e4a43a6e997115b447d66e6d428,parada_nula
TU,2c17a7f18b9487d9790b3d470b793518f118c2c4319b0f8ca97397f1843e7fb3,parada_nula
TU,40887551ac11eff1024328cc741052ced502700f4409ed59832cf7ece35ea16f,parada_nula
TU,02257898148979ba588bba32a7979a3f9de68c00061a0ccfd7f8981fb0f427f6,parada_nula
TU,9cfd24252556bb420faf3253705afcc67048f900a2d762c1dc0b3898865c7fc0,parada_nula
TU,bffff9612554ec04e6f1094002a5b0ff5056b71942d4e08de44fb2cf9ef88cf5,parada_nula
TU,5dfb4b3a86e147c28b329d04621fca69024f76dcb82874bdc31c62a00b2a2d9a,parada_nula
TU,678bb5cd9eb52f683107560d04bb35b3d3594ba9193fbb65f7544e90f8ba585e,parada_nula
TU,c744e77e4cb451f29f44bbcb7082748a315baab86c67a1c77e084c863085cc17,fecha_futura
TU,a5a1a20b4f83060340ac6a3bc472215a4732b91321e92b475cac8607d74c1d70,parada_nula
TU,1ab08ceb080d162df2a3dc5eb81d5f39b487e74b061a468738a792332a2ead3d,parada_nula
TU,123f81549d34610031ec9af6904a18e77db647e51d814431c5f2548d7bd40e30,parada_nula
TU,38b5f61d5c54d1c96d3360f99b5ec4ed6a5e02d9f20d639d005757e4d3b9cedb,parada_nula
TU,5d3de519fd1ce0725aa14b6bd22a3ad862bca7445d7323c8187a5d9b14f07a30,parada_nula
TU,7bdddef8638a4268fb1d59907246e1aefd8a70ca746bfad81e47c3c9c93ef3b6,parada_nula
TU,62e9fa4a476653cdccc2f4bf5b15e4d94404858ef11339761d837c71b75ccead,parada_nula
TU,0ef61f65a590a311b160a67dd83bee3103987edcfa32bf4f3fc02bd49d8ba746,fecha_futura
TU,97884f8153003efeca975039373f074975347123b552111c7084d2ddb93d6f0f,parada_nula
TU,e3dd35dbb6019ddb1d9a148350718c00a3e59e821c65ebd2e54e74dac5e85091,parada_nula
TU,3b13665ba7937b06d12b86bc08281d66d67300ff2742968820535e75b9018f18,parada_nula
TU,e43e02557c24fb27cd2da5009190b0d94a4bb122a949e270ed75cda4ada32f85,fecha_futura
TU,94208d3137def73b762c4dc6fb6a8115285201e451470cf6f8d1bd724537ab46,parada_nula
TU,686bc6de67ebfa38b935cd2c1f05e47fd0b95d232a851165a4ab1d9cbb32a4ce,parada_nula
TU,8f162b9e4f54e7f3419eac6a4350dcbbe5bdb2f075024cf26e7c690580dfb4bf,parada_nula
TU,b15f3c1a30511f17c3343648c885ae56f11e8429eced62ef2f73f7e105208699,parada_nula
TU,234e5b6b01c3c254c5faf08af31a67acf22b0f48c840c6500501c24eb68415e7,parada_nula
TU,9141853812b42f44af7701d37e1179e9bbb83225e621a4a91b097d683945f28f,parada_nula
TU,53c46dd0d9486d2371dbe83e5d453d0f8658d86882b7c4068e72855163eb189f,parada_nula
TU,4d5e776e399de9c3e9eb41adda86ca6db4653909aa1ec5a9acf03a282dae1e79,parada_nula
TU,e969650a6b5847d828ea71b83ec8891d6c5760d64bb7a4614501feab67b90bdb,parada_nula
TU,5c0d435a72823d341874fda6d1fa5221157ab691b047a9f1cb1d09c8a8af05f5,parada_nula
TU,18d76aab979b0d011e80e2602b5b528b5156078e957103e9fc4fe9cc76428d97,parada_nula
TU,cb1faf2c75a0aed27f7c0c5a9a73032b85b024f91a1990a4cb05301fe3aa84a1,parada_nula
TU,2e5bf87d6afcd6f60a10535e98857f3bf464acc7f427530a4a980412a4da53f1,parada_nula
TU,db50e4a2bd8a91ac263589e5e602d120836ce032f6d7381294f19c63dda10c7a,parada_nula
TU,29aaecef2577b726403c73fee4aafa96413cf1aa0540e1656335c7d0c9c29e99,parada_nula
TU,ddada97c4cebe9e3e85632569c863412e038e0ab78d82719ac533b489a1d3469,parada_nula
TU,d08b5d2747a2bfc74035f534e9e48b79a7a247e5fb33915f85a1cd9f33d2fb14,parada_nula
TU,8600d5041b1484040031b2acf1eaf8aef41a8d53e0bfb7f3bb9d9fb436ac5bed,parada_nula
TU,bbaac3968b06a5f1dc7f3d5d51bb42c05999e203a9a488362b1d0f77d2a5dec2,parada_nula
TU,f58bca9e58cd96ce5e467a1e07673fb48a73f0e9adc321be03174ec80f8b66cd,fecha_futura
TU,e331b25d7d63e9bff587168ca25d83b1fea95565f365659a98ac2723c72bb030,fecha_futura
TU,695cd49e2a27e3676c47a19142d1eb0b809bac448c19ea95c185c756b95303da,fecha_futura
TU,4207ffacd7707bfce61fe8bdfeb9149b7b7dc9820c22dcc9da447bd508e09e82,parada_nula
TU,5465dd584830de9fa507d48186a61d7c788f5133195db8a57394c2f812ecd4c3,parada_nula
TU,a6b929a3c39f9a7c4cb700039c37617ddce6605549a1bc7b89174e40d087ab32,fecha_futura
TU,c510a9f2183b7f7f5a9dbf207ae11f1ae880b153c9afc54704c90d0a57f7d153,parada_nula
TU,bbf65c22ffa5d6f1c37e0c9b7e4aaf8236ca7252637d31dbd092b8751cd43d9d,parada_nula
TU,32577e8472ac86738f0bc25336baa81bb010f9c429eb7e4180d74c168327cb8a,parada_nula
TU,db61b8cfa20c8203872fb797a2c237ee5b3c842873fbc2792e53baed1879ddbd,parada_nula
TU,de94c70b2e896fe9c91db309cd3abb96672b19037e922f5fc8382a8afa24eea0,parada_nula
TU,c499754d59abd04360bd5f2d485b5198ea765837b0f957c2c1f89392f76a4f0b,parada_nula
TU,28f0b7bd899ebbd3435b1f007eff70073ecdfd4755bf2f4c601faddd62f23ad3,parada_nula
TU,f51d1ca0ada82b9502cef2a5918cc9c5f90ed79472823f9e4d6d315116f1a9cc,fecha_futura
TU,ac0e82a25788b0deb56281f010264d589ce2ab0b9e149dc52f539a3ef663e611,parada_nula
TU,dd32a6919c3820d352bc75125fe1bf1537e45fb38b408b9aabfc30496ec77625,parada_nula
TU,e06faf33cc68169b08d4c5cc698fb001f06cacf7e73e848714e49df73dd856f7,parada_nula
TU,f34767ba67057b7124fd0896c41c9b6a95f7b2de6eae71253de32ad1a6506692,parada_nula
TU,700138ebe003f944d707cd28d99562d0432b9fe9bb599d2630e94390baeeb25c,parada_nula
TU,e227db39b13801a9d20d75880aa75cb5ecfd65ccf67095d5a2fb3405e1a04868,parada_nula
TU,463ffb2057fcb51f7c3b8e083615ee29209698646f7136ab158472ee9b622d7b,parada_nula
TU,23ceb1f7ddd50917828dd6269de86a519eba232fc5c4ee9e11ddb4353e340b83,parada_nula
TU,bfc8b1770cf632ba2a5c73922d0565b996b6f01f3636d55482d86511a1a5efe6,parada_nula
TU,64a8c7df3d01da9980407061d6df57ff56bf42587d94d47fbffd1077856112eb,parada_nula
TU,b53a900f713f49cffe2f9045ea45bf33534f4f3789b85809b101b6d8d2e634c2,fecha_futura
TU,f3e732ea79537cb7840b6e8eb3de402f0edf55e0e10785be60f824295088ab37,parada_nula
TU,420f12d30c93d93861a7d5649bcdf2ccf4b463409b2da926bb3be2d48cc2968e,parada_nula
TU,a4f37ab693b94ecbe23373c0da66505a341d30a38e6e577384c159b85306e5d3,parada_nula
TU,26fe8d20eb8efba58cebc98de06bef54f5d474f039add7bbd163e0a871ad1194,parada_nula
TU,4b9455e28ca96b811578f257ab5c2664d6dc0359823144a1f41e7fe433ad85d5,fecha_futura
TU,3c3ed3727c63125ef7bd43d169a1f953d4946adc3b73191034551863f7066a3d,parada_nula
TU,6f2fa57c7481a72960717122f187abddab8ea83fb2ff99c742e21f80c7630e95,fecha_futura
TU,ea5c48fa2ffb3610c2059655e74ccd3be571b7636fc55b4cfaff0a29ee724f5f,parada_nula
TU,0455c9b8c0e69f99a04104a28599a6ce7856d6b3cee5ebe7730abbec700ba5d1,parada_nula
TU,182e703048749a2a256ce8ffe9aefe509f19f6c346ca48325258f514cdb87d9b,fecha_futura
TU,3941692a0d72c173643ddcf69cb9e29b51b6ec54da6ef6ef037ea82825515dc9,parada_nula
TU,ff18c1852455b6abc2492612a74d06bf0d1a0f7f366dfac2cee632a85d86bea9,parada_nula
TU,b0a301a38ea6eec02262160a9c332c4539cb6d7f3b6fa1d6dca3f3b7ea363b48,parada_nula
TU,e66561c43b8be64741bc7f6f2ed116c2395097244a045cb0fe57958f25dc68ad,parada_nula
TU,f8ae7ca25b932efc741316355dbcda11def5279d8dc65f9654e834c7e600a56b,parada_nula
TU,67b340011388e6498a9e5cb91b2596136cbcc4dfe410012ded2be661fa47530b,parada_nula
TU,1d7c353909db7bb8195dd338bb7e2b36f96812354aeb33a2405436de53b6ad87,parada_nula
TU,070beebf7e2e94d2ac903cb99eeddec14e69644852d2c626dca71e0b7127ca7f,parada_nula
TU,b7eabf97f8ee4831932bdd07812f05c16ea6e96eaa9617ca9b7a7eac10e7757d,parada_nula
TU,1c920d9b99aa4762c798c0b53cc47ba6525c08693fe824efd281d2c4a9854301,parada_nula
TU,cb73807a4ce2f8b1c51c19307f7d92faaa072b310bc00da415176e8cc98a8b37,parada_nula
TU,a2055a6eabf5716b1a82955064d51c54d21d1166ee5f5f2c6cbb26e5a88f6085,parada_nula
TU,f4051f327ad79d13524ecde3e496a20456c7235d26ca729ec9dd9973f545475f,fecha_futura
TU,df7708b17cea5220ca57902d6e6e169dd3e46b2a0edd5fcae1f43f46757734c0,parada_nula
TU,232388c3b2e100879b8017ae18abb27ab758d9e45668ecd59d912d352bb2a912,parada_nula
TU,fb35762f33bcca1d36540cdeac60018b3f8c9d974c3278a2c294ba7d0a56b63f,parada_nula
TU,f22a4b1bdba4ab979318c9ed199eae238896060d1477e214fa1ee0cf35def9e0,parada_nula
TU,c3cba1e8a2c40c7a7e2c9eb1033825f536fb0d8d13b66dd7f4782f8f168844f4,parada_nula
TU,4ddc8d601c3a0ac048992008f94d6f3d3c67d8db20e9dfa7ecd432011674c805,fecha_futura
TU,bea95e32933bdce21a6adf3a26431a91f806fedf73265084f56fd6061c890280,parada_nula
TU,b961748fd3f62e76199e5a7c3e905054db787b5cc15514973ed1a62516146fa7,fecha_futura
TU,a7dee2ee53c26d6029e01aa4961bf106ecf2c22e3f0d4775ffd630f84e1ebfad,parada_nula
TU,452546fa44dff545f62fcddfd2764a28fd206b27d499e5729fb8d9271f10f68b,parada_nula
TU,b854b9d0f52556e69dbf9ad3cfde17d2b7c677307bf1673253dc40a5b73c7ecc,parada_nula
TU,4c00be86b4f7dcbdb6edaf83426fa47164f419f8a3a9bbd239f477a2490b1f3a,parada_nula
TU,4d1dd2b34a5c83139750b01889fc54923c29215ae55074bf0d2d438a4bcc130e,parada_nula
TU,1a901f3f5e325144ff3612accfd7672a913cd4d4ecb8de37edaa1dd1cfe17e90,parada_nula
TU,02fee272c28d3068b33b3403e2b51556a9a25ac1d9c1083c76d3c0d7825d7c08,parada_nula
TU,262236852e6c44d3e14f012d4000ba78be4e4043f87f1d43034f4c564840db4f,parada_nula
TU,ff72b32707691373ab65b055b2f06456e838fca035e033c76a123d1bf2e92806,parada_nula
TU,570c03a0b19f0f275578d56be4c024673a8a9774058fdb85940b592009fca16e,parada_nula
TU,fc598f8833de446814c93e06e940a62a854679795fc60ee8bbad2688995c1c92,parada_nula
TU,26540b081edee75a643b21d9508874d2c52eb0ba76b77a5becb48880bd00716f,parada_nula
TU,6572144b5690d3fd0959877b2a725366c24ef17cac3135d803f69d5b9ae24009,parada_nula
TU,dc36f939800cc93c4dd7d88679f8cc2319f1b09106c84d6e1493e3793c732e5c,parada_nula
TU,23c76fa6e816037f1c66358cfa02dc878876d97f3ce054b738e71a87260a1cbd,fecha_futura
TU,ce387c568f6516b8b0fbbd214c8ba78e3558b74c340a4cb546877ff04881605b,parada_nula
TU,a4a074bb4bc32ad0b95161936898dffcca6c8515557a3c2bb84b492a330eaea6,parada_nula
TU,55fb70549c5ef90f5dd5bd7a384f31096f8809afac62edaa4cc6770f8fdef144,parada_nula
TU,98bcf509eb16bdf1970812575af4cf329887e178d1a96eee12101a6ec42bf999,parada_nula
TU,c5f10322c911b373a0bcdda5bbb30bdbb19d62ddb6e68b6fb80df897ca5362a1,parada_nula
TU,dad141390d8e6cebc5ac5bb8b66fb4342327565bca92c37ce84960f26eabbcb8,parada_nula
TU,a96c668c84ffa43ef29ea2a2be9c70d4c45e303175493dfffc1a0c88c05efe93,parada_nula
TU,3339b3e260797818c49bc8c823a82a43853db496d17a159bb99653f142c6a598,parada_nula
TU,cbd5dd89a23f43935f78a5f87c59a217f3fe535dc74b4a2f4e528fb5fb81caf3,parada_nula
TU,7658faddd6c730b0683791b877ccc0de5c1ef2e66cdee56a57ff6763fe6cc12d,fecha_futura
TU,f3fdcf52d38dc5e3bbe895fa9d01ec28faecfba852e098ee2c4f7f91ab0a83cb,parada_nula
TU,d45bff72efa3815a0b0b76ff7e1bed111a762030cbcfaae94ff8b2412b794c93,parada_nula
TU,9f2026596b766709f35eed6fdfc4f1831870a2ce7b5f622a30ffb70eb38fc942,parada_nula
TU,cacdd856d4588fa15c65dedd4e4c3c1229fae47f3d760782cc618500277c22c8,parada_nula
TU,95166925e5c31ff5c00e939728fda4f83753fa0b3fd8f7cf241cfbc29606b6bc,parada_nula
TU,2da376768c06776990496c526ebc4d25e295bfa36f7fc05ee1c2977c199c49bd,parada_nula
TU,30b623be037d1ea3fb87f7408cc277a927af8f28b9faad1d1e04ca223d0f2b9a,parada_nula
TU,a18e0b372dde92fc6a2022c68f4df7c4d3bd3735f4fcc4454361f66817caef65,parada_nula
TU,2639c1b129141b14e6c855fc96f0864a667009469e2eb0bc5749cb3dcfadf097,parada_nula
TU,4cc53b1db7dcdca8bc4ffb920da4c262d4201a6e8d835f5fb0d020e4259bd8f5,parada_nula
TU,7edfc462f37f37c95849d297956e62c9ec9a0e35f4c3efce2c2a2e61d6039bb5,parada_nula
TU,289b109d646f45f19b77c50e8c98d9d446082d4e2caf3258c11c6a6d9d3e5f28,parada_nula
TU,8b07962cf393a2c82df7d739192cb0cbd9509ade485ba23b0306d68dd9f40cb6,parada_nula
TU,1fb53622c132394cc5e479a84cebd6b2c3d1846c930c89df1f64719a5a70cfba,parada_nula
TU,f4e5a1b95501248e00d0f058a0c372776f3901f43cb36c7532478c2650119530,parada_nula
TU,a68807e420a8adf5d530e301bdad53a4008ab08e2e755fa0ae067716ba88b147,parada_nula
TU,7efefa0f677cf125deaae597914933c353a3395cd3e1ac779e53095dfd73b35e,parada_nula
TU,c2cd33d63a7ea3ed83777e60f490723c68f9ca6d7c81843c6599b5efe79da68d,parada_nula
TU,170fdbf850d3c8a24c34e6ae885a4d0b454a6c3836a6665742ebbd76d529b4f6,parada_nula
TU,9b6356f8c09f680aa74e68ecd7dbcb2ad7f106d1d72a95e1f8bffd5c8e813073,parada_nula
TU,ac37cf15dae0c23577cbf6159e9edbf1bbec4bb820bb32bad2418d9eea49738b,parada_nula
TU,ae7ed0657a1f763ff5407bcdfdcdd1952fabff45097e0a11c8b31d6456b076ca,fecha_futura
TU,45f9d6f4a4296ed277aba6a5ff52c2f13df5d3120717e171c305dce9b534b92c,parada_nula
TU,58a210a952a0b311d201d7c44a2cf69974c81599d2f5a8d576e3fed48e830afc,parada_nula
TU,3e94267dee62ddba6106158054f518aeba16f3905be5f6cef01a956555554ce8,parada_nula
TU,3c3f7419a3653592a1b1ad8549f767704e8896edd98c3489c1e47eec9b0838cb,parada_nula
TU,10ef46f82665360704293b131adf4de2f42e70be94e2f35d90daafd31d24ac3a,parada_nula
TU,4e9d0abd1ffd5cf9ed71dfb404d5eea5c9f307022558fbfd0f89a1226ba99bf1,parada_nula
TU,a0a30008decde913e3691bb84fdc05cbe60be23c4fb3a70821bdf60accfa4894,parada_nula
TU,67ae2e3148a542203889ebddfa767ba03e7e643eaeafc8b9d1acba468dba9c5f,parada_nula
TU,bd7060fff902d18fe7bf326dd0a9423d015ec42caef26642f145ed10595e9f5d,parada_nula
TU,dfcba4e3331c23f083ab819084149de1e6d2f965c6bec80062d7efa5ec6a5ce1,parada_nula
TU,113e062f0fb9e2a13e527ead68f3969a664b5b510a619230aa9d6a71f3daec04,parada_nula
TU,44cbef750ad9b6a182e5abdf82a1162ab5e6da094dcca5b237f349b7ee54ac1c,parada_nula
TU,a6b705fcbd8f283ee5be7a07da8c43148ed376d697d69762c53ab8b9d481533a,parada_nula
TU,b79b2bbfcfae86032627fb15da68a0e3ca06e4eb4c832047363788b9c0625116,fecha_futura
TU,2fb8f3fb4c16e481d52b185b0995db6d0c169029cf31cbc95df1110ce7481951,fecha_futura
TU,5291c91546e853ed548a604998b50259dd487c53a75ad59f87c4bb36bea0bb4a,parada_nula
TU,9afebe5138d2df49f53d6a1897d9c0c9a9f83117fb74f871c48726b2b4315878,parada_nula
TU,12230951ccc7138f3fb41d7062c52cc94fa04430f65d53840c608ef2bfbb20cf,parada_nula
TU,613a91c7d68926a5d23c5142ba838eb12f4c1da1e14c4d698bb4e910fb835b94,parada_nula
TU,46361b00dc68dbd4d4f6bb3165dc078569b0cd426ba7e42a549f23959d4e8ceb,parada_nula
TU,10aeee4a6dff4af99e7b07e27fdf8d24f28f9e2782d930158751f8a5ba6cf155,parada_nula
TU,a33cb9fcf5127f3cc8185a80dfbfd518d3e3b0f14193fa9f9d84412662c24750,parada_nula
TU,c5778dde58a33682190cfc28759b29f586a8298d3f5c9436219be3615a213ec3,parada_nula
TU,c27fae7636f0e0e08cdfeff3291ca08e446535b608be58efef589ce37eb9e6ca,parada_nula
TU,9aa55d5eb70af2c86a3250a4282fd872e74ba3fd055ccab5c17b9467e390eb4c,parada_nula
TU,18483b62fe2f81ea979f7ba8ae7eb127cbe8840c6f60aa68e3c6b2f7990aebf6,fecha_futura
TU,b3d28cd972c11794c29670e7dc205c1b3c15ddc53ada89d9c577c6d7c76b1b18,parada_nula
TU,8cb76fc6bad086d6c061899b72691fd9322050085d56666cf6561754998176b9,parada_nula
TU,442d4abb91032fa5799d945ebc58baa7988fb138547a2dbaf6fa6bcb347c7c92,fecha_futura
TU,074de30b641cf1a8518262b1bed3d0fbc4bbe183bdeabfe7c99f722156a47fee,fecha_futura
TU,88a570ab9d3fb5ad42e9babce7149ecccc70f6d6b9ca26533a8d6c22fdf58805,parada_nula
TU,33d4ec8c8499fb20aa1415f85c32cc373768fdf6d0a3bb9fbb9e8a4286e24569,parada_nula
TU,087155f94c67f437ea444bbfb19a95e7b45d96217141e28aaeb84a763a38388b,parada_nula
TU,8e39faee0797f9aede18b516f689117d518b17ca69c672bf4cf9812200aff811,parada_nula
TU,93b673f8e0f57dec1a6a579ca743c65c52f66eb776b6ef06204b96225000a86f,parada_nula
TU,490cf268d7858b2629621ce4bb4bd031d645fcdc5dd1d256d4d1e16db728babb,fecha_futura
TU,d147c39cfa8b25fe484dc6a4c2bb0fcd1b7b62a0d8185bdef16de9737a4a68ba,parada_nula
TU,06c4a4fbb374998fc1205f3435060cab0323a936f8361a3786fe5efe0fd3a787,parada_nula
TU,debd909a779a3c20a7dda59346b955f72d2351949bb44d5d3ac1548ac5b45c33,parada_nula
TU,0261967915772cd673bdb847b82171cfd75ec2a7aa8f5098fcd80275e2755ff4,parada_nula
TU,e9ff99a94f3b9388e1e068726120f32f687c5c2d3fe73afdb5a0a4805fe906f1,fecha_futura
TU,26420f49b05ea933f531cc501efa52b53c92e28d5f5e3af3030c3cd4d8ec208f,fecha_futura
TU,d9bccb407b2933db0be109858a86afa1a45e297a4fd75b4e590cb54c8dbbda60,parada_nula
TU,758c40b3830b92c82f5cdfed1870709a98118f8f9389d07684b8dd04c7db4179,fecha_futura
TU,ff2cfe2486d64af57ddce5cf6638d24d0d57e05d92dcb7b24b02d1e4d66630b6,parada_nula
TU,55ee9a777089dd7d22d3831bfa3a6fc4cab7ae55c194f8845feafe2bbc3f11d8,parada_nula
TU,6685e1d518f4dc3753baa4bf715f921de7621842f3327b75345ecca310590a62,parada_nula
TU,9266429b2f77ffbf756d490934665ce88c603aa977552c2e9cb6a6613f389371,fecha_futura
TU,e0dd60f29c626e0466c7e85a42da15a265dfe164e4fa08695afbee1f700bbea8,parada_nula
TU,59384cf6e28f879fe3064a7bdb91e1f808bc0586236e49881ca34e6c678c1ee9,parada_nula
TU,5a25496618e81638d14288292bbbd5f394061e9b68f3ce71269c28360241f059,parada_nula
TU,791588bdd4c724c9b0aa0d2592673529447ad6d4c1f676748e4f77217acd458c,parada_nula
TU,ccc494dd3f6e11ec7cadcb5f47eed961d8e9c99ccad205ac4a29794bf9c28247,parada_nula
TU,1e234fc78d86c7057dfa29f61f2fc38b447c6652d4c5479ebc697be1e7b8b0b6,parada_nula
TU,46b327ca6223c4f43a3598e264b03827eb6eb6432fcbdb15cfda8c994454c9e7,parada_nula
TU,83b89107d2f6de20f2c784ba5d637921b6b449faaa3a035d219f314b20954220,parada_nula
TU,a6858adc07f1ff40e550e8b11120fced9b359dca534872765ec44720f33f9e84,parada_nula
TU,47a69fd64f709ea327b7562239c70bcac3817e8b2455934dc5682a546cc6343a,fecha_futura
TU,a1af15ebd9c4766f1072988e341d66b4e9c3b4566b7fd1951676223d1c39de6c,parada_nula
TU,9b8060f6d24eaa3772ecdba6f78732b1bfb5ca08064585858be266ff294fc40c,fecha_futura
TU,d83bdc78df4fc7fcd9e0b6e4d7270b662516dbaa37020633db523e07a5f21ec0,parada_nula
TU,3429ae762eed45d3e969dc99a526f8192f37cc72d2cd60183416681d94f859fa,parada_nula
TU,7bea64d142765280790eeb58bd905a7b5f69d3460279371a024cd49fc7f43a6f,parada_nula
TU,b13f999de204d00d849e47ce09e6b328083eeef1588ed8d7342397a86e609d5a,parada_nula
TU,97a0e5d5963759eac7177ae22af52e94c92da87bc67e71d5b1b5806f3cd43a6e,parada_nula
TU,a1cb539da8d1c8d17230593d52eea9eed0b44469f0793683b5a5d77c42401936,parada_nula
TU,64a542912f3ca94c9dcd9c2b44cdf4d1115ec62060c243474aa9cf75111e7a26,parada_nula
TU,2e460d60ed3aa001cdad5d493017c477888e24e70125b8cc546fd4f105994061,fecha_futura
TU,5c9f562d794bd2216217e88a763e355b6e64536656ca97d1bed58fe7ce43ed87,parada_nula
TU,5eb879fe532a05fccf477c173acb51d0fad440a0a89d43ed85c212215bd03867,parada_nula
TU,873029e0187a3ae090a84ea9599d6fce4f90b80f40a432fd3db9456bf523f010,parada_nula
TU,f192275b2d729dd292226f9c1c5807696b3b0b6ed8da1e340551c46fba99af5b,fecha_futura
TU,8fd34b7fe8a8d4ef4a4aa95029cd2716b0d150ad82558bc218a8dc1d937a3444,parada_nula
TU,f2afcd63b36f6df264029119500e217787eb56609ae21b7b333201c88666b617,parada_nula
TU,f2d5a97073335ef271de0842c338ea75c10ed8cfdda1af5a486e2a98540c6803,parada_nula
TU,627bf5a7aa01be83db92bca5328f09448a9a6983858d2822981bfeddeaab0744,parada_nula
TU,31a222c0c37b45e3698cb9a34cbc8a44c7e04a76858f58cc33b09914dded0332,parada_nula
TU,0684f3056f672fc788a97a5aa43505eb397546e9c32b132873d748c6e3c8ec22,parada_nula
TU,c647a5d0692a328b2673e15effbebecdad869c72bea24f7d4c31dd906c949266,parada_nula
TU,5400905f736f1f654888d5d282b2e28737f6dfaffe33eb8127dc165c79c13ab4,fecha_futura
TU,0071625b5576547f6e508b010c4bfcc7eb9d0c0c6d2fcd8003d7a6432c185d8b,parada_nula
TU,631c1789ad3e9fcf38b1e90de559b3d9b9914a0b5cf4bb1e5b2b6bc1113b4d13,parada_nula
TU,1c90818aa6965254d5c3438d91ec897b3d3e72c0fa2583667fe8330adc1fe693,parada_nula
TU,b8416ee7a8e4b36a9d3d02816cfd1bb829c2ea313257c9cbaaffb54a0feefc0c,parada_nula
TU,8ca45b00681c5dd70073cb8b6e4b8d8459eb87068db54fa6c905027dc88822ab,parada_nula
TU,96651ff271ebefecd6e68d5631cd611929caa42736e2417ab0aa5470a6e2ccfb,parada_nula
TU,1a3e23ea821ad14efdd410c3802161e28423038e28b0f23c0b30bb208f9e48dc,parada_nula
TU,d8e11545037f7551607e67b99f402c449c2c06e352f78419ffddca31f373d367,parada_nula
TU,da6af63c55c921ce55f0a052a868fd1d1c724bb974ffd40b4628b3e2a2a0ec57,parada_nula
TU,37ce5a8fa3e988e4a102d0215c6d152b9e31b1fbecb10d31e924239c49ebb073,parada_nula
TU,1e1842935023201b85a6389b81c21d421bf048494be20a46f858440cbd8964ee,parada_nula
TU,aadc81400fd777559d729a67739234b7cfc6b65b1e6c2c98000171879727df3c,parada_nula
TU,a1815415ed98f5a9331782d79c360877766cf7c7fe63116b5c6bdf39ff8003fc,parada_nula
TU,6ff3e09eaed2a8dab156fb138f511de93f33778ae3875b2e267f7a71b3a05078,parada_nula
TU,3896dfe587038f068b42732668052c0d6b338bd95302f7425de4e862a2695d4a,parada_nula
TU,29d11838179535ff95b4362cb1a0f3b32f17154270f44f96e5cee96691dcd66d,fecha_futura
TU,4e93e6bf81c4d9c47bc3dd3d38d2acaade0922a228226f9bec07f40f8babe4aa,fecha_futura
TU,1653f4a1d76b99c823b9d486df93037cdfc614131038b350b46f81cd0e5674ef,fecha_futura
TU,172e5954a7d23154643e61a20e2dec67fa8c4c239007d6b1dead355f7d884d14,parada_nula
TU,b07170ffa8a9544eb2024c334064e14acdf3b9e248578670ebbdeb2f332752d6,parada_nula
TU,ffcd1289334ba2840961c45788b42e7f83dd0e27e1d7d8624ea089a84294bc3f,fecha_futura
TU,c853998e0c2b66f4a21d312980aac19808f83eb5282d021f90e313e8d0bf8173,parada_nula
TU,f9c2d80fce2abfc0b241cf8329fe775c8d2570baa79f220e275df9845e6ea0ae,parada_nula
TU,cecd87e3cf283a065578a08629399984bcac521379a6ece8152031289392e952,parada_nula
TU,aa0e90781119c6a09c8b76da38b62b196c77acaf4821a2815ca286219fc6bdac,parada_nula
TU,472627f8eafd17277ba8ddb2687f6c6bdc598340aa26de791526353a127287f9,parada_nula
TU,4fd2f6d72867f9a6f19f32e973f6097cc42bea349f830a866a29e750f4ea4617,parada_nula
TU,1d66fab513734a3c53aa7239480ea0e2ffca60114d528cfa3d9e6cf461995544,parada_nula
TU,c6dde868b87a161101ffa331efe1ca91eeee5836f78ad57794ddc43fe8ea4ee8,parada_nula
TU,cb0210e75ffddf2cff083897eb09d16fba52ff2bdd5911f0b9af39bee96a9c62,parada_nula
TU,ffcb3f75ccdfd20185e04a7025459d4a5e421c7d2f97c751c329dbadc34ca998,parada_nula
TU,2720ec793042c55a1b7f86d300862af81c9bd8776167ee95edb4f5685b468e13,parada_nula
TU,a0d06e02e172de2ab98a88f74345fd8fb06a5edd9dcd98cc3d826bad55edafaa,parada_nula
TU,3730a14a38d9408cf146f2f6d4c1bb9a4886d48bb956250a6bf3b402fe8df10e,parada_nula
TU,0a5f0f35deb26529128175ed5018837d7c1f0684af98edd3cfe42068dcb60e97,parada_nula
TU,e737b3a8180610db3951de10f14d53ef6f93897f0271cc2bf294dd37c6878b76,fecha_futura
TU,898d1b5ff3ffad34076b7af496d0a6a8709d0268e82a430b51fd69330999aef5,parada_nula
TU,3764823369d4ac911800d3bb0973f9b5b52343899f6627c97a221b259c05dd9d,fecha_futura
TU,22dd50f6eb05aa2554277a8beb5b7c6871afa1aa8729b2cb92ae757e26c8eb9b,parada_nula
TU,d741ec357bcb9c146f70a2179417f047794218b29b14b7cce320427a3a36f3b9,parada_nula
TU,f7ed3831a7a0b2c3a494ff2cfecfef7ba7df106e7e2b056dcece2dc83a3a8315,parada_nula
TU,35be69be85f1dbc38c23c9f455f3d0ef1b65dc7546ad6f8bf04bb726927f8de6,parada_nula
TU,5ffb713a7888e3f3012eaaa85580559e6bcca194895aa67a0b0f68adb6285c12,parada_nula
TU,bcb9fc542715a69b9d0ba945a936baf6bbfd2fdcecd286381e6e2dee3cecce0e,fecha_futura
TU,da1099df948b4dcef0be6654d10ce8ecce3d4d27324863799ac0905226685695,parada_nula
TU,dbf4c9b5779b55aafb265128401935612b5da2705d6763fb76dcb67a68dfe7ff,parada_nula
TU,587223aedee23b68204862154a1f4f14d600eadd0cd2a9a675329d1f80617490,parada_nula
TU,10bac09b4cce6a6d6835441b061411246fdf03b9d1e6b0d54dc4b007d7b05195,parada_nula
TU,ca8c06de527d5b57e85f59bbfde2a43cfa59ee9bc7d053475b425a25dcb7c1fb,parada_nula
TU,2abe0fc5cb23f745435e751e147d07c00772bc3da69a98ab1cd6d41ba94ae246,parada_nula
TU,77ad6ea4795ec71e039a36c63bf6a437a8154df1749d2d3dc75e34dd28dfae70,parada_nula
TU,750b88c2996271a5a9eff61dc531185a1529e971a8de5bcde84fb445b708dfad,fecha_futura
TU,162ed79777b4949bdecb8dd88f9197b02d79790581cfc34421101a92a6d1d8f2,parada_nula
TU,d49a05276d5442b0222ba9e2fdc8758bfa619b97888529591d73db57cd756823,parada_nula
TU,caf20e808cbce94cc90a82ed984a885975160f682c2bf6b0d0e08ed5173a499f,parada_nula
TU,9c5aeadce2fb893a151f1b7009ef360882eba4c7505119b6369ca59eb1e9c225,parada_nula
TU,5f5c800d43a44828ee7a874d604470526ea53118fe64e70013823835bc948aed,parada_nula
TU,d5b7df6ec3942a9158d7cc5460c65d5d4739ef90ba2295732df5ce9e38dac5e0,parada_nula
TU,0620fc67bb4eef92bdb6735f84c8b53b4493c17b4763fd5035e53705ad7984a2,fecha_futura
TU,00c884a1604c10e58806cee4322dae748d35a842a0cb5c6dc6af5dffca8053f6,parada_nula
TU,761deb8a36b78467b6a6a16852a0a05b830b81d3b898ff11cbcc7b847fddbbcd,parada_nula
TU,9cd38f6ae34d14ea30b5842d3c5512042fe4502602e304a15c3ba31e7691bb1e,parada_nula
TU,968105db0f2f219c336b3d78705bf9011f3dabf903158a1cc49ba958539bf639,parada_nula
TU,e340c632945423ada07724b5359c6a5cc709ec894fff3a8f44f0baa4faf329e9,parada_nula
TU,b673e62a1ab18b7a7c7f474e08a526ed068eb8ef97f0cb27c22e4e6089dc3995,parada_nula
TU,a4325197c3aa907f7879161e66c8093511c0ffb8b79dc0e044aadce2d02d9b43,parada_nula
TU,ab4b351dbf1f76b02e1ff44de2e90edc7a5dd4996cfe342c22c39bcf4fe23111,parada_nula
TU,3706fb7327d58bf3fd0735d2f187c890429e5a06893214dd4c55d4ba14e0d132,parada_nula
TU,2f5eca1138157d4f770d1937a30301ea28f2ad6105bb5337e9ac0baf000b70eb,parada_nula
TU,d0d995a554c26ea63971a5511aa4b5c1b58cc0ea66ebd18d69bc48f6c180140a,parada_nula
TU,956d8900ddad8f08522273f3c3d4e1baa70689d55027955e4d55b6d21f4b8e6f,parada_nula
TU,7454151ea90ce771aed314afc4694eb35b2bb01a38cf7e17862753a395afd899,parada_nula
TU,d3f716904d9ba559ae9b2cf6b14348901a932bed919eaabd3c9b6185efebe243,parada_nula
TU,7b028208768c358f5d11e655e0e86e64f01c4bc95b045458a0669edaea4d844c,parada_nula
TU,8d5047f783f782671cae25183199319e7afbb8dd66cbd6c663d460df1419f205,parada_nula
TU,f772d5efbf93b88d4810d340eaf185a09c5bc8a6d968c7005c60d3430cf261e8,fecha_futura
TU,42b0dd964abd05fe0262e198ad61d5cd01cf8bb682b1c8a58fe00a9aceba1673,parada_nula
TU,87ee4fb361991cc5738bcb78d38daa28c607abcfd695d68f238dc52c609635a4,parada_nula
TU,10c98b3739d6741a5d1adde4e5392c715bf77ae92c3eaef3ded4fc007ee338cf,parada_nula
TU,574cf724f4df5f749cac849c4a28d0e26a3e16811e029584b901254d0c94233a,parada_nula
TU,ac95a4d0c03e30d257499e83f0e313f1972cb251ff45e6595dd740cf51c8057a,parada_nula
TU,6b594fee2a8194bbcf24dd56f936c98175dd4863eaf3c7268e132498326b3714,parada_nula
TU,dde77fb8e1ed7d484aed784e1627cfde8bfe8418778428c5bd9f30c261488700,parada_nula
TU,0916c32b9f41bfc2845d83213285fe1a467937510fdc5769a2c7ff550dc80f0d,parada_nula
TU,6ffb43372eb39298c1501fb65904bd56e39f2ba199a1ad4d92d58c172662a442,parada_nula
TU,586a4efb804fa3e2a8fcce9ad84c40ddc5068f9e7010a32b80979409e08bab0d,parada_nula
TU,ba2698f21f3fd946c10d992dd99c56a7104357b8ae40620c8e878833ba9d4224,parada_nula
TU,dfb3e8d18ca072157f0f44245ea8a51f65b6279af3bb5963d6e2e1e53d3b5c95,parada_nula
TU,de618ba8a6ef48a0ee99331beccd3995d0d697cdfd867e42de187ec197fce5e2,fecha_futura
TU,97c530c1a0f06f66f2fd5a2991ec5c7675bdb1b512693c916cf87e455eaadb76,fecha_futura
TU,c09042e589b95c2c39082627d41bff435e3568e05d8ac4f8f22275ed51e30774,parada_nula
TU,837d9a2906d78d3ed64ca58d0c868ed71832b18e1137d00c1d6d64232a2254ef,parada_nula
TU,024456b24d79026211b75b16dd07ee2f536e315ecd26c147f0e5c4f71e7b1087,parada_nula
TU,88e5aa2ee61289573f522436270739a4dc47cf6b6d0de02e80b022a2731e18bc,fecha_futura
TU,7ce0ff17652b7594178ef5b4e0f052ce0b0ab3fd668fa9bff8866c0fd3bca118,parada_nula
TU,d3ba552ff95748386dc1f86b274e783179cdc60f8dd5b60640e991394f36a7dd,parada_nula
TU,af4ed6e22f341e3247831f89cc7549f7fa41738b70987ec70e7d20726052860f,parada_nula
TU,fe646ca359c9140b529b56c086d65d9b743ac617e88f2afeb8efb7dc7a3c4f63,parada_nula
TU,82a9288603e533f29e2befe906dc1d3e8e95c4482e9fb93c530271cff2e77eae,parada_nula
TU,ce00ed8ae1cf1e92cd5c7f5e8f68b56d7e9f9b0bf3fc547fac7721a7378cdc88,parada_nula
TU,f16256d47f40e0da410370027097155cd020504fa72347f61a496249b93361f0,parada_nula
TU,8daf82a19ac09ef2c77ab3e390b23e33baa24f7668e6446316db47b057264814,fecha_futura
TU,775f24c60e64715742bef25d9f709e736f74b7a46ca15434ba2dadc148c4fa99,parada_nula
TU,520eb407937faa845857a8dd9de776231abd5fb874e7b6683743aff8be9b8ae8,parada_nula
TU,85a26886b8573e90ed83aa4349f4255c8a82f4d83cc0a446162fe0e247bbf927,parada_nula
TU,2cb9b6d030a8b64eb8731b357694e389d3aef5b3580799fc063652676770bca9,parada_nula
TU,e33342b59e15b3182091dadf9581fbc92a98da411620de9d10b348d0331b5943,fecha_futura
TU,bbe36673eed849915fa611609813d83792dc2bd2ff7384f48fb990bd82ac0143,parada_nula
TU,a43084a2f5e1b0f2a7c616216f4876eec51d4af4fef3a93bd9d9680a8c1bb5b9,parada_nula
TU,6639a46e2557c0cffb2ad1decd86bb90db6721883b77f71b46b0e2918f9ef2fa,fecha_futura
TU,f3985899fe98b88ee1ff650e609fd5d816948973e471a6f99a51b22fd973a985,fecha_futura
TU,cebe5280764a32f6c069b73a5b02e9328c986c357798703a0a4f6ec14fe86323,fecha_futura
TU,385e9f84965fc8b17abf487000ebe0b061c21a0ebb4226b0b0ff84e8a591082e,fecha_futura
TU,01da47fd7deabc6c3da9a1d3a38dc6572c8b85c740222310f4e70aab518c1eb7,parada_nula
TU,93d29f9b5831a0e643633767dc95893af57c163ed897fb59f7cee81926251b56,parada_nula
TU,3f4e46a7ae44daf485f2ca4dd7188496e066494c28c0ac4c8f6bff652a6832f7,parada_nula
TU,c0f014b4e6134ee95a5cef6bfef368f73dd22819088feff4ca9191a0dce6c1c0,parada_nula
TU,d34ccfc3d00eedeaebe844cdb8a3dccd3623b216ee58fa84078d52afd4694dfc,parada_nula
TU,2351634164ddbd06a92db7a5307592977eb37733eb580620da76c32533f4507e,parada_nula
TU,564e4f35e84f5ae8589dc18888f360759f32479e6dd4fc2bf60f879c59ecc3f4,parada_nula
TU,c288346168951e6f403a4b446219cf54d746412959be31be232a922aab948332,parada_nula
TU,efc41b146a8d2c7dc1144fe838c1c463a403b8777b7481dba9b2b57c7f05beff,parada_nula
TU,be033706acec1a240db669667ee42ae216d0997a6a735831aca56666ace99239,parada_nula
TU,2c851faabbeb71c08fd978f228045bf6bac1d7538aceeba5b08c9160905dd3d8,parada_nula
TU,4923f29773c65f9cd4d7bdb6cfb5aa6d33f606e63e48a4627029de96131a70c3,fecha_futura
TU,07049580cd456c3d6c04b417b94a5e96f9fa009fcdede5d1aa3ff0e49f5d6f3d,parada_nula
TU,5228cf0baa406f37cc29596ae13eb79b18c45a93d26ef58ef794461e128f7c4a,parada_nula
TU,126c666b9cef6c2a2e8652f54362cd60be8931233f41641206d0ebc1d4168434,fecha_futura
TU,4e03b62fd2879ffecc14444188c7ef76f22e84732ff2d255521c5cb2c1ae5ac5,parada_nula
TU,ebe5b5a9eef52c6f8b6c81bd9547c7baff9388b1f686b7df8e067cb34f3a5f09,parada_nula
TU,96a0e391bbcb291c2e4e3aab2ed64aa67194a3f7bde872c2fb843279512c8e2f,parada_nula
TU,1d92082b21fbfe5e9eca990d92f2061f86791bf9c07de45f63ed6758ef76bd2f,parada_nula
TU,86c868f8635854a9babd46f1ca083c40e109a189edacf2c789e686d05600187b,parada_nula
TU,1da531d7f20ee7975df3d7bd6c12dd0bbbaa9f529a06aee8382944ad5f2bdb6d,parada_nula
TU,48610ad3a5e7dfb56b44dcf9aab89a41025e1abe8a5b0592f8a1cee47e561cc0,parada_nula
TU,14b107b584df0165aa8cb1e6ae5340b80dfe9c0cb4ffe0a876690bf894d23401,parada_nula
TU,9da9fafb0d8c9a9256a0dcfa86045471729343db53dd3edcb03ef5c89e4d5e31,parada_nula
TU,a36eef0d431a6ab3683ea3d8d05350372698b88de0114b0ed37f7db49321af1c,parada_nula
TU,f626a787b2de0f1e549e16623630b0323d3f25d38a8accd6413400267d0d8cd8,parada_nula
TU,d83ad70820f5b6763c0e7e1fabfcbf0daae063fb1429b41ae847769bb68811b9,parada_nula
TU,799e690ea4f861c6f7ef88bc9d4984d1974d44b6bcedc859dad8543c5f51b193,parada_nula
TU,083a744b6c7b7197eb433767432467bd126221be4562359948962309c11f6829,parada_nula
TU,01c580118dbc5049d65df11160723ac97513d7d837e1b946a1c11c27fc58bc4e,parada_nula
TU,e21a0479725e3e1fd600a277fd94b28f6650fb318f0ea14103d45504babb376c,parada_nula
TU,71942337fd59d47d65f73e20cca305519c3fac202637da63c36222d162ea3389,fecha_futura
TU,4e0fdc7582b9af27a9decdb46cfd6f26505e2f31fdbfe502bfa4d078b20c1652,parada_nula
TU,380f7af511d4bf4004efe23008f30d6bb48d78a63d26b945ef43d3b01fa69032,parada_nula
TU,a625e82a8c870bcaeed3ef1009c2d488bb908cc6e825266b975dc3ffc9eb3e5b,fecha_futura
TU,974564300249f0cdcc27e00444f93d552ac8b9ace057d43fe4e87daa3c0d580c,fecha_futura
TU,7cb9794446db8b2bef56f26152ce49536310ca2e318bf7e27110a7bb358b126f,parada_nula
TU,cd2e43c63af18eee47e5c7e4a295f7f42a06fe8bfb91bc3447508f6b943ab050,parada_nula
TU,b16e1e73c02bf9e2371bf98eacbe7ca07290f9a4b25b4faa55cfdebb382c2878,parada_nula
TU,1019b1a520c1503244630436a870c8c7eeb2b765a48de7e3420d839e49d1bd64,parada_nula
TU,1c1f98e82e22dd0f3c0e2f4f648935bc9848a48c4072d7cbb436b6169ffb1356,parada_nula
TU,4f9ff4c1f81cb4b994cc2808deb7323909ecf7e402479536a23467f0292ec050,fecha_futura
TU,d8b3d507e35cb5ebc71d0844d1c073bb9686676d200259c126cb690888a0bcc0,fecha_futura
TU,214eaddc9bb78a35d1dfd95aa57c4e8da2be64a4ef911d357830a0a40a8154cb,parada_nula
TU,c8230aa2e4c2e01f42d4f5f6fa2e5e43c299427b67fb0a306e24186c084edd5f,parada_nula
TU,3d934bd4bf764aa9117f859db4441f90200ce46eed45c3b5b0f54e7d9a55c559,parada_nula
TU,161d248852c67544ff03f9cc354b13868777324d46e50496e2ad1ae44f1aa7eb,parada_nula
TU,46913f4f74043d350972982682f36f163da448fbfb03a27beb1c2ad1b4345569,parada_nula
TU,4448cce44548c579f1327b2b50579273fb18b9cda0504b3bcfbb4b64bdcbbd8a,parada_nula
TU,b029858ceeb1ef83c02eb87a7d01cadcbe9558e984adb4853213e86e56e345d6,parada_nula
TU,9fa588483d2a3c47b6a749165bc7d7dec6eee595bb3f596c96c0a62df5874914,parada_nula
TU,d574431d2593ed61f5424227148841a1b73cd771dcb5216760cb3aec35f6c995,parada_nula
TU,34773268439bab4f33473959b2a802941992972894a07227200b695587781ada,parada_nula
TU,f8f6b0743b7f631f4f144f7629505fef15037f2fed351ab28ec43b9af319d849,parada_nula
TU,b4aa2282ce6a4428213d111a28d45eced63096f7c5bda9a3ff4adf0897822592,parada_nula
TU,0e6d46033096a08e37229d2f34959b79356fb7ca2580ac92b4106eccfeb70e0d,fecha_futura
TU,77573ec70f17e9c9e6b6c56624cddaee42980489466ccccb9caeca0e1b90fc6f,parada_nula
TU,c7d0bef38799e437b8f9a3726ba38fc6ae7404db712adfd4a4a90707d3d6eb81,parada_nula
TU,8e27c70bdd59d94dbb9d488962df9c6ae2677258719d895e148ca93ff03d1db9,parada_nula
TU,e253e7fcf3bc08b5e9a1c70ca4c784864db1966204f6b7e7396c6482fad1743a,parada_nula
TU,d0919d7d203032905ec50c97dd8aa01c9feb2416e4efb16f2c19ed17393b4ea4,parada_nula
TU,5bbc50ffb7bccbb7e9d1700a42688369280368c931df0b522786894f941ba632,parada_nula
TU,3649b1c38b4423d9ef65c716b81fb1054d6d881076bd3f8514fc0a433a48b8b8,parada_nula
TU,b13aede72e031dacbef182ee3d2a51d228b5661b828051f7cc4c3a3d95d81f59,parada_nula
TU,ff843f41cc6e4efbeabd408f75d9ffdb8412003977d0c55b4ca4b33776dda54d,parada_nula
TU,47a773d602b9fd2b8586228ac61e4ce8f7084b7d8225d46abc1a7af04716ca70,fecha_futura
TU,9aa332833d4b0aae8f1468f0eeb3a9d3b0899987e6f476eaf335bbc486313f5b,fecha_futura
TU,5f0120baf569100eab1be9f5fc36873e4acc419daf8ff38581a72c86955b8b33,parada_nula
TU,f6105e0fbb55da8e03a0cacf7c08919e0c8d5217ee9111ae47aee622d6dfb7e3,fecha_futura
TU,bb62f3186895962fa3e7c070cda83235ff4f005fcc82b8232c2c98f015bf1d09,parada_nula
TU,f628ded703d4592310a193ec0c30a34791316593c1f13a4d3e88d3326a6921f9,parada_nula
TU,a3b04f6038c5b67d89304407c6d233d384ac4af7dc4ccfe0c7d5016504683765,parada_nula
TU,3a09a37397cf3db5f54d7bfe073267f611a95d1c4798a1382a9493f1216d90e0,parada_nula
TU,b0b9aee1bb420024fd659fdc8f986f2aa5d345627d6dedee4cf39096de259785,parada_nula
TU,4a37c42584df754d1d1408199c4920c85ca35deaf82480a3d5ab9c2659cf6d68,parada_nula
TU,1a040ff2c3c2c9f79478703690e7710e626a6ad7b5e49459c261a9ac5e1c39e2,parada_nula
TU,55c0de4f0526fc9d899a0a9720e53da47df53c3a7c8059d157d2a6ec1cc36249,parada_nula
TU,ab0a5ecb20646c88dad99aa960fae7bc1f0e44746e24f045d46095b88aceac28,parada_nula
TU,ac60fd05e121bac9bcab8597083a1d628e277b98356c17b8fef48dea94291f74,parada_nula
TU,6ea053bac8f290822724c7fdb5b09a630d62237b83a882c1765b7a69935a7451,parada_nula
TU,eebb3277bfe3ce47df68be8040449dd2cb677fe48db250a4ed149b2bef9db4fa,parada_nula
TU,77050e57017631e969025abf58086518a5098c5755d07ffbfa5f60a9fea6be59,parada_nula
TU,dd20c40dd55cc51ecd1d9c16b314d83efff1be6558eeac6a8944df36f48533be,parada_nula
TU,1ccf6fbd39cefb07ea31b55b467a859ff5f230c2b1d8564d070572f08f5e28c5,parada_nula
TU,a5252b22131c5c1a7fd97412eb81c97a00bf796deb850af4c9b4edb1ed32e35c,parada_nula
TU,a310aec7e8a0d4d49155fac7df72274752acbf2583260009b26282d77fcaf00f,fecha_futura
TU,c7d6f6b44bf4b19dd8edd9f3448950e7f00c1905125d3738942809a9eb0dd9c4,parada_nula
TU,372931d01a9b8bd0be6c16da45bdd47bf8ca12d1f4bafaea5730b4360e7494db,parada_nula
TU,4939e49cdbfff23c3b279275c035747af6d5b9bdf2583f6ebe4718613abb4e63,fecha_futura
TU,a1301f76539e3b20fdfda4b7353aa1f50269bb4c73924ac6e4fe403507cd95ff,parada_nula
TU,42da673bbf0cd31df9ce0fec34e40bccf6b62b25a165b0808b434c7ace698ebb,parada_nula
TU,ed7c7c0f58aa12382219bd06f70d6e2d20b14b97193f8e004307e725c4159225,fecha_futura
TU,2affa3fa986926514fc45c00380aeedcac3760c51f17bc1fe90c3b27b7b95dbd,parada_nula
TU,83dc16fab498a1bdfb3d04904c6933ef7736cf2dc720271438b8e712c5c8ed63,parada_nula
TU,2097f572b506e38c5d2222845d0385df484b80159ca39522a4c22fd09aca4028,fecha_futura
TU,985ee6ed973fe03f7924306ebe8d74ad5b9aee49396d194a421e3c90dbb513e4,parada_nula
TU,c510b99fc952dc357a2549fef9bc14b46159ecccd9cb955859532ec640f3bff1,parada_nula
TU,0aa61d60807cd27ca9a63f941e466adaa2d1d2cb616d4004fa5b31d6f3f7647b,parada_nula
TU,1038afdbb7ed03fd385050fde636d64763e3e965ca365426b73a4dd23c6bf7f0,parada_nula
TU,1af3f03acff6578377c3091da116defc1103a6e743d4bf0fd968d9671c01b1df,parada_nula
TU,20607759335ddca416edc964fb1df23ab16bbc24f9b1525a6b1c1dfa12b3c8c1,fecha_futura
TU,9f727e30e65b1384463faa5e1c3d774ea0eb80de6257ab01c1e2f7080db788d3,fecha_futura
TU,cb454a73282d587c9f0f79eff37d39c5d35a92d9cd7056ed202dcc9f60cc174b,parada_nula
TU,1457ec3a0a93424a6ea4162141fc10d23e51d335d7dac34004a497d18ba7c661,parada_nula
TU,5fe48d606fd1bc240e4e037fe1430b0c9a6d73e25dadb4cc8ca04744af6adcee,parada_nula
TU,ef80b2cffd3f6d27542dd64cda05549aea97741152ce363e14c111362bcde7b3,fecha_futura
TU,fd1aa8cb2220a194d65211d6621196d1b24b2fc91b0a0b4807901a435fbc1097,parada_nula
TU,4c79bdbbf25dacbb233a5df21385042f8cd02d373af2b76e9c48d62357e32963,parada_nula
TU,76884b5b931953e7cc8dd0807185df2d0fc453c520a2af591d5dbefaa6304066,parada_nula
TU,5537aec8aa24b0bd64529a0c8d47306e21c5f9ac0fd6940f086d420a7160fb57,parada_nula
TU,79e65f8fc847c535f7ca057ee7a73266ae94fb220501d9ead84568381adafee7,parada_nula
TU,742f2e2215f8a55869c850b4b09e3fbc0b1acb4b81daec5fefab06e91577976c,parada_nula
TU,6a970b56dd2395807794a3243754a00592dae1e22bfcfa5861704a8936a4d23d,parada_nula
TU,336e4e4b274de4fa4249953f6f0dcfde2d485dd1c73537a15916f22259cb9a58,fecha_futura
TU,7aec789dcd2fd114ed4962e7f829f818b6766b3048ffb8b9dc797065ee49e3b7,parada_nula
TU,1face5b16803401fc10baedcb7d8a804d7d3e0e88ae394b5d00148ce20c85c09,fecha_futura
TU,36f5c3923222dddab36a820f9ade97ca5575b1ac9553c1556829197db288a090,parada_nula
TU,87068ca4e6e1e50fd1b4bb9524935ac34c73f8f8aa2d6d3f6ab4a6825fd9f2f9,parada_nula
TU,d3a1f4e1564596cbe3dfc5c1dab9d54b664514c054370772f13bff1b89ca650a,fecha_futura
TU,129daf3e66386ad3906ab0b1ccdaf5c9806f17bafa191315a4f1e4930dc904d0,fecha_futura
TU,fc163e2fbf4cd1c3ddd8a1ca2628d3b56241e886959cb0b4693dab6f9ca4f767,parada_nula
TU,8e00e6a7621a0e77961ef8a4e05e055531854d20c702ff2bd2b880d94b4fcf99,parada_nula
TU,d31903ada6bbfb9600c11bdae86a1e3768cea81e2b5932da6517f512d21948df,parada_nula
TU,b3c4fb41655f95df7eef6ebde410ce22adc3369cd7bdea84042f7f63e8890be3,parada_nula
TU,dd28fc8f7e76d09d87d7f40a58cbb6145e041764553b70728b3956226ce4407b,parada_nula
TU,6bcf83191bc391c37223e733d035615dc4d625dcc05eaf47ad5cd9e22c2b3be2,parada_nula
TU,fe3d43983826722996ef1533ee52b4b9fd3622e3be6916234595fda75d0cabc0,parada_nula
TU,6922c1eda31367fe37579ddb902e70497efa4715e568cb65a07788a9f827ff00,parada_nula
TU,a2da987598cb2e456cbf9794eea38a00783c1397d74b85b2222cab6fa2d118fe,parada_nula
TU,b649b24cb1cc96608084070552db0e8be7f8afe3d0abf37341edc3d95458153f,parada_nula
TU,98ee1428194ba9173bf59ca45b8f41eacfe0616e1db3d3b307f0d5d9649ed7cf,parada_nula
TU,4bcca05a08b76ec5c92d6f8a9ce19cfbc30eacfb314ee12ad2d24fd35309a84f,parada_nula
TU,39d10078d8311d8d4273b2835466f37fb76803f0d7ae4b2389ed386bfacb4a73,parada_nula
TU,e662dec62b10a9ae6ec1e7a5a18080871599b7fda90ef8089ca9d4a07f2b4ac5,parada_nula
TU,d5c7800e2aac2caacbc70b75f4f31782f2e3c4cd022a22ac0fecb6361c0afd5e,parada_nula
TU,9b85ad64da481230a1933d52117729e0f8eb9475c8afd66692621e1f1805e130,parada_nula
TU,66511b9ad0eec820cba836df44d1cffb177274dde0d077f41ef1624a2ba5a131,parada_nula
TU,6b757bcf685f89dadcfe1f3474ae30e7743c55aff6393a8e86290cedf1b701bf,fecha_futura
TU,0271677563dbe7180e78526a9ddedb8a1a5f4461f6b5e849b83df72389e60f63,parada_nula
TU,e4db648aa1ffd41d53a84b3cc82cb4eb08233394bc16ef8d65adb3871a28c5bc,parada_nula
TU,245f5b8db04164740d4e71fedcdf9963155002804bcc05739654227629a8ff5d,parada_nula
TU,ec7ef3598119187a87e29361d9299234e5adc78b03c24651e987fd52d0de7431,parada_nula
TU,b6f04d3bb2f74395867e970b823719f7130b672fd9c3a1c91ffd584fece0ec35,parada_nula
TU,a6dcff5be06a5e02cdada812de59b090e7fe3212fdf36f6de9da4b6e1496fee0,parada_nula
TU,b2ddad32665f56d2c8e028b527d942d05e6a3c0d29c866523f67f8701c92173f,parada_nula
TU,53da4db175e8564e03a7349b040dffd1013d60b53399634920eb4cf122314747,fecha_futura
TU,4e5f706f28b287c35ac57584954d8142c633cc87996ee1dce0b46ea27a093f1b,parada_nula
TU,e8f114b58326304043ffdae80eba55efb9179deef424620ca699b86afba3e19e,parada_nula
TU,7d7a4e90fc0d3f3fbdd8069d576f22a7fe9317072ebe363a4d50a27aef6b046b,parada_nula
TU,0065522721c530cd306ff9f96b64596d7a6767c85d1116028a8191f065f7fa64,parada_nula
TU,7ed314ca65a1ffcb58387fbc5c8246aef6fd50b1b527f82478ac58647879fff1,parada_nula
TU,f4bfd9f07a22c429f6e6ce28941b1d29f4e5fda60e37a5935e088ff1f50b4e52,parada_nula
TU,e38e38a2562c7f11092a6bc51d99d0bbcf822179eabc2e84e1d35e5930805595,fecha_futura
TU,5eea7a728840b6d91c5709ff424ae2f229ba0fdecb69bb885cc900a4b9329595,parada_nula
TU,26ae9f9ed1ee171e3e4c7a64a935fc2d5a168ba47edca2423f31cf4e64717735,parada_nula
TU,349ea66cf36759bd4d1526cf63eedd348ad95c467d7a65a69f93c014f6fc395a,parada_nula
TU,d67dc8a26a27186990c609b70953046bdd8c1151c921f8f1672f5fb653dd7611,parada_nula
TU,6dc27ea5d901bc88afa7c0716bc6047ea230ee44d4ea1275456b9a2dcf7ec13d,parada_nula
TU,4954aebfda9b09320eebe39fef8b4e2b465f3a116fcfc1b834689bc6c9f23967,parada_nula
TU,827929156bacb62e74601ceee67931bfe6ae41f1314184e38e4794995e827296,parada_nula
TU,52646eb265cf232e3ad8911aa7b28915f53a9adaf330ce25f14d1973a17eeb06,parada_nula
TU,29d95a23b461a1a83ea2582698f1258b8ab996554a011fdb30573d09ce3476a1,parada_nula
TU,a988239bd277dafb76da9afcea8082fb30da2ab73f77b4d9c90595ac96b9fdf7,parada_nula
TU,12f3c3041d63335c71255996f48002f6468a229670ece9e3f07fdeedf0c56a23,parada_nula
TU,b3b0745b8649524c81f422f7e61f74bc3421019d151389d2910abbc8ae193b9c,parada_nula
TU,ff5ef5f181a80eff698e4ef633f1aac46bf89fe07aa181181753a2a21e274fd8,parada_nula
TU,ac85a14e4f8e2cfdd297b94e616c1cc79f1fe2206e30f7250f04b197b6c11e8f,fecha_futura
TU,4c84268971fa6003f1b089fc39b9ed9aeeaddaf62a1c42d536363ad222c82e0d,fecha_futura
TU,bb65653d331a590a261339bb706b53bfdf9d769a9d7300061c95462e25432a46,parada_nula
TU,8c63639cd23ed47df6c92183b41d6e0ede0a125d7d82d47aa00b6e0229532824,fecha_futura
TU,0498029fc536c07c0b561f5e3b4fdda0008a2ac939e3e97413f799d2e64a8cbf,parada_nula
TU,1b93d8e09e1399d378759aae16ad62310c972616cd3e9923692513d291eb2b3e,parada_nula
TU,4fee93ad972b2ce4f3d297176ebe81dcd80249f46cae483311bf98f4f7827ae5,parada_nula
TU,d8c49384473ea1ef04df8c5c1ff2eef222aa1484bfe8f07921d378f4b9cec9bf,parada_nula
TU,266390ccf8643746d26909b69ba1c6146328e896d793af6c65edffc14c8b14ae,parada_nula
TU,1082d8edda28e3941d57dcacb89cd78d5c95be0f572e335adea956e1d4748819,parada_nula;fecha_futura
TU,60c0ac6642c25682c59e059f8339930f547871acad0cd393378149d6acf676dc,fecha_futura
TU,a36556bc69ceca5ae973064fe0e5c57b7d0f092390b9195757c88d24dbc79c48,parada_nula
TU,61d099d897d3106c92be4f3656bc6e5dd08d7a07f8f59a4cedf06f5e3bb59532,fecha_futura
TU,c26e931b2df06dce84a34ead7cdaa583ad2ede22f2f57774b0f2e4644bed8b15,parada_nula
TU,612d6c95f5556c3a775b9c6df9ea8d4ac967a4d692191b9ef7e848f8d41c5f06,fecha_futura
TU,4ca9a025f119e8309de163f0e809927906bff075531cf38e736598661da827c2,fecha_futura
TU,bb5e4ac2bf2eb25c5b0f1d4beea93742350b659c9a09c8d4e6cefbca75966c59,parada_nula
TU,4791930396531ae7cb0fac5ea101db38a1f0a3fa35bcfece326fbca83c3151e8,parada_nula
TU,6d459f0f05f2e2173326686621ae8993985397be8e7bcaeac63a6f1145e3b6af,parada_nula
TU,3e0ad6a29e21a881a1a4ce81b8c15e00bf14befad8b2d7d4b11fcd324b1af628,fecha_futura
TU,b6ade2b9a3f1a4eec9c27949f1cf568eeb5ad44d8f55d8da350bbc9308829ce9,fecha_futura
TU,568dfa864267b8a6c6c51e5625d58aece24f6c5664c41ab733f5d10cad26d939,parada_nula
TU,d9c982913c94e4d140d8c30c9ebdb96da7e7cc1e46c0d8a131bebac649e92369,parada_nula
TU,b0625dddb87bbb9b6775e05bbd75d6680004c188018059726613cafbcde7321f,parada_nula
TU,df51d07117a810f1905a0868e6dc21f0323baca8a7d658c822b72343590a8e26,parada_nula
TU,87242a0a4ec37c143fb1e88770233e1684e0e555a0d951d205bb252b31b57b6f,parada_nula
TU,a4a5b7a7bb450eb7d429525683ca84d2bad377a87a91238fa62325d5bae966a9,parada_nula
TU,052ff6d9ce643bc6b3b63ab12be69558307ebde8ff73228f7bf74b6ab0b93b24,parada_nula
TU,d1b94afb13b89a2ba19e0f5db7a513d611567939dd4758ba472eb3f270b8a609,parada_nula
TU,61fa7693942f84c6ddad4c6aeac0254c6a2c85700d65562202e0e085bd26672f,parada_nula
TU,d224f148bfcef43cd16b7bed8ccaa37102512820d8c1b69a84227061ff1b5148,parada_nula
TU,12d807e89ef2d92a123e793488e8b9208f5dea23cf956aaaff918deef068ac05,parada_nula
TU,f96913d4e3cb32649f44476ba3cf0497bad2bb46f3d061b4adfa28cec5aa4c34,parada_nula
TU,94a019b1b0b141ce67199c4a3dbaaebec34b242b6c28e72353014721ae9c7b87,parada_nula
TU,fe74266604cbcd2537f8478cb51a5fc22b973eed3556425db1d8fe36ac379d25,parada_nula
TU,bd0e2c2d9e01e78f8fc5f5b07cdf98e5aecfb51c02d9cdc2a194240c22f1089e,parada_nula
TU,6e52c6dcf9012c8dc4a425ed2a151f7a1e599416ade5c43a2875e1307339874a,fecha_futura
TU,f548cc7ae147a63171aedc61d116de99208bd25b2235db503d30b714429af41f,parada_nula
TU,142a52d714e6a35df2884351fd559d0f6bf73dbc5702c58442b67d24d9367ae6,parada_nula
TU,6cc00ad69d015e9f3e318242ba71582d60f983616a1e03f0283804abcc482ae5,parada_nula
TU,c486fb54c78aa60b3879b2c5986041c46e0a09df4b12b8538b1735ca8dd519da,fecha_futura
TU,5aa68f32168fe8cd61ef6762a38f76e6c78d92ea2a1d5e35679e09a96caa57bb,parada_nula
TU,a70cc7b8c0b46419ae1c83827aa590daed5b6c0b0202a2e9fd9d143c1067d100,fecha_futura
TU,4141240881733ffe3a72c272a2382fb08700b92c0503f551460dd1feb17b2106,fecha_futura
TU,92a99787584dbf15a43c27aa4f2a1729f065770eb545d609be735c39a3926844,parada_nula
TU,38d2a7128d8ed36d4c2192a1045a4fb80c7a3b45955768bce0a013af7f624f49,parada_nula
TU,f0f8bc52f36e9bbab19e8a49f2ff2a64bf4df414f4548b9c9a2287e0ab7f14af,parada_nula
TU,d89914d28458d68c0c76b27bf03bcf3e431135f35ea390856ca2be7cf27f4f09,parada_nula
TU,be1c85c5fe9313467eaddd059258ce7a255d50aef9c62a8bef70599a8e87d632,fecha_futura
TU,4573782ca70dec873ed7115be2586e747aba559b189c0b3e84e1acc1c5f5fcc6,parada_nula
TU,acba841c719b6dc55a2e5e3363df056595f52bd0cc8fc454ce0958a2f07cc613,parada_nula
TU,1fa48e808f82892423a8be5d64c8a7a99070895e1ed8642bf156af9452e635dc,parada_nula
TU,f97dcfee45b3c582d7a7d9212e059ac263c1b07bdb0e4725b77dc9b095213ab4,parada_nula
TU,d3ddaa501f2feecd1e134a76255e40731a0f2215b3486f306854fc9cae33b457,parada_nula
TU,01c5bd31a7232d0634d44598c2ee77d4e2a33187cd80463d1619a2d293824839,parada_nula
TU,afb385e82cc4bfe66ecf90dfeca5a9bbeed9a34acf86415409042271bde19b31,parada_nula
TU,972a0703a5a55810b23ef8685b7325d8e1eb1f1cfceb77bff618b43202aa5b52,fecha_futura
TU,377555c685baa3672344ef99d959fe521348cc2273e4623a0b7c78a49dc0220a,fecha_futura
TU,c98259526961a7f1331610fb597dd13b20a7610159898961649671db9c083912,parada_nula
TU,03fad92649a17946ba95815dac18d0ba91e9d200dca7a33eb4d35bc47f980bd0,fecha_futura
TU,e966dd8374a6102423a493e4eecd0da043df202c3c936444f04020ea7639d6b8,parada_nula
TU,619a9f7bffd64364a842dc8c914351dead5bf232884e5d495cea2063b86e090f,parada_nula
TU,b9231ffe7d7d2896fa9004e6ec13b8b21df3d175cc4739f2a6c53755c5fbf4e9,parada_nula
TU,9704509a965a6c443ba71d452d94fd3296d6551311f23becad6f989e93a0968a,fecha_futura
TU,ffcd5b527a806557062a2798fcec1dcb760ad44c996f539175962fa37d92b9de,parada_nula
TU,c042c22febd1975001596158dbcecc9eecde9742af76458c7560cde8a23b2c43,parada_nula
TU,38b58b3895e46be9a6d24ec3bd514aa7e3e3b3b05e2eb237c4ec0537fd9a0b7b,parada_nula
TU,299e4111848dae01cdb440dc2e1b379187f77d39116c06a7f5b32934a3a81601,parada_nula
TU,18fc6a0df3c6da37819801c6af68b017ffa85e32ec48adececfe77b3b0d814e4,fecha_futura
TU,b80665fc67096f01cbf098e35a5effa9c9b310643aaaec0509403e044ded31b6,parada_nula
TU,339c787ffbe5c34a138d80391195ea5d16bf5dd4c86acce229782c8029e86873,parada_nula
TU,b5865d100458dddec1bb0c059c18975962d993795495a4236e801bf345a3ac62,parada_nula
TU,7982cc7c580ff62097013e130781aaf8f8961dbb8869635e1965bec889a01940,parada_nula
TU,55437cf0ea79d2eb534e197020246d5573de0f19fb5bb5b9c4b91e531125236f,parada_nula
TU,85cbc2925d83250fdf3dd2727438195cb7204e8de2f5feff51c60a1c71711ec3,parada_nula
TU,6ac1e71d3fd90cd2002fa030b376edc1c2e48c10e4a1efbbc23c57e339925372,parada_nula
TU,9739259594b25570c86d57389ca70b58537140a1410bfd7844dd3e3098a5a760,fecha_futura
TU,f9c4ae6aafe2c296f70d2c7b5bc93986a5399e532db342998377286ce457ff64,parada_nula
TU,a43e3d9c73c0daf4e4609929f531a0856299fe0499fbf300092d72ff1d2d1a23,parada_nula
TU,6b339d810aa0b5de4a597035d0dc08a73588e9282b082f2136bac45ecb6bd86a,parada_nula
TU,a99f72f6d95e0161f659f21d181e57ef6a4a5816cf92c2278474d37620d15692,parada_nula
TU,7c6f28ae9fe99e54e191c4c56ec7a357c457f5dd063f0b91b0676c1107e9322f,parada_nula
TU,de1bebb4c3d35733302edbe7fc032ec063e069be2248eee7c2f6abaf2a51b481,parada_nula
TU,8c42efadadfb34c796e1054a08568b86a5fd347554474d9eeaad85724fd04513,parada_nula
TU,ee27ced7525b185301050e1c131e9be561544c6704a8012e68bcacb683d51c1a,parada_nula
TU,59ca83fff702874b8646f594a82f6b20fc3e7439cf9015ab487b3026d77bdc81,parada_nula
TU,e4d182fd98d74b9b307eedfca643bdeea7bb221da0f5dc9ccde017f0e1263c11,parada_nula
TU,ea423ec0db83b5944a8021a0934e110fac28f46eec5308f57b6b12da4142b5ae,parada_nula
TU,d2f095b43897932bb189e5d492335542f0045ca120038962a4d959539b620cab,fecha_futura
TU,fea0345f3d488b02556b6f0f2cf710e158cec32e99c859b8af82a7151daeff8f,parada_nula
TU,4eed382bae35ff4b6ba8aec26c9a6edad6df10210a24411990bbc83dfe1cad84,fecha_futura
TU,6c8d8aefcc92c2542abdc3bae1eb9d76d458a11fbba7da2cc17f0c53ca3cee29,parada_nula
TU,6b97eed45d9e0693afe3e1068c157d8d8b2489d9d1a3a15d9f72b97553e48073,parada_nula
TU,2ef354837424c491175f5f4b394c1553c440c281f00e6da79ca8bd4227f6daf9,parada_nula
TU,a3e516467ea35d2c26f25eba9ac05ada0b11a87fc4986d13ac6448cc00a168a6,parada_nula
TU,3107de8168a3899dfec0c151916d6ff58a1676e2d525d1f06c4959b9ef311beb,parada_nula
TU,315f9edf7edb027c6f2a457678bbaad8d70cc2428c243b4ca315e6345f4ded7e,parada_nula
TU,9c3bd3ecfeeb6672ba2301e08e64a4cf36e3bffe9456bbdbc4b6bcb00e937471,parada_nula
TU,08b0800535f7f165945b4bbe1108aab8ae46c8e066519c2006c9e23a70f23aab,parada_nula
TU,253aa9cacf6a69550b8e989114b815b866fda0b13b302e623dbe000a9d85add4,parada_nula
TU,5c77800c8a0233a1ce4a5a471ad640d1aea25fc7d2eb0ac9240b06607a295d73,parada_nula
TU,f17670e3c828c96986e42cd6fcb4ff97000fba41f14ef55fdf06f490c80c72d2,parada_nula
TU,abb212fed14464147a55f58792d34c75748bd4d968793a50dac8c1fd7d22b5e2,parada_nula
TU,4c6892cd1728cff54f53345e86e23eb44fe4c9d783d0147509c660bc68b89db8,parada_nula
TU,e19094d89db23d4cbbdd3b82cf5ab04760161f4956ce4e143fbe56eb5c19b806,parada_nula
TU,3592e9b6e096591ce62016ab6b92e5ebce3aa1ef3bd7802ccea27d36204b005c,parada_nula
TU,2ba13816fa3047d98a75080cf13ec00835ced854e87f6d8b228d6850b0fb5063,parada_nula
TU,832113769901a61ba8ee9df3c277cf48c56664f82aaa5e9970636eac1c08f481,parada_nula
TU,f9253c9074b41c873b002bd37a222b49b19e4040b8466b05b686f26f0e3f6a20,parada_nula
TU,b02c4f0c23592c54c6ef6dd6f46006d83e22f22f03e67aebb39803492950e9e1,parada_nula
TU,1137cb6651ea46c49d9a93a9a8def49e6c0cfa4aad0825fb46b0a8b24944bdd2,parada_nula
TU,44693be3c930e1d4e53d51be9d7c6f67588760fed1f15f42c70f4f27631cf242,fecha_futura
TU,d9d914b98b1328c4a4d850315a2266bbbd5974209d3b820d7f98723493dff0e7,fecha_futura
TU,0b67a7d3f18702b116a99db54d426fbf993962d5d5db229dc7a988deb48b8f63,parada_nula
TU,b53c9bed27b16cba5aefe125ef9bf67f8dbb0046f2bea398c9822b5847c1b05d,parada_nula
TU,338a2bc841afddac7d401e20aa46ad9b29ecbc345f898f886f82490eaa0c532a,parada_nula
TU,8b4550b4994280d1897f2d6403082cb398403529d2ed41774161bef88f8d7137,parada_nula
TU,a0b551b704c6de14e14d6c46e5f303c1c21e21f6f262193c738cc923f0d30ff3,fecha_futura
TU,800357459c40608a38d9b28a724df77376ad1faf598c129162a956ab56514c07,parada_nula
TU,c268b8a9b86a9f4a7987f3658e9f51420c05e6fb8ebcb045d8bc3bbbd12c2cfe,parada_nula
TU,de7f355a828031f4b85cbddf4483962f20d7ab6928374acb80e64b3b3260379c,parada_nula
TU,51c3d30582b08ea6a5915e12cd47116ee71b35b27b519cf11a90c0453d0c8b5d,parada_nula
TU,daf77f088a1a48f68fb9d3c6f9cba93d3750731cebd21dff95bf9b43cd2b3b5b,parada_nula
TU,3b2ed1297fd04076dc6e77961fdb5bf83c3a9f2e783971d4e424b44276d67e7c,parada_nula
TU,3b6b8ba4b8ba4e0631be7250bad0b73d57efc0825ae1c90b1cdd4553a5610e4e,parada_nula
TU,1aace852fe2559c79b10c8230077ed56d81fef0d5871c527044e89d3ee8f0a3f,parada_nula
TU,8f61dd5ed94322a3cf31df18d129aec157a5105d4a4ce50d270dfa5fabb409c0,parada_nula
TU,a424189a2c7779d1d14c378ccf08feb17e498ce91911efc11c8958b600e529af,parada_nula
TU,acc71b9229108948a91d0de2d09a253f1ec94fe11d9787d63836d6a2abd46a4e,fecha_futura
TU,b084eac5b23d55ae58a376b5e2ab1c972f238950c89fd41142b79ba709089856,parada_nula
TU,1fe291c7de22feb2ba8fee0b2a929c22f10c1b0bcc2488245526089a36704eb9,parada_nula
TU,3424115f696ab29c22f0e7791fa2946a732c824a6e1a936ab7e2f409944e792e,parada_nula
TU,a558a0b6a50632831132a800ccbac7ead45f27ba9a4e289b387751a232b9d7fd,parada_nula
TU,0668c7a78232b28bf411736108c8a0a070aee4e5748b871e0bd309e5541a92f8,parada_nula
TU,4cef3a76f168f6c8713ea2568f6132b80b11e394f0e9ea81766c1b8474eb951f,parada_nula
TU,06e2dad99e66147da5b3514e112cf9ef51814528c0bb4242e56267832695a279,parada_nula
TU,68803370eda71383431efc4f94c51a996f3fa579a34982a32819b66ee57bef20,parada_nula
TU,98d25da3ea645e36ca562c13093f21eee5dd2edc92885d6f0d299fc5d57d63d3,parada_nula
TU,8c2fc3dd9b8acebc253c4cd07ef98dcc6909f6927ec4d9fc6da4ea7b1bd7824c,parada_nula
TU,61811ddb6e29b72608f13e74bd30234c26655ec75e6bb5f35699be3003baff1d,parada_nula
TU,cc2b16e38eee2fb4a5a0b5e26e85af695163f1d1a53fc352a9df8a8a3a1b9950,parada_nula
TU,0023a08a5c127477ce810b8a9c9bf969311dca73dd26ec1c0487a8715f122128,parada_nula
TU,4db3b388ef616ed1ba8c83e8aa4033c54f0cd62b5e16b8b6d43f38cbd271e090,parada_nula
TU,5d1d1aa2938f8ee41e842e3ceb15ed55fb7f7ea551352c13709d7dfc68dfe520,parada_nula
TU,5f0c42c5ff82340edb87c2ae67d76d143fa8b8f66bfc16458f3396e38953f15a,fecha_futura
TU,3073fe07278329917426140060297bc3dfab224c3c613bf232ec33daf45e61a2,parada_nula
TU,9a330aa3f52782b489d36f49abdcca70bd04bc7d16586f09be8c2bc3c5761ba2,parada_nula
TU,d84e2670f954642eb195db1bc9c5ebb52c3a3e5a471830da17d6f3a60b27f54c,parada_nula
TU,8474059b71e5356c78b7b678924059198bc122f91e607b257be76a91ebef3f14,parada_nula
TU,756a66484c4e711fd90c93e0f9ccab13354bbcbb6f9a14f26fb8cb732c90e5c1,parada_nula
TU,c5412059854e0a085afaa67df96df571bb7f58c33a2c923f4d70e3d96f43d65c,parada_nula
TU,9461bc205d4adcc59c22a02c4f7667152121307b07da6cbd702b03db6fae5b1a,parada_nula
TU,6e18bbd3740a407c767b3ad53317ce9e53cb08d887d8bb816dad0571867ddfe9,parada_nula
TU,bee87e65858a0f9f66da2faab01791176f8c111c9f1bdba70d1b3d19aa956454,parada_nula
TU,dadaa02cfbbc69cceb9f575410a4b081320df154c67aad8f5705c4ad24c10def,parada_nula
TU,6e0938f8e71fdf45b1f30f9deeb22017eb7053bf1fe8d04c26399ebd434eede2,parada_nula
TU,cba3b4ff02ab0c4a299495364455ce3a3c0db99987faee75d3c5b4e79725ce9d,parada_nula
TU,d99b64e35e9ff3921ad91325b8d04d1ab194d51c1c96dc90241a7f413fe5994e,parada_nula
TU,0798e5cdcd77dcc535447b5075b0af76cfa0341cbbac52b2ab74ad4d8203e1eb,parada_nula
TU,77402fe8b8d95d5aa32c0cf2b2e53e28293a2fb7e18c3969c50d4de8ea336dc4,parada_nula
TU,8f6c7928401224b65540d05a6228ae6fee83761f4417af40367bc6a88c53792c,parada_nula
TU,5537cd6ac537fbf24a89cb90e509895fbfb488511cc5630157e30177f67b7162,parada_nula
TU,1b21e85aaadf6824dfd81755b3ce20a04a046eeb47c5c7a1ce14e5328d627de7,parada_nula
TU,64faa3063d09ef3add6f050005ba3abeeedffcae9fe1b3f5e09c33e91e2b4f50,parada_nula
TU,a2f956b7d2ba9497ec00859f9be196db4182d659c48a43c263d52bfbe4a54e9b,parada_nula
TU,b0cb64076c688201baec07dbab9077bd67734a06c1c9ec0d02c0b9b014a8ae88,parada_nula
TU,ff6c80cd43a3ee987690ed42f884aa2a4ba9217acb6255d680564ef30ebf6f61,parada_nula
TU,58f41c0fef714eb19b7a77fab47a5f845ad9ab28c61bc18d056777eecccbd2a7,parada_nula
TU,53a7496be98daa8b7ca24550b02dcacd675465b9cfb4c42785e3a4df83599b1e,parada_nula
TU,18def055db6c7722ae65912ab232136357638167fe5ded442c688a2932144127,parada_nula
TU,c4519d980034da9dc5729a131352478fbd9f328f4d7226187d46be6f56a3c204,parada_nula
TU,334db52f795b9af20aecde02be07c0c091bc870ac4048e35ced7bd7aebe5b19a,parada_nula
TU,977098374e4cc2013bd9d5928f25ecefb3f3277f131300364e0a5cf50c80bb74,fecha_futura
TU,5bd7c47f74af0480b627d2822dc658b488a0ab7aad9e653e38b9d65831b96c04,parada_nula
TU,af42a653ead7b8b86d5c3ebc9d86e26ca2c8c4da54bdf79f1a3f66aec5cd2b9a,parada_nula
TU,2bbf26b597a6388c4c88f573078b52e7b3663a94dc133594bfdc044987e3e7cf,parada_nula
TU,326664007e97318fd9b7016013f4679c5d6fbd2384753d7d883a648f58924fc2,parada_nula
TU,c814ba571d8d0ce80956487285da4d8fa564b1a1b66d09ac24a1cec019333367,parada_nula
TU,bfc1fe5ec1524af012513b97b23f617116af8c50207ef331bcf2c3e08fd2be53,parada_nula
TU,885cbeb89bbdac6c61e14a2db1c29b9d9a911172dfe65be524561f22bbfa5f72,parada_nula
TU,914e38f8eb16e871a2523ea566ab2d62e01baf7f9f2815a9a405cea04831844f,parada_nula
TU,6c0e235883ef8a11c4c290866ea9e3aaa2c409e3ce1faeeddd98b7f4bfc1d380,parada_nula
TU,a4a9ce5fbafddb915b84147bf0c1c6da4bd843e53d2c008babfb6df2cfd9f808,parada_nula
TU,3cd1b62b0a9cfd28442fae0828b101c0d4ac906df10317c1bb04f151229c4e31,parada_nula
TU,a756491dbba26213c47459e5c303130b22f3e675e781be2fdc1a8f860341cf7c,parada_nula
TU,3769d55ab9fd6babeeb7863568550b62bb322fb9573580d60c079219d277632b,parada_nula
TU,b81f0cadbc2935a4c99947ae736effcce8bb029ffa77810a2e691ed51cf9fc93,fecha_futura
TU,bad0723406ad69bc949f63ed19156de54b5d4d4ae047a309bbab48a91f6e8c14,parada_nula
TU,df40d8d4fc34975844118b8e3c077be4497dbefb59d9f7d3742059d158b21b2f,parada_nula
TU,3075ff070d2b6138e0abfb1a2cbdb474f8024556cfafc387b0df653e84fdcc83,parada_nula
TU,576a610965e7a31db54fc66e66002df84a3e954679fc26032a2d093110acbe98,parada_nula
TU,093c14450b71ddf03c572274f7c703ad90a7922777aae30fd9a666a3c0ba8837,fecha_futura
TU,77eda2486c0d20bea6c143a945f9f9ac1e0239cd226ba40186508ddc05596e80,parada_nula
TU,d36050424f727995348aa1ee43241a28e1a8027e7e1aa766e4fe750e70eee4de,parada_nula
TU,39566a4e7e04f522734b013c87a1c6de41f133e0849702af998c50263684ba27,parada_nula
TU,1447a3674120daa412d912c365806dddd9d26f62260c370d8e21cb0d2652bf64,fecha_futura
TU,482c8ac7de199b819f5e66d73ac9cafaf84cacd689e3545cab64baa6a04d46cb,parada_nula
TU,653a3b133ae0ccc37421c18f42aa28f8887937b3e939523695c06e4ca6e258a5,parada_nula
TU,7f841b0cc847c3b6247f5a4c6f1e8fd4bc32932ca3219c96e2354a4a119b25ef,parada_nula
TU,508bf290f7e4e80003cc9789d8d643a865e2410084d955d4812f809b0968f344,parada_nula
TU,753eb9882bb078023587018f306e1b55569785d86a08bbe2a83582cb17d4c675,parada_nula
TU,26e478dca05b8367189d6f297352dd76ce85e8256c6a1b1c18e8ab4cd14b4539,parada_nula
TU,fe6d1963fb4d5887aec3b5a1fb1647e3f37fe36bbd03956d77dd439baa17d8cc,parada_nula
TU,3e827c9acdfe638cb327baa55e04f6602834754bf7c9faed009acd1bdfb49aaa,parada_nula
TU,0eff592197433cf71ac546115123ba04ac7d78c389a24c044a8274ea0dd6cf7c,fecha_futura
TU,323441d6280045ef4fb80d64b6fef973909e9aa35a794d094749f517befdface,parada_nula
TU,f31008c5344e22f9a884bca2b8673daef9242670e48aee49dde8edf8939bb1c8,parada_nula
TU,5984e81bf418e748b52843eb437bb4631e9fe9e84d2022700803af587aa5519b,parada_nula
TU,84df607fc6ea4bafdcf3856fb744b2e928e32ea0e0bfc65fc5de66ada6b78923,parada_nula
TU,aea3d941a789fc1b29b48e020b445225c9a3457636912e3725d832c6e1733c78,fecha_futura
TU,0b63303fd890a3747eca8193bd0b8ed9426f526a748aa2e9a8a947fba70d9022,fecha_futura
TU,7389b15fd7be4e8d2c8e4418f963f7bd6e338b974d6e3cca562b649b7335b484,fecha_futura
TU,1a8afb0d702f43aa46b21eea2b6c564789ed43222fa0e91d77c663da5967bca0,parada_nula
TU,187186dbe9dac24f9c793b218bcdf3d82ac953dc2ce9fdf3c72bcce23a571e00,parada_nula
TU,25f9be426283c3212cb13e89b1dd2851810518b4e4dd92afa51bc698fe4f154d,parada_nula
TU,4d3785948a889efc83e7fed2e09d15917e430b753ef811c16e7ed44666bce01b,parada_nula
TU,4bcdea111826f9cbb7635924aa4cffa0f8278c36a63ecc8223359ff54b4e2ba9,parada_nula
TU,8639d646bb3b4330b1acef87c983bfdb6cf7d22c40addadae984cf3fe0c13ccf,parada_nula
TU,3593ca8887dbcb8236f6ce01f84c051a699966686765ac2af5c24b9ec9a0808a,fecha_futura
TU,880e55ed8e57fca8133cd7a1bf52c369f6b85a141b22b842a72cf3766545b0f2,parada_nula
TU,ab9f0b2327665afe06755debd949b092d74dc5503752f7b1590aaa7465aa71a7,parada_nula
TU,1ae4fd69338856ffa14b7be95855d41718e9eb213bb871c06699f26d709f816a,parada_nula
TU,eb2f120a680d5f0a3b00144d81359221216fb16924d3033b7dcd871dab6d27ec,parada_nula
TU,c3335eaafb72d6b3fd6932cbd2efc47a44f8cc545d1c52f1a1b0ccaaa231f59b,parada_nula
TU,480d0a5396626e9803e60062d405e017ca669ae7b8b25b3a9feec4173a60945c,parada_nula
TU,a3368ff0a15080d750078cf26c0305af804bc708ab03b9c1e0eab7801c35b19c,parada_nula
TU,6afa243b1f045eb82430c1ce2bf13f11b0a7624ae513ac0f5b833ec2b023e705,parada_nula
TU,3841acef64c08d304f2a0ce9dd80ad9d8bd1663d1218b392add262ba191003c0,fecha_futura
TU,b8f71f44f0ba2ca8aeabcfaf2456b5a230962da492b7d8abaaaad9f6b94702ba,parada_nula
TU,4a7fa53dc7d7037d75a69a441d4a2f8ccb024eba71549f9e7b743687cc75c045,parada_nula
TU,0dd721cc4ef7d7823ca063168a4e5dac11d6ed06d2ad977f01919d1ab81ff6b0,parada_nula
TU,cf2bfb3f9494765f3d721cdc5daed3aab1edf9df9ca911f7c1e979e0500948b5,parada_nula
TU,40f5f01d75f9789f6d59a0c5b0f6945da064a98241e1a63f304efad8b1d2254e,parada_nula
TU,26d35c053e70ba3d27e1cf3d17900192399c8117208bf287cf28cd64f48393d7,parada_nula
TU,9817c74314f0e5c442a74035b88cb409ada3bd021cf3e0fd3a99a0bcf4b12c1f,fecha_futura
TU,ab26a2fcc4e8b049fd572e886a14333c54f02025d69a6dc5676a4819eec28869,parada_nula
TU,81665a53880362d4de04517ba259d42dae6c2cea2c962608eb4827b98f01756f,fecha_futura
TU,1e6d49dc36eb9eb64daf4961f5a63327123bc83c04026c80527c32e6ba792f46,parada_nula
TU,9957465dd8d0302acddd8e3b68d28479c2a867d1a7fee57a147cfd89fde1545c,parada_nula
TU,8365fd9b8344b4f801cd9fb4b09cb9f41ae431be7a5770efd679eb540f9a66b3,parada_nula
TU,a22f70c38ccd98aa1c5626a8b2743d45e79915eaa502f863c1fbc8bdf841da3d,fecha_futura
TU,b931600d6bc6638845dc2fec102217f2cf19b38d5e678eddb4eb0fd0acd4c465,parada_nula
TU,442455a901ef59e1f22b4c868b295a8396d06537d3624667982a2897a7b310a5,parada_nula
TU,e9855cea81f814b96867d43e6d652b2f3e0a946df564b8d86f28d49277e181b8,parada_nula
TU,fe09bbd910136f6fc619806ab4fa4071d2596043f5e6e5519092a48c1388e891,parada_nula
TU,62e834b8008c9100d954e9e18b4dbda82d91265f418883e08298167d982613e7,parada_nula
TU,2876d6bc8f189dd49b7a86a273c06eff197cac502129125800c085c1f178e04a,parada_nula
TU,006b3b21f5c6426e4c7efafe92d33bc1c2d68d3e08daa62250f3f12f747d2ef6,parada_nula
TU,8725c3eba037f0cf5a068f9b9bf1733ca47e54bf5fc20c8c9045249bf20a3e7f,parada_nula
TU,eff16c901c78716d80b1e7560e18515363af4a4ebef84b57b54b42d2eca16792,fecha_futura
TU,50a99756e28f661f492e32af2d4bf10469cf6ce2f474d8bf518512105c220e1f,parada_nula
TU,5012d88997669db82fcf06d7cc21b596238a48d524c8eacddfc5e6a56ac68c9a,parada_nula
TU,f1ca750a75a9f17749879e32d6b36e3c0485e0c87b40a67b339f0e0da60b03d9,fecha_futura
TU,40a5eb55e221173c5b1c2e51f5d1a8263e649dbb8b39d94f6eed5145c6939ee0,parada_nula
TU,ac6f0082419caa634c14dc8d89c8a6bf12c3bef0080f87c02b0bd7237ecf2641,parada_nula
TU,98c1fcfecd8516ae3ad99b74d8932dbeeb5a6b06c77b68c07d04a4ecbf431306,parada_nula
TU,220390023f119733a98d022571df918602bc4107031c0c0ccc733cd3a21c9728,parada_nula
TU,6cf0de9510232f5f5f9e0b7d4f6d407d843eec09c17e856e0c19c49437c7b7d0,parada_nula
TU,ced55da3d23462f85442084e84fd56fcab580d6bfd7720adf8af0367693dfbba,parada_nula
TU,94c5a15c9730e8ddf5ff996fc7c8617e76b04732f202dbb4691819a9140fc6db,parada_nula
TU,bf995a45408954619b0e8ed35686e589feec5023570beb531b8e36f1e3815aa2,parada_nula
TU,1b7a9a49d0a388df64778c38dcec6c75f8dae88aabc21c3f8d4454d4fa052478,parada_nula
TU,de9d9f9b19f5984e5620ddd813aaa51ae648980568180a891646bc83eac1914e,parada_nula
TU,828fc20ae6870fb0f509bff579670312126ce3ac1e1f95c7252b49d49fc19952,parada_nula
TU,736ba39b6d053a22dc9e2ab89a9d577dd8c37a5ac1b312698df1d9bd2cd51e6d,parada_nula
TU,c27786cc10409d50147a683e2d2d5e0137ed86cd203ef83bd6aa030c824730a3,parada_nula
TU,dfb7588e689ae4719edca01cf23c9aa44c7e7bc188b6aeaeff8ebcc54cc5229b,fecha_futura
TU,cba873d93cb9b8005c65c3ad360382fdedc538662657070d31794ef5c9efebb4,parada_nula
TU,522229aa69f891ec0c19e208a7139c8d3667e521568da9b323c1771342de4967,parada_nula
TU,f6959ead8a2c596bc18a31758bacd4cd88627d5d0f58dec7f47ba3bb99159720,parada_nula
TU,8439c7f1231add82aaa7c165efe23b5a90c04bf6db8f6d3cf3f866dbb86f9f61,parada_nula
TU,494bee8ef021481dcb2d10566a46d4e361e5a4c9df2b676f0959112788b282e5,parada_nula
TU,08f00bfb1144ffbad623b59fae7407c161819030cb8873b1d7326063b24acd08,fecha_futura
TU,5e7a7867d7be9d3d2863c72c03a0ea71d991645b753b2c57e445b726c50e80e2,parada_nula
TU,535fe8279f865738d52026c59a58de1f9973919c002dd608f7007a9d942b490b,parada_nula
TU,4f27e0ffcc006d9cff7dd2e8a75e36f5469ca954e734ece1c4d8ed809312b547,parada_nula
TU,cf22a02ea39b733a6e2ebb7666335f2b89e890b74774ef05de6070387b2c84c3,parada_nula
TU,b0133d4783d6c04252705f3d1fb319f50dd82ab767c15fbc4e05a27e314ed5f4,parada_nula
TU,5e793772789b70e48d8e5ce3f0404185745e83a3d52d99900bb24944a9f2e38e,parada_nula
TU,aa48509111771268266460c563f7751ab868c9a412c311afdceae2401a2a1a6d,parada_nula
TU,704ce99fb4ce5abba08e6aea56977878bd0b7a776c95d2ca59d9c06fb8762963,parada_nula
TU,c1ec1624c7e40cbc28807e0c25671212d56c3a2f55235944bde484052220e1a6,parada_nula
TU,8e64fe6bb76e4562903988b928ea00a4fcae534564717b3fd68f14020fe20047,parada_nula
TU,8da8697d5b466611a5aff8470867f0d1bf8337751c75c848bc6888fc5fabe47b,parada_nula
TU,7457ef1f38762f3d2ac5821e3f327cad6c6ef6b0ff6470501c9ad64cf7fa5b47,parada_nula
TU,31a1dbd75600af593d3b0c4751b5073dc2e74f036e361c0e1bc96b730a181155,parada_nula
TU,7296694787bcad925615142e0ace3bfb069782e969bf40ed7d40bc76ea4a8dcb,parada_nula
TU,e4ebc73bd7cba55964ea7885d15c7287cfd51141fc21664d77b30d728e1ecf9a,fecha_futura
TU,9b91e5cf6e32af5d622e7d12146f7df6d249d03b39c0099e21c909554b5580b5,parada_nula
TU,5f20a3e65627f6faa0f30688d2ce101212c804dc397cd9272dc699d95cee2baf,fecha_futura
TU,7cc8906a812ff66c5596a99d87564c33721044c42811a3be76576993642c533f,parada_nula
TU,81d4b3fbc9f7ce52029ac28f40e60c9875c908e392c8dc86c260172c1af7386b,parada_nula
TU,4437441b34419c0a58a02747ced3b7409417fe0544f994fdeb51e96ddf86f1b0,parada_nula
TU,22aa267a1b076f92ab00aa2f6ffdf825232ca2d1ea928c640cd48f6145169747,parada_nula
TU,01748ebb4aab8e4cbd7dc47f5ff94c4102d59f8cb72a5dd549858ecbc1b2ec59,parada_nula
TU,86cca2e5d5303de2a83296d530cb9a09770cab0dd05d27d4c0d915209a0c39b3,parada_nula
TU,e64e0112b36832f4a07b5b6521a42bf3bb8d58d7eaa978c826f6def251b2ad78,parada_nula
TU,46b4eac771a0f0c606fdf1b305d9c831f8db9eda22df16ea614cd3d8acbb86ba,parada_nula
TU,a9ff5b3bde2c61d7a31bd1a32425f66721890c4536731604f8ec16bd8cb434f6,parada_nula
TU,855e3dbcc680c7b02d926247e54663e67525b0c8491f54b71d9b19f192f61cb2,parada_nula
TU,694480e0d170f2aabcad7f30e9c0e205f6af63e5defbdd8558e2992b46ae82c5,fecha_futura
TU,34a1b45080cc235b7debc5c8105e2ab79a6c92893cfdb6799cb8100ef7e0b994,parada_nula
TU,208bb05488c724417defaa9cbdcbdd69853eaeb02fef073f5a285e0d3b7185a6,parada_nula
TU,aa266fa36eec767f08c3dca0ad9411972d840cb77e6a945f5238734afde5f556,parada_nula
TU,43e6899571b4acd854baa2304c4e181ff0565bc38c8018f04b0990159c4defbf,parada_nula
TU,01d306bc5328ceaa09a17ca87a6b5fd816fd38c3dc4dee9494af29ab62a38d44,parada_nula
TU,5ac25a5330e82ab1467bdace035823c649243485134033c2d4c30919cc19156f,fecha_futura
TU,355d13531ac5019dd7eed586b739d06225390d35fc4764db19a9f4a3abff2227,parada_nula
TU,886e380788c86af7631e0bbda575ef678225abe312f688f2e12dfc7837376d6d,parada_nula
TU,eabbe5eda70ca6f32defcd202058f073bfe5372149fa04be90077a187db70145,parada_nula
TU,da6fd92ef7b85f3c528caa5536608b36464f77babf43b29ec6b9688d1d2deb7f,parada_nula
TU,b9c6bbce8b428c60865d8faa49d470b33e08899db45bc0af0d95c4299b68bc64,fecha_futura
TU,9f76b765642c383a7897f56e2433a10a509c85dbd8d6300f66d26c9be922374c,parada_nula
TU,03075d360226494ece20e5a311048ea9306fbb5927fb183d8c3c8df923f90d82,parada_nula
TU,02153fc59ae427bcc3c112a42dba956b6499a2622b00362248a762b07c53717c,parada_nula
TU,070c09c4f5266f66c842d6744fdbdef53d4ebaf78ec8c7b1b7171791038c7a92,parada_nula
TU,7d1548eb705905013098a791f3792bb4d255630dbb271d48703cbb765e5bb8ff,parada_nula
TU,6af0e3210ff1c43994df21a7b34f74e0e68cabd6b01469c90cea9f16a712d1b3,parada_nula
TU,2907c1b0c2e44e6aa9bf07cbf97ed4dce825c0eab01671aae945292d7906f80b,fecha_futura
TU,edad3162df8c8c449ed1d12c72bf82ca1806df82d3cb8e89bc99914a91635015,parada_nula
TU,0b45b64b5e6dd674c54507f33a09bac73134da054af2cf6fad1151b1f6e15dac,parada_nula
TU,12d8a5031c13de9e129c26003a04453f0e28d4e1c083d832ee7300a3982e07be,parada_nula
TU,c9598b5e4fe798f465bcc5b9ad1e91d15933c927f3e428338c2bb01454d6c101,parada_nula
TU,d4952b0c064391a9d6c8370742348bdc1917b6be67427e9683ce1859adc7a0d0,parada_nula
TU,2fbc3bcc4ee823a7e69c93b9062dc705b26057f88855de22e2931a942009c8f6,parada_nula
TU,bc5fb18e8c70fd9018a2fad9057ab3b1b4e7659b765ded62e08b6542548ceb1f,parada_nula
TU,dcfa818ff13925d1ddcd9917a6c3b6481cc550af0b1facf7fced82532ba47f02,parada_nula
TU,cc932deb27f2b70482f04be2eced696e8b122d92ec5ffa4f2f5fcb4f0c64d356,parada_nula
TU,9e3df3a89bc17fe850f4785554af2ad238ca5759d5e4531c836e0fce49bcb7e6,parada_nula
TU,f0dd2b9dfa062c43c7d5677cbc17ccb4541194bee309bb9ffbe8f795b4eee3d1,parada_nula
TU,d85bf0d8f6270a01a1c75dedb741ce1d1a916309ed074df633785fa866da12b0,parada_nula
TU,b758172cd24e66a53c723a281bb625cf11376934fd8f642c64a767b5d213d246,parada_nula
TU,dfb91740ed2479353c81ac0ce711ab7a262362ec49e21d69e7d51275e773c2c4,parada_nula
TU,051918675cee9e03ad16bb5b20a70cc5db08e38efde3fbcd9636d95a290ab4b2,parada_nula
TU,aa5d4715a9b70c6606ce590aa93debbb4ce05b2c76d4d48fa99e6a4b69c78d24,parada_nula
TU,4e0ff6fe7cabf0d63c95e9ee4a2b118decb3434cf66e775cba20dcb1a1324a73,parada_nula
TU,65ea1def2e0715f434270a37fb20edab809b35ec6f1e4baa6e6efe1c122f355d,parada_nula
TU,839ee3c49953f6cdafc2d1a0933fb94e849fc58fb6ec027983bc53aa609d48bb,fecha_futura
TU,c13bea9dd03dc2713f765d88f4de138111c2af7f8b20fe6927eb1ab927512eb7,fecha_futura
TU,40de278f0e17903b621cdb21ed549a55bb583e95f4a40e95b1628112f3817c23,parada_nula
TU,90a23c8c17e7a8221c8dd39f92405ca155e2c615cea539c2027a231e6a6e1eaa,fecha_futura
TU,e491d59ed23870b5d1b672724c93870cfd918bc873a6076791c5623c2acd5bea,parada_nula
TU,4b425ab936b7e9405ada19522e1e7d4f7c19651bae87e10db94a46bdf2cf8ceb,parada_nula
TU,e3428ddc2c5a38790070de76f062f7a69d7c062081a48708cc48cf1402a49850,parada_nula
TU,0c8a4229d9e393531f0a18f5c82aeff354d5f0b41be255c10cfaff2a2ad8c926,parada_nula
TU,d4b3803f40acd64cf25fce08290875688b1c26ae49615d4368b9e9ab41829167,parada_nula
TU,1ae7310a1fc14d8a7b864d21b25caa1c5fa03bc2b5fc3c194ef02c409d52e136,parada_nula
TU,097fd37aeb3afe6e398a60122f3a58953041f10dab345dd0e07f05a6f076db12,parada_nula
TU,8363d453bed937aab67e57cea804cd6230968256f9674ae9eaf1d0f1804e4a25,parada_nula
TU,bc63345c9fc50b237a7f65530df10a6bfdd7e6b0ad9c2090c54a5623bfdd659c,parada_nula
TU,d9d89168d7f016e126f7859d1b7e18ddc73c41c596f49877d5961e10c2719217,parada_nula
TU,f441ed95a47e9e3664dfb6584a87ca32ca9d6920dc3ee591bdfecc554dab6818,parada_nula
TU,600b8ed7b0be866e8bf9916d10b621aaea0218ec95cb1fd7d5236e9504406a88,parada_nula
TU,35cdab105c5c1184e9c30ff82d22bb2a0cb30292e97e7cc7f7fd8b305fc88a7a,parada_nula
TU,69969f8c1547c5d337a649ceefee0e28af1cd45f5fa68a0ae7db7130c8936bff,parada_nula
TU,c1d926f32cf44b632f02a152d3136b6dde1677652b121d437d1b86490fecdc1f,parada_nula
TU,a2ec4bc3ddd6e4bd96d5c8e2951ad94339474190c1641ae858f9d2c32bfe6bc8,parada_nula
TU,6b54ab2ceaf7a6348052ed22fa63cee7d43bf7b1dae3e2447e24894dfe71c396,parada_nula
TU,1c2cde158a9e4a12f358dedfaf2d7601e3ddad74fcb5277e453c900ef7941af6,parada_nula
TU,5baa915e93438f502c9939fc485cd91cd8a9dc8a9ed729549e59698a2783d155,parada_nula
TU,1d95e7027a8df32088f63c11079fda8fbdf1fb425a99c133c7acf6bee8fa70ec,fecha_futura
TU,733cc2028050ab46e15fa8a2a7b0143e32323b1a4fc1f0de6c6cace2c751b0bd,parada_nula
TU,bb7f55bca9b52ed899aafd1ac89f0025d1d15c61db5e9ae4d84e1a5c5515a9b3,parada_nula
TU,f80bcedd59e50fa1c495fc485821d55cddd4987a446bc1deeed8fa89e29177cc,fecha_futura
TU,ded68b02ab37292d7ef1ca4b1b6144b5bf1444270b6179f9c00519767843fa73,parada_nula
TU,772ca1246e14de792edca96f1e6fd790ccd0fcfda8915f53f5ddab6825d41c1f,parada_nula
TU,4910ce6c06f31525ae03f5cd03ea05d8e9220f72bc0c6c73e1ac486639e1af10,parada_nula
TU,53e8a9f5c80dec6c3ec559ccd68faa17783b8dab0ac53a2015836bcc7f3013d3,parada_nula
TU,e4b900ce9e9e15fb58837734b62e55fb2f2bc48880149ad14f8ca8cfb6a2dcc8,parada_nula
TU,34b1de770829f4d58853a61d2d6c1622be27de2b077b2f58c0bfcc5c627deaab,parada_nula
TU,59a5989187dff1e0dce8e3dd3faa40473365f81a077420312de62cce2f3b61c3,parada_nula
TU,067dabf67fd5ff64dd48be824ddfa7d1a9b0bc910762988096e354308a4a256e,parada_nula
TU,52244e9862e4e63905d9562fb94bef5056103f49d4509fb977010b0ddc465e12,fecha_futura
TU,ffa0051897e064a503a96710b5cbd60a3a1ab0f2bd87ae24614cc62f02652e37,parada_nula
TU,3705b650f4784249dce5c79da72d4f0e22f2662edb4c8ba51cf0fb24dba42081,parada_nula
TU,f43a09ffb11b9117b1aedb8dad03744060c75e2d4e54edb0356a0b3f965578b9,parada_nula
TU,2afb1df5ab8b609d8b2fdcae8d2ac822538a38873b3560c709dc7cc09e987718,parada_nula
TU,c6b6a9d3f4352a3fc99198680752142e2cebd461ba24b7d8cad908a871841d68,parada_nula
TU,e63c6a2f964afe32b34a3c76de08f4a533ab5c4c682fa23bbe0d26dca23baf6f,parada_nula
TU,6777dd6be3783231822e9e6d8049c5492cfbcbfedb9c16b75ca8547c604a7de2,parada_nula
TU,dc3bef8bce66de48908692fa987ad97c48b999a40ad931b34b47220c112677d1,parada_nula
TU,5d4a19d800c978747e051b592513fa0a237614023dc639b6689d10e6cfa654f0,parada_nula
TU,dff4d185272cf3a78ae6024a869115122e896ec6c248152f58e6a0b95120dbd6,parada_nula
TU,18616956015f8ed13befda7e42ce5bb9dfe10a6d5a00e8ea3b45044dc6dc93c0,parada_nula
TU,13424623431330a9b8dd5a864048d6e4a4b92f15a0023fcb9ce1a2f6fe5d8cba,fecha_futura
TU,7ce2f814cd6e55445ffe1878c04446094a7e6d10905d13af3efe1a3107ff6731,fecha_futura
TU,5a984fab84aacf767f3634270105fbf122387379c5631816481f4c22c080a66a,parada_nula
TU,f8a51eda3ad26c37df31fb4b8b89003c04d808e266b48893209f0852f75765f1,parada_nula
TU,2065197e9e7be4be10f59158ab944afe1a2c190dcb4b9399b7b53b2f6e360f94,parada_nula
TU,7d72738daf63dbd12aa32a48e04cbd9bc67f4bc6d829f69adba0fb9243b05b6b,parada_nula
TU,2a00bf00f003e7ec51165512443ee65ff2e9de157610b4768a406ca083f67a25,parada_nula
TU,0ce23858c79e2d73a19f19ba54e952d9106e2b288e030764bd06af6fa4f68c26,parada_nula
TU,188e2daef947f41bd9f2d2e5d7412295bdac3c9cedc8040d0d8e718f9415ff6c,parada_nula
TU,5f5f7b60cdb599f897507dfae485c8bb1b071916aa85a538a78242a8eb65b9d1,parada_nula
TU,55c0d64bd86c40937ab6748058e8ae63cc417775e4517a5e65527dd7855b049d,parada_nula
TU,12c2b39df685e68a0c11508c7c7d2617743ba23c039b62572e26d621dd062079,parada_nula
TU,db4c7e0868834de55e693dd3c79e2fefa36e5d7ef6c579374e490276389667cb,parada_nula
TU,283778102f73bb399d313dce7f03f4460c9cf8586d40068724c83b0c24f7d94d,fecha_futura
TU,e6f7bc8fc09d0249292832bf3c321a38eab01b4ce946d6377e6794b07507addc,fecha_futura
TU,35df818a9ab4d94614ca1b40a594c91a16a3fd4a0e6ba2469db645e889ec76e0,parada_nula
TU,1c06c3c8e7c7af118cffb61c3a5d361b5da54dc48b14103663b66eb9fabfb5c5,parada_nula
TU,c77884ab6ed941ef3abf66b03637c941c86b56ad4276706ef3c9cdd4a83a9809,parada_nula
TU,7823f27d5a57db82b5e1c42df42f40c0041876cb2dff3a48d8ebd692137164c9,parada_nula
TU,9ef77b7ff08cde7ebef927f8577df6d8fc601e687e8901d42ce62c26217925ec,fecha_futura
TU,994b4072a5f5cffbe5f00440b59d09dd1198f281d7406a14f510fc38d9da742c,parada_nula
TU,bc14d9029f74e4b4037ba2075cf2fb6e83aaad72b30eeef37bf081b3392cb9e5,parada_nula
TU,89d2347ffcb8d0d945f8fd0fdcdbb8fa2e23998f3ecff62da45b9f4dbd2e1d6a,parada_nula
TU,239cf0c126bd8442ffa600bd941ed18fb4c86a0439dc2fd772b31c93d7e7236d,parada_nula
TU,b3df9c40f85169a107e3f1ba0e32c346eba2021a6c9592b49d48e0d769013f11,parada_nula
TU,ad5f7682f6a951812b96c393c18357556bc503c52234e7f31ec207f2d3c77819,parada_nula
TU,36f93075b68e2eba922c8b60e5a0cea6e54736fc0f5023f3e2193773b81f3ea0,parada_nula
TU,3d72da2da57453a5a0da0fe66206c7938b2a2596eb13e86a550237c42321c8ee,parada_nula
TU,8fd32b921b3be79e4d999f856b3c61978139949321cbc0b516496ad29eafa406,parada_nula
TU,8cb5d4ccc30a68a4996ebcdb9b5c3fa0332da9b40afc0ef11dea27f997f86906,parada_nula
TU,ec59a3db43931bbbb2a5d366e11ea0b57410bed857e81d758452781c4e11d061,fecha_futura
TU,eeb0d0bb1987a6200a719c01ba9ee3dfb90176dd944ebfafb5cff4a39ba2b0fc,parada_nula
TU,97f75d2982fea0bd8cb4091fdc1129b5bef5a0909aa13077a70d3233f57ed4cb,parada_nula
TU,592b961525ebb92cbbf6701c751fc5f0437b7c32b58c509a20ac1494ce8a99dd,fecha_futura
TU,34a19baafa1a058375caf7142b14345d22c83760920af536b166d3344c2a314c,parada_nula
TU,bb2ff2630c8295476318d05b9b6c515967b93f6e05dd30e0b081e172eca55fbd,parada_nula
TU,8e2846c3472136c454dbd9502531c1e3101db11143db25712056b0b331a3ac57,fecha_futura
TU,846b10eed36a7223e5b0cec629f78ca43cb7f7419ff6031515ce39ef8fb296fb,parada_nula
TU,0b19c3158464f02a081e286644033584d7392860074555df2c7559b4471c123f,parada_nula
TU,72433d2a3a3819e66b5c4021de1d67e735c2997074afc081c4a5041c2d455252,parada_nula
TU,e40e82ed684aa157f34db65a81ee7bef27953b604afc657693b5b92b70f49a2e,parada_nula
TU,e69e2e5728ba03838fd812cce625495c138860cb89e1372ad66aa34628a10a2e,parada_nula
TU,8a954a39ba6bcbb15a36b3024b999c87b83f84383ac05b5f8aff1cfbd70d3732,parada_nula
TU,bd2c64ccdb29c16328171dcf6e3c53035cf1202773f824bf68b3ceb1cb6540aa,parada_nula
TU,77d4ad50bdddb4ace7d60bd9f85a61fec90e723f5667c9894b60a46a9b5c9e30,fecha_futura
TU,5dca81a9164f36289b8a3b946700da55d1926feab4c1894e9c41b9ad7126f71b,parada_nula
TU,891830c883fa976e208aeea567c6f23365747dc6df0c7e86908d74189d58782e,parada_nula
TU,9f56fd030dd3e9b4e9d0bff74d46d376e06149ca78edba7aa23d562c3ab50f36,parada_nula
TU,e6c792401c749da3050104edf53b7a50de15aab39aab8d87628b74d79db95435,parada_nula
TU,4771bcc82d75d9c7a5a783c1a969f577c0ebd06512f57fcf4e3d8f36d4a109a7,parada_nula
TU,e0991b3eae15b2fefdbba86ea75e6bf1d7e913f40ef043289641aac829c29008,parada_nula
TU,8f083e2804bf9a7cdd0a1b29f82e6f3fb48ba234025351aabf4287798c582476,parada_nula
TU,56a8e45ab0e02c0ad72b70a31b1cd3f6c98bd7c6c186eef9923c46cb7f230ce4,parada_nula
TU,b7b6b2a51e8dd28bd59d4c7ac26ab379585f16234656ae64ec3fc37ad3842431,parada_nula
TU,d7a3de2bfc6010c71e9ec0499add0247940b309624674c142ab59c4181aded7e,parada_nula
TU,5451cb72e47f736277d1a0c86da8ca2d0f55215e27c49803f8bbb0c364c4d162,parada_nula
TU,db6ea463ba7acc5a3d65208391a33e170369022a38b23a1ceebc7447a3cc9045,parada_nula
TU,8da836beb6491b0bdf8a2226a97805f93e346151f07ce42dd18cba0eefb9f8c7,fecha_futura
TU,b24c8da1445d23f78429643bac24ad0830fd322b49ce2f14ccdce74ca2066c10,parada_nula
TU,f6491ce7691af7461a2217b2015b73a55db1cf12522feda3afb645cf4920cf3f,parada_nula
TU,707342054d9a4ad54b61f619dd6f3bda565d61d24bc7d10310c03001e1e58279,parada_nula
TU,ecfce1c66ba23d4cf2d511caff379ababeee9a4fcdaf52c54fde2a8834086b31,parada_nula
TU,5e60269e3629be503f56ca9f5dd71b077feb1245b6d3e73912b8e48b56d0ddb5,parada_nula
TU,11ca36ff36f794e27a127d9de81fd29f3933c70dedb78ee398021e510d7bd62a,parada_nula
TU,02dbecf02a361facf0954db5a81dd57ca9df3b336e62be95e6fb2035e8907ac0,parada_nula
TU,e8a1f917ab6c69c888b48673555a20ab2982770fd44b33eeb3cb67d00ad77fea,parada_nula
TU,c86d5cc8bed8318cc16badf3c729cfb6dfc312d8c52239c20aac20935d2fdbf2,parada_nula
TU,02700c973259ecbd894ca775c6923253fb23c852ec3163e4e0df4591b7cba8a9,parada_nula
MR,2,viaje_sin_salida
MR,56,viaje_sin_salida
MR,199,viaje_sin_salida
MR,256,viaje_sin_salida
MR,353,viaje_sin_salida
MR,559,viaje_sin_salida
MR,564,viaje_sin_salida
MR,741,viaje_sin_salida
MR,742,viaje_sin_salida
MR,833,viaje_sin_salida
MR,834,viaje_sin_salida
MR,995,viaje_sin_salida
MR,1273,viaje_sin_salida
MR,1283,viaje_sin_salida
MR,1462,viaje_sin_salida
MR,1606,viaje_sin_salida
MR,1705,viaje_sin_salida
MR,1738,viaje_sin_salida
MR,1821,viaje_sin_salida
MR,1829,viaje_sin_salida
MR,2028,viaje_sin_salida
MR,2052,viaje_sin_salida
MR,2073,viaje_sin_salida
MR,2086,viaje_sin_salida
MR,2123,viaje_sin_salida
MR,2194,viaje_sin_salida
MR,2261,viaje_sin_salida
MR,2330,viaje_sin_salida
MR,2377,viaje_sin_salida
MR,2438,viaje_sin_salida
MR,2447,viaje_sin_salida
MR,2625,viaje_sin_salida
MR,2821,viaje_sin_salida
MR,2906,viaje_sin_salida
MR,2912,viaje_sin_salida
MR,2942,viaje_sin_salida
MR,2976,viaje_sin_salida
MR,2992,viaje_sin_salida
MR,3095,viaje_sin_salida
MR,3122,viaje_sin_salida
MR,3152,viaje_sin_salida
MR,3195,viaje_sin_salida
MR,3231,viaje_sin_salida
MR,3434,viaje_sin_salida
MR,3617,viaje_sin_salida
MR,3728,viaje_sin_salida
MR,3736,viaje_sin_salida
MR,3814,viaje_sin_salida
MR,3854,viaje_sin_salida
MR,3995,viaje_sin_salida
MR,4139,viaje_sin_salida
MR,4182,viaje_sin_salida
MR,4188,viaje_sin_salida
MR,4561,viaje_sin_salida
MR,4562,viaje_sin_salida
MR,4589,viaje_sin_salida
MR,4598,viaje_sin_salida
MR,4654,viaje_sin_salida
MR,4690,viaje_sin_salida
MR,4741,viaje_sin_salida
MR,4855,viaje_sin_salida
MR,4873,viaje_sin_salida
MR,4915,viaje_sin_salida
MR,4917,viaje_sin_salida
MR,4930,viaje_sin_salida
MR,5024,viaje_sin_salida
MR,5044,viaje_sin_salida
MR,5184,viaje_sin_salida
MR,5535,viaje_sin_salida
MR,5730,viaje_sin_salida
MR,5851,viaje_sin_salida
MR,5860,viaje_sin_salida
MR,5970,viaje_sin_salida
MR,6069,viaje_sin_salida
MR,6104,viaje_sin_salida
MR,6139,viaje_sin_salida
MR,6257,viaje_sin_salida
MR,6405,viaje_sin_salida
MR,6487,viaje_sin_salida
MR,6498,viaje_sin_salida
MR,6554,viaje_sin_salida
MR,6792,viaje_sin_salida
MR,7092,viaje_sin_salida
MR,7110,viaje_sin_salida
MR,7378,viaje_sin_salida
MR,7382,viaje_sin_salida
MR,7717,viaje_sin_salida
MR,7770,viaje_sin_salida
MR,7803,viaje_sin_salida
MR,7822,viaje_sin_salida
MR,7848,viaje_sin_salida
MR,8041,viaje_sin_salida
MR,8120,viaje_sin_salida
MR,8141,viaje_sin_salida
MR,8350,viaje_sin_salida
MR,8355,viaje_sin_salida
MR,8372,viaje_sin_salida
MR,8540,viaje_sin_salida
MR,8744,viaje_sin_salida
MR,8768,viaje_sin_salida
MR,8979,viaje_sin_salida
MR,8981,viaje_sin_salida
MR,9125,viaje_sin_salida
MR,9144,viaje_sin_salida
MR,9149,viaje_sin_salida
MR,9220,viaje_sin_salida
MR,9313,viaje_sin_salida
MR,9325,viaje_sin_salida
MR,9362,viaje_sin_salida
MR,9498,viaje_sin_salida
MR,9638,viaje_sin_salida
MR,9725,viaje_sin_salida
MR,9765,viaje_sin_salida
MR,9818,viaje_sin_salida
MR,9833,viaje_sin_salida
MR,9849,viaje_sin_salida
MR,9866,viaje_sin_salida
MR,9912,viaje_sin_salida
MR,10019,viaje_sin_salida
MR,10045,viaje_sin_salida
MR,10146,viaje_sin_salida
MR,10226,viaje_sin_salida
MR,10233,viaje_sin_salida
MR,10448,viaje_sin_salida
MR,10733,viaje_sin_salida
MR,10793,viaje_sin_salida
MR,10876,viaje_sin_salida
MR,10890,viaje_sin_salida
MR,11034,viaje_sin_salida
MR,11125,viaje_sin_salida
MR,11126,viaje_sin_salida
MR,11245,viaje_sin_salida
MR,11252,viaje_sin_salida
MR,11324,viaje_sin_salida
MR,11426,viaje_sin_salida
MR,11464,viaje_sin_salida
MR,11515,viaje_sin_salida
MR,11804,viaje_sin_salida
MR,12028,viaje_sin_salida
MR,12073,viaje_sin_salida
MR,12221,viaje_sin_salida
MR,12401,viaje_sin_salida
MR,12644,viaje_sin_salida
MR,12751,viaje_sin_salida
MR,12825,viaje_sin_salida
MR,12899,viaje_sin_salida
MR,13051,viaje_sin_salida
MR,13075,viaje_sin_salida
MR,13097,viaje_sin_salida
MR,13322,viaje_sin_salida
MR,13380,viaje_sin_salida
MR,13491,viaje_sin_salida
MR,13505,viaje_sin_salida
MR,13559,viaje_sin_salida
MR,13666,viaje_sin_salida
MR,13718,viaje_sin_salida
MR,13744,viaje_sin_salida
MR,13800,viaje_sin_salida
MR,13824,viaje_sin_salida
MR,14186,viaje_sin_salida
MR,14440,viaje_sin_salida
MR,14560,viaje_sin_salida
MR,14629,viaje_sin_salida
MR,14660,viaje_sin_salida
MR,14846,viaje_sin_salida
MR,14874,viaje_sin_salida
MR,15001,viaje_sin_salida
MR,15010,viaje_sin_salida
MR,15083,viaje_sin_salida
MR,15165,viaje_sin_salida
MR,15184,viaje_sin_salida
MR,15188,viaje_sin_salida
MR,15257,viaje_sin_salida
MR,15276,viaje_sin_salida
MR,15801,viaje_sin_salida
MR,15840,viaje_sin_salida
MR,15967,viaje_sin_salida
MR,16047,viaje_sin_salida
MR,16068,viaje_sin_salida
MR,16084,viaje_sin_salida
MR,16124,viaje_sin_salida
MR,16235,viaje_sin_salida
MR,16309,viaje_sin_salida
MR,16433,viaje_sin_salida
MR,16489,viaje_sin_salida
MR,16559,viaje_sin_salida
MR,16578,viaje_sin_salida
MR,16747,viaje_sin_salida
MR,16823,viaje_sin_salida
MR,16828,viaje_sin_salida
MR,16849,viaje_sin_salida
MR,17017,viaje_sin_salida
MR,17154,viaje_sin_salida
MR,17180,viaje_sin_salida
MR,17227,viaje_sin_salida
MR,17273,viaje_sin_salida
MR,17329,viaje_sin_salida
MR,17439,viaje_sin_salida
MR,17440,viaje_sin_salida
MR,17469,viaje_sin_salida
MR,17535,viaje_sin_salida
MR,17577,viaje_sin_salida
MR,17586,viaje_sin_salida
MR,17603,viaje_sin_salida
MR,17699,viaje_sin_salida
MR,17785,viaje_sin_salida
MR,17786,viaje_sin_salida
MR,17829,viaje_sin_salida
MR,18026,viaje_sin_salida
MR,18031,viaje_sin_salida
MR,18046,viaje_sin_salida
MR,18080,viaje_sin_salida
MR,18158,viaje_sin_salida
MR,18264,viaje_sin_salida
MR,18514,viaje_sin_salida
MR,18687,viaje_sin_salida
MR,18739,viaje_sin_salida
MR,18741,viaje_sin_salida
MR,18811,viaje_sin_salida
MR,18933,viaje_sin_salida
MR,18951,viaje_sin_salida
MR,18987,viaje_sin_salida
MR,19032,viaje_sin_salida
MR,19084,viaje_sin_salida
MR,19110,viaje_sin_salida
MR,19167,viaje_sin_salida
MR,19227,viaje_sin_salida
MR,19279,viaje_sin_salida
MR,19283,viaje_sin_salida
MR,19327,viaje_sin_salida
MR,19357,viaje_sin_salida
MR,19370,viaje_sin_salida
MR,19389,viaje_sin_salida
MR,19530,viaje_sin_salida
MR,19559,viaje_sin_salida
MR,19596,viaje_sin_salida
MR,19622,viaje_sin_salida
MR,19665,viaje_sin_salida
MR,19806,viaje_sin_salida
MR,19860,viaje_sin_salida
MR,19899,viaje_sin_salida
MR,20083,viaje_sin_salida
MR,20102,viaje_sin_salida
MR,20223,viaje_sin_salida
MR,20292,viaje_sin_salida
MR,20325,viaje_sin_salida
MR,20333,viaje_sin_salida
MR,20343,viaje_sin_salida
MR,20366,viaje_sin_salida
MR,20384,viaje_sin_salida
MR,20475,viaje_sin_salida
MR,20493,viaje_sin_salida
MR,20549,viaje_sin_salida
MR,20630,viaje_sin_salida
MR,20646,viaje_sin_salida
MR,20686,viaje_sin_salida
MR,20706,viaje_sin_salida
MR,20764,viaje_sin_salida
MR,21027,viaje_sin_salida
MR,21042,viaje_sin_salida
MR,21087,viaje_sin_salida
MR,21265,viaje_sin_salida
MR,21383,viaje_sin_salida
MR,21714,viaje_sin_salida
MR,21865,viaje_sin_salida
MR,22033,viaje_sin_salida
MR,22051,viaje_sin_salida
MR,22092,viaje_sin_salida
MR,22182,viaje_sin_salida
MR,22266,viaje_sin_salida
MR,22359,viaje_sin_salida
MR,22432,viaje_sin_salida
MR,22552,viaje_sin_salida
MR,22732,viaje_sin_salida
MR,22884,viaje_sin_salida
MR,22949,viaje_sin_salida
MR,22981,viaje_sin_salida
MR,23192,viaje_sin_salida
MR,23255,viaje_sin_salida
MR,23392,viaje_sin_salida
MR,23421,viaje_sin_salida
MR,23476,viaje_sin_salida
MR,23481,viaje_sin_salida
MR,23598,viaje_sin_salida
MR,23742,viaje_sin_salida
MR,23787,viaje_sin_salida
MR,23794,viaje_sin_salida
MR,24077,viaje_sin_salida
MR,24133,viaje_sin_salida
MR,24203,viaje_sin_salida
MR,24264,viaje_sin_salida
MR,24302,viaje_sin_salida
MR,24483,viaje_sin_salida
MR,24486,viaje_sin_salida
MR,24524,viaje_sin_salida
MR,24579,viaje_sin_salida
MR,24684,viaje_sin_salida
MR,24724,viaje_sin_salida
MR,24809,viaje_sin_salida
MR,24913,viaje_sin_salida
MR,24980,viaje_sin_salida
MR,25019,viaje_sin_salida
MR,25146,viaje_sin_salida
MR,25196,viaje_sin_salida
MR,25261,viaje_sin_salida
MR,25299,viaje_sin_salida
MR,25400,viaje_sin_salida
MR,25494,viaje_sin_salida
MR,25506,viaje_sin_salida
MR,25626,viaje_sin_salida
MR,25653,viaje_sin_salida
MR,25715,viaje_sin_salida
MR,25979,viaje_sin_salida
MR,25994,viaje_sin_salida
MR,26005,viaje_sin_salida
MR,26102,viaje_sin_salida
MR,26160,viaje_sin_salida
MR,26169,viaje_sin_salida
MR,26198,viaje_sin_salida
MR,26203,viaje_sin_salida
MR,26303,viaje_sin_salida
MR,26337,viaje_sin_salida
MR,26373,viaje_sin_salida
MR,26593,viaje_sin_salida
MR,26599,viaje_sin_salida
MR,26668,viaje_sin_salida
MR,26724,viaje_sin_salida
MR,26991,viaje_sin_salida
MR,27023,viaje_sin_salida
MR,27072,viaje_sin_salida
MR,27126,viaje_sin_salida
MR,27215,viaje_sin_salida
MR,27281,viaje_sin_salida
MR,27285,viaje_sin_salida
MR,27351,viaje_sin_salida
MR,27402,viaje_sin_salida
MR,27495,viaje_sin_salida
MR,27594,viaje_sin_salida
MR,27637,viaje_sin_salida
MR,27656,viaje_sin_salida
MR,27827,viaje_sin_salida
MR,27835,viaje_sin_salida
MR,27870,viaje_sin_salida
MR,27979,viaje_sin_salida
MR,28125,viaje_sin_salida
MR,28142,viaje_sin_salida
MR,28156,viaje_sin_salida
MR,28197,viaje_sin_salida
MR,28278,viaje_sin_salida
MR,28337,viaje_sin_salida
MR,28493,viaje_sin_salida
MR,28582,viaje_sin_salida
MR,28622,viaje_sin_salida
MR,28685,viaje_sin_salida
MR,28701,viaje_sin_salida
MR,28726,viaje_sin_salida
MR,28753,viaje_sin_salida
MR,28922,viaje_sin_salida
MR,29051,viaje_sin_salida
MR,29138,viaje_sin_salida
MR,29164,viaje_sin_salida
MR,29185,viaje_sin_salida
MR,29416,viaje_sin_salida
MR,29462,viaje_sin_salida
MR,29502,viaje_sin_salida
MR,29529,viaje_sin_salida
MR,29621,viaje_sin_salida
MR,29674,viaje_sin_salida
MR,29748,viaje_sin_salida
MR,29813,viaje_sin_salida
MR,29892,viaje_sin_salida
MR,29922,viaje_sin_salida
MR,29937,viaje_sin_salida
MR,29954,viaje_sin_salida
MR,30004,viaje_sin_salida
MR,30081,viaje_sin_salida
MR,30087,viaje_sin_salida
MR,30100,viaje_sin_salida
MR,30129,viaje_sin_salida
MR,30139,viaje_sin_salida
MR,30155,viaje_sin_salida
MR,30253,viaje_sin_salida
MR,30283,viaje_sin_salida
MR,30341,viaje_sin_salida
MR,30420,viaje_sin_salida
MR,30443,viaje_sin_salida
MR,30518,viaje_sin_salida
MR,30631,viaje_sin_salida
MR,30634,viaje_sin_salida
MR,30669,viaje_sin_salida
MR,30792,viaje_sin_salida
MR,31146,viaje_sin_salida
MR,31181,viaje_sin_salida
MR,31195,viaje_sin_salida
MR,31303,viaje_sin_salida
MR,31438,viaje_sin_salida
MR,31754,viaje_sin_salida
MR,31765,viaje_sin_salida
MR,31821,viaje_sin_salida
MR,31853,viaje_sin_salida
MR,31921,viaje_sin_salida
MR,31988,viaje_sin_salida
MR,32179,viaje_sin_salida
MR,32359,viaje_sin_salida
MR,32401,viaje_sin_salida
MR,32495,viaje_sin_salida
MR,32614,viaje_sin_salida
MR,32691,viaje_sin_salida
MR,32699,viaje_sin_salida
MR,32748,viaje_sin_salida
MR,32783,viaje_sin_salida
MR,32998,viaje_sin_salida
MR,33101,viaje_sin_salida
MR,33118,viaje_sin_salida
MR,33124,viaje_sin_salida
MR,33238,viaje_sin_salida
MR,33252,viaje_sin_salida
MR,33430,viaje_sin_salida
MR,33458,viaje_sin_salida
MR,33473,viaje_sin_salida
MR,33551,viaje_sin_salida
MR,33650,viaje_sin_salida
MR,33798,viaje_sin_salida
MR,33852,viaje_sin_salida
MR,34143,viaje_sin_salida
MR,34229,viaje_sin_salida
MR,34264,viaje_sin_salida
MR,34274,viaje_sin_salida
MR,34296,viaje_sin_salida
MR,34408,viaje_sin_salida
MR,34470,viaje_sin_salida
MR,34485,viaje_sin_salida
MR,34649,viaje_sin_salida
MR,34845,viaje_sin_salida
MR,34873,viaje_sin_salida
MR,34902,viaje_sin_salida
MR,34931,viaje_sin_salida
MR,34977,viaje_sin_salida
MR,35334,viaje_sin_salida
MR,35443,viaje_sin_salida
MR,35635,viaje_sin_salida
MR,35903,viaje_sin_salida
MR,35970,viaje_sin_salida
MR,36067,viaje_sin_salida
MR,36169,viaje_sin_salida
MR,36198,viaje_sin_salida
MR,36280,viaje_sin_salida
MR,36284,viaje_sin_salida
MR,36341,viaje_sin_salida
MR,36466,viaje_sin_salida
MR,36566,viaje_sin_salida
MR,36572,viaje_sin_salida
MR,36578,viaje_sin_salida
MR,36592,viaje_sin_salida
MR,36625,viaje_sin_salida
MR,36655,viaje_sin_salida
MR,36892,viaje_sin_salida
MR,37014,viaje_sin_salida
MR,37073,viaje_sin_salida
MR,37085,viaje_sin_salida
MR,37143,viaje_sin_salida
MR,37204,viaje_sin_salida
MR,37357,viaje_sin_salida
MR,37416,viaje_sin_salida
MR,37470,viaje_sin_salida
MR,37519,viaje_sin_salida
MR,37638,viaje_sin_salida
MR,37686,viaje_sin_salida
MR,37693,viaje_sin_salida
MR,37739,viaje_sin_salida
MR,37746,viaje_sin_salida
MR,37874,viaje_sin_salida
MR,37921,viaje_sin_salida
MR,37998,viaje_sin_salida
MR,38066,viaje_sin_salida
MR,38244,viaje_sin_salida
MR,38365,viaje_sin_salida
MR,38500,viaje_sin_salida
MR,38698,viaje_sin_salida
MR,38713,viaje_sin_salida
MR,38726,viaje_sin_salida
MR,38825,viaje_sin_salida
MR,38855,viaje_sin_salida
MR,38898,viaje_sin_salida
MR,38935,viaje_sin_salida
MR,38997,viaje_sin_salida
MR,39049,viaje_sin_salida
MR,39226,viaje_sin_salida
MR,39360,viaje_sin_salida
MR,39456,viaje_sin_salida
MR,39465,viaje_sin_salida
MR,39493,viaje_sin_salida
MR,39782,viaje_sin_salida
MR,39811,viaje_sin_salida
MR,40271,viaje_sin_salida
MR,40329,viaje_sin_salida
MR,40343,viaje_sin_salida
MR,40430,viaje_sin_salida
MR,40464,viaje_sin_salida
MR,40519,viaje_sin_salida
MR,40560,viaje_sin_salida
MR,40582,viaje_sin_salida
MR,40599,viaje_sin_salida
MR,40619,viaje_sin_salida
MR,40819,viaje_sin_salida
MR,40828,viaje_sin_salida
MR,40877,viaje_sin_salida
MR,40887,viaje_sin_salida
MR,41183,viaje_sin_salida
MR,41223,viaje_sin_salida
MR,41445,viaje_sin_salida
MR,41565,viaje_sin_salida
MR,41621,viaje_sin_salida
MR,41899,viaje_sin_salida
MR,42091,viaje_sin_salida
MR,42219,viaje_sin_salida
MR,42329,viaje_sin_salida
MR,42353,viaje_sin_salida
MR,42380,viaje_sin_salida
MR,42527,viaje_sin_salida
MR,42534,viaje_sin_salida
MR,42590,viaje_sin_salida
MR,42754,viaje_sin_salida
MR,42776,viaje_sin_salida
MR,42809,viaje_sin_salida
MR,42840,viaje_sin_salida
MR,42906,viaje_sin_salida
MR,42947,viaje_sin_salida
MR,43172,viaje_sin_salida
MR,43276,viaje_sin_salida
MR,43376,viaje_sin_salida
MR,43416,viaje_sin_salida
MR,43428,viaje_sin_salida
MR,43502,viaje_sin_salida
MR,43572,viaje_sin_salida
MR,43624,viaje_sin_salida
MR,43659,viaje_sin_salida
MR,43720,viaje_sin_salida
MR,43851,viaje_sin_salida
MR,44127,viaje_sin_salida
MR,44214,viaje_sin_salida
MR,44313,viaje_sin_salida
MR,44367,viaje_sin_salida
MR,44523,viaje_sin_salida
MR,44538,viaje_sin_salida
MR,44562,viaje_sin_salida
MR,44627,viaje_sin_salida
MR,44631,viaje_sin_salida
MR,44658,viaje_sin_salida
MR,44947,viaje_sin_salida
MR,45107,viaje_sin_salida
MR,45133,viaje_sin_salida
MR,45165,viaje_sin_salida
MR,45214,viaje_sin_salida
MR,45306,viaje_sin_salida
MR,45322,viaje_sin_salida
MR,45395,viaje_sin_salida
MR,45459,viaje_sin_salida
MR,45579,viaje_sin_salida
MR,45800,viaje_sin_salida
MR,45825,viaje_sin_salida
MR,45990,viaje_sin_salida
MR,46078,viaje_sin_salida
MR,46099,viaje_sin_salida
MR,46162,viaje_sin_salida
MR,46190,viaje_sin_salida
MR,46363,viaje_sin_salida
MR,46381,viaje_sin_salida
MR,46483,viaje_sin_salida
MR,46610,viaje_sin_salida
MR,46660,viaje_sin_salida
MR,46774,viaje_sin_salida
MR,46874,viaje_sin_salida
MR,46915,viaje_sin_salida
MR,47192,viaje_sin_salida
MR,47391,viaje_sin_salida
MR,47459,viaje_sin_salida
MR,47526,viaje_sin_salida
MR,47551,viaje_sin_salida
MR,47556,viaje_sin_salida
MR,47577,viaje_sin_salida
MR,47604,viaje_sin_salida
MR,47813,viaje_sin_salida
MR,47867,viaje_sin_salida
MR,47879,viaje_sin_salida
MR,47915,viaje_sin_salida
MR,48035,viaje_sin_salida
MR,48229,viaje_sin_salida
MR,48233,viaje_sin_salida
MR,48274,viaje_sin_salida
MR,48284,viaje_sin_salida
MR,48403,viaje_sin_salida
MR,48492,viaje_sin_salida
MR,48502,viaje_sin_salida
MR,48578,viaje_sin_salida
MR,48708,viaje_sin_salida
MR,48747,viaje_sin_salida
MR,48769,viaje_sin_salida
MR,48829,viaje_sin_salida
MR,48951,viaje_sin_salida
MR,48977,viaje_sin_salida
MR,49023,viaje_sin_salida
MR,49169,viaje_sin_salida
MR,49215,viaje_sin_salida
MR,49218,viaje_sin_salida
MR,49254,viaje_sin_salida
MR,49393,viaje_sin_salida
MR,49589,viaje_sin_salida
MR,49775,viaje_sin_salida
MR,49810,viaje_sin_salida
MR,49814,viaje_sin_salida
MR,49822,viaje_sin_salida
MR,49900,viaje_sin_salida
MR,49966,viaje_sin_salida
MR,50051,viaje_sin_salida
MR,50082,viaje_sin_salida
MR,50094,viaje_sin_salida
MR,50651,viaje_sin_salida
MR,50811,viaje_sin_salida
MR,50834,viaje_sin_salida
MR,50946,viaje_sin_salida
MR,51139,viaje_sin_salida
MR,51187,viaje_sin_salida
MR,51314,viaje_sin_salida
MR,51364,viaje_sin_salida
MR,51533,viaje_sin_salida
MR,51719,viaje_sin_salida
MR,51805,viaje_sin_salida
MR,51844,viaje_sin_salida
MR,51901,viaje_sin_salida
MR,51903,viaje_sin_salida
MR,51909,viaje_sin_salida
MR,51964,viaje_sin_salida
MR,51992,viaje_sin_salida
MR,52121,viaje_sin_salida
MR,52212,viaje_sin_salida
MR,52290,viaje_sin_salida
MR,52391,viaje_sin_salida
MR,52420,viaje_sin_salida
MR,52435,viaje_sin_salida
MR,52577,viaje_sin_salida
MR,52599,viaje_sin_salida
MR,52665,viaje_sin_salida
MR,52796,viaje_sin_salida
MR,52849,viaje_sin_salida
MR,52884,viaje_sin_salida
MR,52901,viaje_sin_salida
MR,52944,viaje_sin_salida
MR,52994,viaje_sin_salida
MR,53092,viaje_sin_salida
MR,53114,viaje_sin_salida
MR,53134,viaje_sin_salida
MR,53203,viaje_sin_salida
MR,53279,viaje_sin_salida
MR,53344,viaje_sin_salida
MR,53453,viaje_sin_salida
MR,53468,viaje_sin_salida
MR,53510,viaje_sin_salida
MR,53529,viaje_sin_salida
MR,53623,viaje_sin_salida
MR,53655,viaje_sin_salida
MR,53728,viaje_sin_salida
MR,53940,viaje_sin_salida
MR,54013,viaje_sin_salida
MR,54113,viaje_sin_salida
MR,54300,viaje_sin_salida
MR,54388,viaje_sin_salida
MR,54518,viaje_sin_salida
MR,54528,viaje_sin_salida
MR,54573,viaje_sin_salida
MR,54595,viaje_sin_salida
MR,54723,viaje_sin_salida
MR,54938,viaje_sin_salida
MR,54974,viaje_sin_salida
MR,55076,viaje_sin_salida
MR,55098,viaje_sin_salida
MR,55126,viaje_sin_salida
MR,55173,viaje_sin_salida
MR,55340,viaje_sin_salida
MR,55341,viaje_sin_salida
MR,55490,viaje_sin_salida
MR,55525,viaje_sin_salida
MR,55543,viaje_sin_salida
MR,55746,viaje_sin_salida
MR,55810,viaje_sin_salida
MR,55904,viaje_sin_salida
MR,55950,viaje_sin_salida
MR,56080,viaje_sin_salida
MR,56237,viaje_sin_salida
MR,56339,viaje_sin_salida
MR,56756,viaje_sin_salida
MR,56850,viaje_sin_salida
MR,56961,viaje_sin_salida
MR,56983,viaje_sin_salida
MR,57275,viaje_sin_salida
MR,57317,viaje_sin_salida
MR,57319,viaje_sin_salida
MR,57348,viaje_sin_salida
MR,57430,viaje_sin_salida
MR,57500,viaje_sin_salida
MR,57506,viaje_sin_salida
MR,57538,viaje_sin_salida
MR,57814,viaje_sin_salida
MR,58050,viaje_sin_salida
MR,58089,viaje_sin_salida
MR,58121,viaje_sin_salida
MR,58211,viaje_sin_salida
MR,58440,viaje_sin_salida
MR,58574,viaje_sin_salida
MR,59054,viaje_sin_salida
MR,59098,viaje_sin_salida
MR,59139,viaje_sin_salida
MR,59163,viaje_sin_salida
MR,59203,viaje_sin_salida
MR,59219,viaje_sin_salida
MR,59339,viaje_sin_salida
MR,59668,viaje_sin_salida
MR,59738,viaje_sin_salida
MR,59753,viaje_sin_salida
MR,59937,viaje_sin_salida
MR,59997,viaje_sin_salida
MR,60139,viaje_sin_salida
MR,60166,viaje_sin_salida
MR,60264,viaje_sin_salida
MR,60342,viaje_sin_salida
MR,60570,viaje_sin_salida
MR,60577,viaje_sin_salida
MR,60931,viaje_sin_salida
MR,61144,viaje_sin_salida
MR,61421,viaje_sin_salida
MR,61487,viaje_sin_salida
MR,61636,viaje_sin_salida
MR,61864,viaje_sin_salida
MR,61913,viaje_sin_salida
MR,61990,viaje_sin_salida
MR,62273,viaje_sin_salida
MR,62418,viaje_sin_salida
MR,62542,viaje_sin_salida
MR,62579,viaje_sin_salida
MR,62732,viaje_sin_salida
MR,62791,viaje_sin_salida
MR,62874,viaje_sin_salida
MR,62880,viaje_sin_salida
MR,62887,viaje_sin_salida
MR,62976,viaje_sin_salida
MR,63022,viaje_sin_salida
MR,63193,viaje_sin_salida
MR,63312,viaje_sin_salida
MR,63409,viaje_sin_salida
MR,63630,viaje_sin_salida
MR,63735,viaje_sin_salida
MR,64040,viaje_sin_salida
MR,64097,viaje_sin_salida
MR,64223,viaje_sin_salida
MR,64239,viaje_sin_salida
MR,64283,viaje_sin_salida
MR,64540,viaje_sin_salida
MR,64705,viaje_sin_salida
MR,64727,viaje_sin_salida
MR,64756,viaje_sin_salida
MR,64778,viaje_sin_salida
MR,64816,viaje_sin_salida
MR,65040,viaje_sin_salida
MR,65042,viaje_sin_salida
MR,65052,viaje_sin_salida
MR,65097,viaje_sin_salida
MR,65133,viaje_sin_salida
MR,65215,viaje_sin_salida
MR,65219,viaje_sin_salida
MR,65337,viaje_sin_salida
MR,65413,viaje_sin_salida
MR,65474,viaje_sin_salida
MR,65557,viaje_sin_salida
MR,65815,viaje_sin_salida
MR,65833,viaje_sin_salida
MR,65884,viaje_sin_salida
MR,65903,viaje_sin_salida
MR,65917,viaje_sin_salida
MR,66107,viaje_sin_salida
MR,66111,viaje_sin_salida
MR,66172,viaje_sin_salida
MR,66239,viaje_sin_salida
MR,66294,viaje_sin_salida
MR,66430,viaje_sin_salida
MR,66463,viaje_sin_salida
MR,66479,viaje_sin_salida
MR,66547,viaje_sin_salida
MR,66691,viaje_sin_salida
MR,66758,viaje_sin_salida
MR,66821,viaje_sin_salida
MR,66952,viaje_sin_salida
MR,67089,viaje_sin_salida
MR,67165,viaje_sin_salida
MR,67233,viaje_sin_salida
MR,67712,viaje_sin_salida
MR,67774,viaje_sin_salida
MR,67893,viaje_sin_salida
MR,68015,viaje_sin_salida
MR,68035,viaje_sin_salida
MR,68088,viaje_sin_salida
MR,68097,viaje_sin_salida
MR,68101,viaje_sin_salida
MR,68123,viaje_sin_salida
MR,68191,viaje_sin_salida
MR,68321,viaje_sin_salida
MR,68359,viaje_sin_salida
MR,68554,viaje_sin_salida
MR,68557,viaje_sin_salida
MR,68592,viaje_sin_salida
MR,68665,viaje_sin_salida
MR,68779,viaje_sin_salida
MR,69041,viaje_sin_salida
MR,69058,viaje_sin_salida
MR,69184,viaje_sin_salida
MR,69354,viaje_sin_salida
MR,69381,viaje_sin_salida
MR,69425,viaje_sin_salida
MR,69502,viaje_sin_salida
MR,69559,viaje_sin_salida
MR,69580,viaje_sin_salida
MR,69664,viaje_sin_salida
MR,69682,viaje_sin_salida
MR,69798,viaje_sin_salida
MR,69813,viaje_sin_salida
MR,70202,viaje_sin_salida
MR,70222,viaje_sin_salida
MR,70270,viaje_sin_salida
MR,70272,viaje_sin_salida
MR,70425,viaje_sin_salida
MR,70475,viaje_sin_salida
MR,70519,viaje_sin_salida
MR,70532,viaje_sin_salida
MR,70540,viaje_sin_salida
MR,70665,viaje_sin_salida
MR,70680,viaje_sin_salida
MR,70690,viaje_sin_salida
MR,70758,viaje_sin_salida
MR,70799,viaje_sin_salida
MR,70998,viaje_sin_salida
MR,71009,viaje_sin_salida
MR,71019,viaje_sin_salida
MR,71051,viaje_sin_salida
MR,71103,viaje_sin_salida
MR,71104,viaje_sin_salida
MR,71192,viaje_sin_salida
MR,71328,viaje_sin_salida
MR,71367,viaje_sin_salida
MR,71424,viaje_sin_salida
MR,71444,viaje_sin_salida
MR,71467,viaje_sin_salida
MR,71482,viaje_sin_salida
MR,71493,viaje_sin_salida
MR,71508,viaje_sin_salida
MR,71831,viaje_sin_salida
MR,71989,viaje_sin_salida
MR,72162,viaje_sin_salida
MR,72263,viaje_sin_salida
MR,72403,viaje_sin_salida
MR,72579,viaje_sin_salida
MR,72677,viaje_sin_salida
MR,72732,viaje_sin_salida
MR,72824,viaje_sin_salida
MR,72922,viaje_sin_salida
MR,72943,viaje_sin_salida
MR,72993,viaje_sin_salida
MR,73002,viaje_sin_salida
MR,73007,viaje_sin_salida
MR,73023,viaje_sin_salida
MR,73049,viaje_sin_salida
MR,73053,viaje_sin_salida
MR,73078,viaje_sin_salida
MR,73176,viaje_sin_salida
MR,73460,viaje_sin_salida
MR,73696,viaje_sin_salida
MR,73820,viaje_sin_salida
MR,73831,viaje_sin_salida
MR,73836,viaje_sin_salida
MR,73944,viaje_sin_salida
MR,73993,viaje_sin_salida
MR,74034,viaje_sin_salida
MR,74114,viaje_sin_salida
MR,74248,viaje_sin_salida
MR,74531,viaje_sin_salida
MR,74788,viaje_sin_salida
MR,74836,viaje_sin_salida
MR,75277,viaje_sin_salida
MR,75288,viaje_sin_salida
MR,75346,viaje_sin_salida
MR,75617,viaje_sin_salida
MR,75657,viaje_sin_salida
MR,75676,viaje_sin_salida
MR,75733,viaje_sin_salida
MR,75761,viaje_sin_salida
MR,75819,viaje_sin_salida
MR,75834,viaje_sin_salida
MR,75835,viaje_sin_salida
MR,75859,viaje_sin_salida
MR,75951,viaje_sin_salida
MR,75986,viaje_sin_salida
MR,76005,viaje_sin_salida
MR,76098,viaje_sin_salida
MR,76153,viaje_sin_salida
MR,76213,viaje_sin_salida
MR,76219,viaje_sin_salida
MR,76224,viaje_sin_salida
MR,76428,viaje_sin_salida
MR,76437,viaje_sin_salida
MR,76441,viaje_sin_salida
MR,76540,viaje_sin_salida
MR,76555,viaje_sin_salida
MR,76581,viaje_sin_salida
MR,76645,viaje_sin_salida
MR,76647,viaje_sin_salida
MR,76771,viaje_sin_salida
MR,76795,viaje_sin_salida
MR,76846,viaje_sin_salida
MR,76853,viaje_sin_salida
MR,76881,viaje_sin_salida
MR,77016,viaje_sin_salida
MR,77039,viaje_sin_salida
MR,77045,viaje_sin_salida
MR,77061,viaje_sin_salida
MR,77199,viaje_sin_salida
MR,77246,viaje_sin_salida
MR,77275,viaje_sin_salida
MR,77283,viaje_sin_salida
MR,77309,viaje_sin_salida
MR,77387,viaje_sin_salida
MR,77420,viaje_sin_salida
MR,77607,viaje_sin_salida
MR,77661,viaje_sin_salida
MR,77708,viaje_sin_salida
MR,78249,viaje_sin_salida
MR,78261,viaje_sin_salida
MR,78657,viaje_sin_salida
MR,78660,viaje_sin_salida
MR,78817,viaje_sin_salida
MR,78826,viaje_sin_salida
MR,78863,viaje_sin_salida
MR,78902,viaje_sin_salida
MR,78924,viaje_sin_salida
MR,78940,viaje_sin_salida
MR,78974,viaje_sin_salida
MR,79078,viaje_sin_salida
MR,79113,viaje_sin_salida
MR,79160,viaje_sin_salida
MR,79229,viaje_sin_salida
MR,79292,viaje_sin_salida
MR,79363,viaje_sin_salida
MR,79516,viaje_sin_salida
MR,79617,viaje_sin_salida
MR,79724,viaje_sin_salida
MR,79730,viaje_sin_salida
MR,79735,viaje_sin_salida
MR,79814,viaje_sin_salida
MR,79852,viaje_sin_salida
MR,79901,viaje_sin_salida
MR,79967,viaje_sin_salida
MR,79968,viaje_sin_salida
MR,79974,viaje_sin_salida
MR,80091,viaje_sin_salida
MR,80138,viaje_sin_salida
MR,80401,viaje_sin_salida
MR,80417,viaje_sin_salida
MR,80445,viaje_sin_salida
MR,80453,viaje_sin_salida
MR,80613,viaje_sin_salida
MR,80624,viaje_sin_salida
MR,80688,viaje_sin_salida
MR,80726,viaje_sin_salida
MR,81034,viaje_sin_salida
MR,81103,viaje_sin_salida
MR,81197,viaje_sin_salida
MR,81277,viaje_sin_salida
MR,81324,viaje_sin_salida
MR,81460,viaje_sin_salida
MR,81475,viaje_sin_salida
MR,81562,viaje_sin_salida
MR,81589,viaje_sin_salida
MR,81614,viaje_sin_salida
MR,81627,viaje_sin_salida
MR,81628,viaje_sin_salida
MR,81767,viaje_sin_salida
MR,81923,viaje_sin_salida
MR,81963,viaje_sin_salida
MR,81992,viaje_sin_salida
MR,82015,viaje_sin_salida
MR,82161,viaje_sin_salida
MR,82228,viaje_sin_salida
MR,82308,viaje_sin_salida
MR,82335,viaje_sin_salida
MR,82365,viaje_sin_salida
MR,82414,viaje_sin_salida
MR,82415,viaje_sin_salida
MR,82419,viaje_sin_salida
MR,82491,viaje_sin_salida
MR,82611,viaje_sin_salida
MR,82729,viaje_sin_salida
MR,82964,viaje_sin_salida
MR,83159,viaje_sin_salida
MR,83168,viaje_sin_salida
MR,83211,viaje_sin_salida
MR,83242,viaje_sin_salida
MR,83260,viaje_sin_salida
MR,83502,viaje_sin_salida
MR,83511,viaje_sin_salida
MR,83593,viaje_sin_salida
MR,83620,viaje_sin_salida
MR,83645,viaje_sin_salida
MR,83755,viaje_sin_salida
MR,83810,viaje_sin_salida
MR,84099,viaje_sin_salida
MR,84131,viaje_sin_salida
MR,84187,viaje_sin_salida
MR,84206,viaje_sin_salida
MR,84238,viaje_sin_salida
MR,84259,viaje_sin_salida
MR,84307,viaje_sin_salida
MR,84344,viaje_sin_salida
MR,84376,viaje_sin_salida
MR,84400,viaje_sin_salida
MR,84542,viaje_sin_salida
MR,84649,viaje_sin_salida
MR,84728,viaje_sin_salida
MR,84753,viaje_sin_salida
MR,84787,viaje_sin_salida
MR,84958,viaje_sin_salida
MR,85016,viaje_sin_salida
MR,85072,viaje_sin_salida
MR,85099,viaje_sin_salida
MR,85178,viaje_sin_salida
MR,85222,viaje_sin_salida
MR,85317,viaje_sin_salida
MR,85595,viaje_sin_salida
MR,85646,viaje_sin_salida
MR,85726,viaje_sin_salida
MR,85769,viaje_sin_salida
MR,85777,viaje_sin_salida
MR,85978,viaje_sin_salida
MR,86009,viaje_sin_salida
MR,86011,viaje_sin_salida
MR,86022,viaje_sin_salida
MR,86034,viaje_sin_salida
MR,86128,viaje_sin_salida
MR,86156,viaje_sin_salida
MR,86405,viaje_sin_salida
MR,86459,viaje_sin_salida
MR,86531,viaje_sin_salida
MR,86545,viaje_sin_salida
MR,86758,viaje_sin_salida
MR,86772,viaje_sin_salida
MR,86806,viaje_sin_salida
MR,86839,viaje_sin_salida
MR,86963,viaje_sin_salida
MR,86997,viaje_sin_salida
MR,87000,viaje_sin_salida
MR,87070,viaje_sin_salida
MR,87312,viaje_sin_salida
MR,87314,viaje_sin_salida
MR,87548,viaje_sin_salida
MR,87895,viaje_sin_salida
MR,87960,viaje_sin_salida
MR,88139,viaje_sin_salida
MR,88213,viaje_sin_salida
MR,88309,viaje_sin_salida
MR,88422,viaje_sin_salida
MR,88542,viaje_sin_salida
MR,88913,viaje_sin_salida
MR,89145,viaje_sin_salida
MR,89216,viaje_sin_salida
MR,89298,viaje_sin_salida
MR,89643,viaje_sin_salida
MR,89921,viaje_sin_salida
MR,89947,viaje_sin_salida
MR,89955,viaje_sin_salida
MR,89957,viaje_sin_salida
MR,89976,viaje_sin_salida
MR,90070,viaje_sin_salida
MR,90089,viaje_sin_salida
MR,90193,viaje_sin_salida
MR,90198,viaje_sin_salida
MR,90204,viaje_sin_salida
MR,90245,viaje_sin_salida
MR,90345,viaje_sin_salida
MR,90348,viaje_sin_salida
MR,90402,viaje_sin_salida
MR,90821,viaje_sin_salida
MR,90889,viaje_sin_salida
MR,90900,viaje_sin_salida
MR,91086,viaje_sin_salida
MR,91091,viaje_sin_salida
MR,91136,viaje_sin_salida
MR,91273,viaje_sin_salida
MR,91284,viaje_sin_salida
MR,91355,viaje_sin_salida
MR,91425,viaje_sin_salida
MR,91430,viaje_sin_salida
MR,91448,viaje_sin_salida
MR,91473,viaje_sin_salida
MR,91604,viaje_sin_salida
MR,91613,viaje_sin_salida
MR,91860,viaje_sin_salida
MR,91873,viaje_sin_salida
MR,91957,viaje_sin_salida
MR,92130,viaje_sin_salida
MR,92290,viaje_sin_salida
MR,92458,viaje_sin_salida
MR,92631,viaje_sin_salida
MR,92667,viaje_sin_salida
MR,92731,viaje_sin_salida
MR,92915,viaje_sin_salida
MR,92960,viaje_sin_salida
MR,93011,viaje_sin_salida
MR,93021,viaje_sin_salida
MR,93258,viaje_sin_salida
MR,93377,viaje_sin_salida
MR,93432,viaje_sin_salida
MR,93460,viaje_sin_salida
MR,93604,viaje_sin_salida
MR,93607,viaje_sin_salida
MR,93650,viaje_sin_salida
MR,93671,viaje_sin_salida
MR,93777,viaje_sin_salida
MR,93793,viaje_sin_salida
MR,93884,viaje_sin_salida
MR,93904,viaje_sin_salida
MR,93921,viaje_sin_salida
MR,93964,viaje_sin_salida
MR,93969,viaje_sin_salida
MR,93995,viaje_sin_salida
MR,94007,viaje_sin_salida
MR,94015,viaje_sin_salida
MR,94097,viaje_sin_salida
MR,94333,viaje_sin_salida
MR,94347,viaje_sin_salida
MR,94374,viaje_sin_salida
MR,94403,viaje_sin_salida
MR,94434,viaje_sin_salida
MR,94448,viaje_sin_salida
MR,94504,viaje_sin_salida
MR,94558,viaje_sin_salida
MR,94564,viaje_sin_salida
MR,94569,viaje_sin_salida
MR,94677,viaje_sin_salida
MR,94721,viaje_sin_salida
MR,94730,viaje_sin_salida
MR,94732,viaje_sin_salida
MR,94753,viaje_sin_salida
MR,95187,viaje_sin_salida
MR,95333,viaje_sin_salida
MR,95341,viaje_sin_salida
MR,95584,viaje_sin_salida
MR,95837,viaje_sin_salida
MR,95944,viaje_sin_salida
MR,96040,viaje_sin_salida
MR,96094,viaje_sin_salida
MR,96367,viaje_sin_salida
MR,96461,viaje_sin_salida
MR,96567,viaje_sin_salida
MR,96666,viaje_sin_salida
MR,96672,viaje_sin_salida
MR,96690,viaje_sin_salida
MR,96812,viaje_sin_salida
MR,96871,viaje_sin_salida
MR,96897,viaje_sin_salida
MR,96992,viaje_sin_salida
MR,97056,viaje_sin_salida
MR,97344,viaje_sin_salida
MR,97384,viaje_sin_salida
MR,97442,viaje_sin_salida
MR,97474,viaje_sin_salida
MR,97884,viaje_sin_salida
MR,97903,viaje_sin_salida
MR,97999,viaje_sin_salida
MR,98080,viaje_sin_salida
MR,98110,viaje_sin_salida
MR,98206,viaje_sin_salida
MR,98242,viaje_sin_salida
MR,98248,viaje_sin_salida
MR,98289,viaje_sin_salida
MR,98381,viaje_sin_salida
MR,98383,viaje_sin_salida
MR,98412,viaje_sin_salida
MR,98614,viaje_sin_salida
MR,98631,viaje_sin_salida
MR,98638,viaje_sin_salida
MR,98803,viaje_sin_salida
MR,98829,viaje_sin_salida
MR,98843,viaje_sin_salida
MR,98900,viaje_sin_salida
MR,98908,viaje_sin_salida
MR,98927,viaje_sin_salida
MR,98966,viaje_sin_salida
MR,99025,viaje_sin_salida
MR,99027,viaje_sin_salida
MR,99091,viaje_sin_salida
MR,99130,viaje_sin_salida
MR,99237,viaje_sin_salida
MR,99283,viaje_sin_salida
MR,99302,viaje_sin_salida
MR,99324,viaje_sin_salida
MR,99328,viaje_sin_salida
MR,99367,viaje_sin_salida
MR,99473,viaje_sin_salida
MR,99485,viaje_sin_salida
MR,99672,viaje_sin_salida
MR,99735,viaje_sin_salida
MR,99761,viaje_sin_salida
MR,99813,viaje_sin_salida
MR,99901,viaje_sin_salida
MR,99985,viaje_sin_salida
MR,100046,viaje_sin_salida
MR,100073,viaje_sin_salida
MR,100176,viaje_sin_salida
MR,100200,viaje_sin_salida
MR,100280,viaje_sin_salida
MR,100298,viaje_sin_salida
MR,100358,viaje_sin_salida
MR,100475,viaje_sin_salida
MR,100568,viaje_sin_salida
MR,100620,viaje_sin_salida
MR,100651,viaje_sin_salida
MR,100661,viaje_sin_salida
MR,100664,viaje_sin_salida
MR,100728,viaje_sin_salida
MR,100755,viaje_sin_salida
MR,100829,viaje_sin_salida
MR,100932,viaje_sin_salida
MR,101067,viaje_sin_salida
MR,101313,viaje_sin_salida
MR,101342,viaje_sin_salida
MR,101347,viaje_sin_salida
MR,101670,viaje_sin_salida
MR,101751,viaje_sin_salida
MR,101753,viaje_sin_salida
MR,101761,viaje_sin_salida
MR,101781,viaje_sin_salida
MR,101794,viaje_sin_salida
MR,102142,viaje_sin_salida
MR,102179,viaje_sin_salida
MR,102180,viaje_sin_salida
MR,102246,viaje_sin_salida
MR,102382,viaje_sin_salida
MR,102438,viaje_sin_salida
MR,102482,viaje_sin_salida
MR,102557,viaje_sin_salida
MR,102692,viaje_sin_salida
MR,102745,viaje_sin_salida
MR,102939,viaje_sin_salida
MR,102972,viaje_sin_salida
MR,103025,viaje_sin_salida
MR,103066,viaje_sin_salida
MR,103089,viaje_sin_salida
MR,103176,viaje_sin_salida
MR,103380,viaje_sin_salida
MR,103516,viaje_sin_salida
MR,103532,viaje_sin_salida
MR,103696,viaje_sin_salida
MR,103697,viaje_sin_salida
MR,103716,viaje_sin_salida
MR,103781,viaje_sin_salida
MR,103882,viaje_sin_salida
MR,103891,viaje_sin_salida
MR,104013,viaje_sin_salida
MR,104168,viaje_sin_salida
MR,104223,viaje_sin_salida
MR,104285,viaje_sin_salida
MR,104345,viaje_sin_salida
MR,104433,viaje_sin_salida
MR,104484,viaje_sin_salida
MR,104504,viaje_sin_salida
MR,104591,viaje_sin_salida
MR,104600,viaje_sin_salida
MR,104630,viaje_sin_salida
MR,104654,viaje_sin_salida
MR,104824,viaje_sin_salida
MR,104905,viaje_sin_salida
MR,105081,viaje_sin_salida
MR,105125,viaje_sin_salida
MR,105213,viaje_sin_salida
MR,105226,viaje_sin_salida
MR,105273,viaje_sin_salida
MR,105340,viaje_sin_salida
MR,105396,viaje_sin_salida
MR,105437,viaje_sin_salida
MR,105473,viaje_sin_salida
MR,105506,viaje_sin_salida
MR,105687,viaje_sin_salida
MR,105694,viaje_sin_salida
MR,105711,viaje_sin_salida
MR,106075,viaje_sin_salida
MR,106272,viaje_sin_salida
MR,106526,viaje_sin_salida
MR,106537,viaje_sin_salida
MR,106712,viaje_sin_salida
MR,106787,viaje_sin_salida
MR,106848,viaje_sin_salida
MR,106919,viaje_sin_salida
MR,106920,viaje_sin_salida
MR,106940,viaje_sin_salida
MR,106979,viaje_sin_salida
MR,107026,viaje_sin_salida
MR,107119,viaje_sin_salida
MR,107291,viaje_sin_salida
MR,107345,viaje_sin_salida
MR,107466,viaje_sin_salida
MR,107532,viaje_sin_salida
MR,107570,viaje_sin_salida
MR,107730,viaje_sin_salida
MR,107802,viaje_sin_salida
MR,107831,viaje_sin_salida
MR,107856,viaje_sin_salida
MR,108302,viaje_sin_salida
MR,108435,viaje_sin_salida
MR,108592,viaje_sin_salida
MR,108694,viaje_sin_salida
MR,108700,viaje_sin_salida
MR,108712,viaje_sin_salida
MR,108746,viaje_sin_salida
MR,108777,viaje_sin_salida
MR,108884,viaje_sin_salida
MR,108888,viaje_sin_salida
MR,108947,viaje_sin_salida
MR,109003,viaje_sin_salida
MR,109051,viaje_sin_salida
MR,109061,viaje_sin_salida
MR,109102,viaje_sin_salida
MR,109132,viaje_sin_salida
MR,109266,viaje_sin_salida
MR,109321,viaje_sin_salida
MR,109360,viaje_sin_salida
MR,109430,viaje_sin_salida
MR,109551,viaje_sin_salida
MR,109759,viaje_sin_salida
MR,109778,viaje_sin_salida
MR,110022,viaje_sin_salida
MR,110025,viaje_sin_salida
MR,110134,viaje_sin_salida
MR,110140,viaje_sin_salida
MR,110209,viaje_sin_salida
MR,110286,viaje_sin_salida
MR,110316,viaje_sin_salida
MR,110425,viaje_sin_salida
MR,110436,viaje_sin_salida
MR,110490,viaje_sin_salida
MR,110544,viaje_sin_salida
MR,110629,viaje_sin_salida
MR,110651,viaje_sin_salida
MR,110680,viaje_sin_salida
MR,110688,viaje_sin_salida
MR,110717,viaje_sin_salida
MR,110771,viaje_sin_salida
MR,110800,viaje_sin_salida
MR,110943,viaje_sin_salida
MR,111046,viaje_sin_salida
MR,111048,viaje_sin_salida
MR,111222,viaje_sin_salida
MR,111390,viaje_sin_salida
MR,111410,viaje_sin_salida
MR,111598,viaje_sin_salida
MR,111633,viaje_sin_salida
MR,111913,viaje_sin_salida
MR,111986,viaje_sin_salida
MR,112001,viaje_sin_salida
MR,112079,viaje_sin_salida
MR,112082,viaje_sin_salida
MR,112202,viaje_sin_salida
MR,112483,viaje_sin_salida
MR,112663,viaje_sin_salida
MR,112878,viaje_sin_salida
MR,113208,viaje_sin_salida
MR,113459,viaje_sin_salida
MR,113469,viaje_sin_salida
MR,113503,viaje_sin_salida
MR,113617,viaje_sin_salida
MR,113729,viaje_sin_salida
MR,113935,viaje_sin_salida
MR,113968,viaje_sin_salida
MR,114016,viaje_sin_salida
MR,114095,viaje_sin_salida
MR,114113,viaje_sin_salida
MR,114164,viaje_sin_salida
MR,114225,viaje_sin_salida
MR,114350,viaje_sin_salida
MR,114664,viaje_sin_salida
MR,114776,viaje_sin_salida
MR,114862,viaje_sin_salida
MR,114882,viaje_sin_salida
MR,114944,viaje_sin_salida
MR,114948,viaje_sin_salida
MR,114994,viaje_sin_salida
MR,115011,viaje_sin_salida
MR,115190,viaje_sin_salida
MR,115221,viaje_sin_salida
MR,115256,viaje_sin_salida
MR,115293,viaje_sin_salida
MR,115311,viaje_sin_salida
MR,115465,viaje_sin_salida
MR,115491,viaje_sin_salida
MR,115518,viaje_sin_salida
MR,115609,viaje_sin_salida
MR,115658,viaje_sin_salida
MR,115809,viaje_sin_salida
MR,115838,viaje_sin_salida
MR,115888,viaje_sin_salida
MR,115909,viaje_sin_salida
MR,115960,viaje_sin_salida
MR,115963,viaje_sin_salida
MR,116139,viaje_sin_salida
MR,116146,viaje_sin_salida
MR,116202,viaje_sin_salida
MR,116264,viaje_sin_salida
MR,116294,viaje_sin_salida
MR,116345,viaje_sin_salida
MR,116347,viaje_sin_salida
MR,116464,viaje_sin_salida
MR,116512,viaje_sin_salida
MR,116548,viaje_sin_salida
MR,116604,viaje_sin_salida
MR,116639,viaje_sin_salida
MR,116679,viaje_sin_salida
MR,116754,viaje_sin_salida
MR,116834,viaje_sin_salida
MR,117062,viaje_sin_salida
MR,117137,viaje_sin_salida
MR,117151,viaje_sin_salida
MR,117309,viaje_sin_salida
MR,117315,viaje_sin_salida
MR,117435,viaje_sin_salida
MR,117519,viaje_sin_salida
MR,117568,viaje_sin_salida
MR,117651,viaje_sin_salida
MR,117827,viaje_sin_salida
MR,118042,viaje_sin_salida
MR,118050,viaje_sin_salida
MR,118057,viaje_sin_salida
MR,118094,viaje_sin_salida
MR,118155,viaje_sin_salida
MR,118309,viaje_sin_salida
MR,118310,viaje_sin_salida
MR,118338,viaje_sin_salida
MR,118448,viaje_sin_salida
MR,118505,viaje_sin_salida
MR,118552,viaje_sin_salida
MR,118628,viaje_sin_salida
MR,118848,viaje_sin_salida
MR,118888,viaje_sin_salida
MR,118901,viaje_sin_salida
MR,118969,viaje_sin_salida
MR,119002,viaje_sin_salida
MR,119072,viaje_sin_salida
MR,119197,viaje_sin_salida
MR,119339,viaje_sin_salida
MR,119352,viaje_sin_salida
MR,119564,viaje_sin_salida
MR,119644,viaje_sin_salida
MR,119695,viaje_sin_salida
MR,119847,viaje_sin_salida
MR,119868,viaje_sin_salida
MR,119942,viaje_sin_salida
MR,119961,viaje_sin_salida
MR,120043,viaje_sin_salida
MR,120091,viaje_sin_salida
MR,120097,viaje_sin_salida
MR,120107,viaje_sin_salida
MR,120225,viaje_sin_salida
MR,120334,viaje_sin_salida
MR,120374,viaje_sin_salida
MR,120429,viaje_sin_salida
MR,120455,viaje_sin_salida
MR,120474,viaje_sin_salida
MR,120609,viaje_sin_salida
MR,120786,viaje_sin_salida
MR,120815,viaje_sin_salida
MR,120825,viaje_sin_salida
MR,120833,viaje_sin_salida
MR,120881,viaje_sin_salida
MR,120901,viaje_sin_salida
MR,120925,viaje_sin_salida
MR,121070,viaje_sin_salida
MR,121111,viaje_sin_salida
MR,121183,viaje_sin_salida
MR,121305,viaje_sin_salida
MR,121323,viaje_sin_salida
MR,121330,viaje_sin_salida
MR,121352,viaje_sin_salida
MR,121430,viaje_sin_salida
MR,121436,viaje_sin_salida
MR,121589,viaje_sin_salida
MR,121634,viaje_sin_salida
MR,121747,viaje_sin_salida
MR,121831,viaje_sin_salida
MR,121862,viaje_sin_salida
MR,121868,viaje_sin_salida
MR,121907,viaje_sin_salida
MR,121935,viaje_sin_salida
MR,121961,viaje_sin_salida
MR,122002,viaje_sin_salida
MR,122046,viaje_sin_salida
MR,122167,viaje_sin_salida
MR,122210,viaje_sin_salida
MR,122216,viaje_sin_salida
MR,122269,viaje_sin_salida
MR,122296,viaje_sin_salida
MR,122436,viaje_sin_salida
MR,122480,viaje_sin_salida
MR,122599,viaje_sin_salida
MR,122674,viaje_sin_salida
MR,122913,viaje_sin_salida
MR,123053,viaje_sin_salida
MR,123075,viaje_sin_salida
MR,123088,viaje_sin_salida
MR,123195,viaje_sin_salida
MR,123303,viaje_sin_salida
MR,123432,viaje_sin_salida
MR,123505,viaje_sin_salida
MR,123508,viaje_sin_salida
MR,123536,viaje_sin_salida
MR,123650,viaje_sin_salida
MR,123711,viaje_sin_salida
MR,123728,viaje_sin_salida
MR,123786,viaje_sin_salida
MR,123822,viaje_sin_salida
MR,123840,viaje_sin_salida
MR,123898,viaje_sin_salida
MR,123919,viaje_sin_salida
MR,124038,viaje_sin_salida
MR,124270,viaje_sin_salida
MR,124408,viaje_sin_salida
MR,124459,viaje_sin_salida
MR,124502,viaje_sin_salida
MR,124670,viaje_sin_salida
MR,124728,viaje_sin_salida
MR,124780,viaje_sin_salida
MR,124806,viaje_sin_salida
MR,124985,viaje_sin_salida
MR,125102,viaje_sin_salida
MR,125126,viaje_sin_salida
MR,125266,viaje_sin_salida
MR,125294,viaje_sin_salida
MR,125304,viaje_sin_salida
MR,125588,viaje_sin_salida
MR,125599,viaje_sin_salida
MR,125604,viaje_sin_salida
MR,125664,viaje_sin_salida
MR,125904,viaje_sin_salida
MR,125946,viaje_sin_salida
MR,126025,viaje_sin_salida
MR,126106,viaje_sin_salida
MR,126320,viaje_sin_salida
MR,126429,viaje_sin_salida
MR,126513,viaje_sin_salida
MR,126574,viaje_sin_salida
MR,126640,viaje_sin_salida
MR,126767,viaje_sin_salida
MR,126817,viaje_sin_salida
MR,126937,viaje_sin_salida
MR,126975,viaje_sin_salida
MR,127064,viaje_sin_salida
MR,127067,viaje_sin_salida
MR,127069,viaje_sin_salida
MR,127291,viaje_sin_salida
MR,127478,viaje_sin_salida
MR,127493,viaje_sin_salida
MR,127667,viaje_sin_salida
MR,127842,viaje_sin_salida
MR,127992,viaje_sin_salida
MR,128117,viaje_sin_salida
MR,128138,viaje_sin_salida
MR,128237,viaje_sin_salida
MR,128245,viaje_sin_salida
MR,128355,viaje_sin_salida
MR,128467,viaje_sin_salida
MR,128477,viaje_sin_salida
MR,128670,viaje_sin_salida
MR,128837,viaje_sin_salida
MR,128923,viaje_sin_salida
MR,129045,viaje_sin_salida
MR,129119,viaje_sin_salida
MR,129436,viaje_sin_salida
MR,129451,viaje_sin_salida
MR,129551,viaje_sin_salida
MR,129787,viaje_sin_salida
MR,129801,viaje_sin_salida
MR,129839,viaje_sin_salida
MR,129877,viaje_sin_salida
MR,129892,viaje_sin_salida
MR,129962,viaje_sin_salida
MR,130006,viaje_sin_salida
MR,130021,viaje_sin_salida
MR,130163,viaje_sin_salida
MR,130212,viaje_sin_salida
MR,130224,viaje_sin_salida
MR,130408,viaje_sin_salida
MR,130636,viaje_sin_salida
MR,130799,viaje_sin_salida
MR,130845,viaje_sin_salida
MR,131083,viaje_sin_salida
MR,131107,viaje_sin_salida
MR,131170,viaje_sin_salida
MR,131175,viaje_sin_salida
MR,131225,viaje_sin_salida
MR,131360,viaje_sin_salida
MR,131453,viaje_sin_salida
MR,131494,viaje_sin_salida
MR,131644,viaje_sin_salida
MR,131765,viaje_sin_salida
MR,131811,viaje_sin_salida
MR,131829,viaje_sin_salida
MR,131839,viaje_sin_salida
MR,131991,viaje_sin_salida
MR,131996,viaje_sin_salida
MR,132121,viaje_sin_salida
MR,132133,viaje_sin_salida
MR,132154,viaje_sin_salida
MR,132160,viaje_sin_salida
MR,132206,viaje_sin_salida
MR,132222,viaje_sin_salida
MR,132370,viaje_sin_salida
MR,132595,viaje_sin_salida
MR,132633,viaje_sin_salida
MR,132646,viaje_sin_salida
MR,132650,viaje_sin_salida
MR,132720,viaje_sin_salida
MR,132804,viaje_sin_salida
MR,132870,viaje_sin_salida
MR,133403,viaje_sin_salida
MR,133561,viaje_sin_salida
MR,133588,viaje_sin_salida
MR,133760,viaje_sin_salida
MR,133765,viaje_sin_salida
MR,133783,viaje_sin_salida
MR,133849,viaje_sin_salida
MR,133854,viaje_sin_salida
MR,133913,viaje_sin_salida
MR,134264,viaje_sin_salida
MR,134319,viaje_sin_salida
MR,134779,viaje_sin_salida
MR,134804,viaje_sin_salida
MR,134903,viaje_sin_salida
MR,134986,viaje_sin_salida
MR,135312,viaje_sin_salida
MR,135313,viaje_sin_salida
MR,135421,viaje_sin_salida
MR,135572,viaje_sin_salida
MR,135643,viaje_sin_salida
MR,135829,viaje_sin_salida
MR,135870,viaje_sin_salida
MR,135918,viaje_sin_salida
MR,135926,viaje_sin_salida
MR,136060,viaje_sin_salida
MR,136073,viaje_sin_salida
MR,136172,viaje_sin_salida
MR,136320,viaje_sin_salida
MR,136475,viaje_sin_salida
MR,136841,viaje_sin_salida
MR,136866,viaje_sin_salida
MR,137079,viaje_sin_salida
MR,137112,viaje_sin_salida
MR,137122,viaje_sin_salida
MR,137140,viaje_sin_salida
MR,137224,viaje_sin_salida
MR,137251,viaje_sin_salida
MR,137317,viaje_sin_salida
MR,137357,viaje_sin_salida
MR,137370,viaje_sin_salida
MR,137371,viaje_sin_salida
MR,137383,viaje_sin_salida
MR,137515,viaje_sin_salida
MR,137535,viaje_sin_salida
MR,137554,viaje_sin_salida
MR,137569,viaje_sin_salida
MR,137582,viaje_sin_salida
MR,137646,viaje_sin_salida
MR,137663,viaje_sin_salida
MR,137732,viaje_sin_salida
MR,137737,viaje_sin_salida
MR,137989,viaje_sin_salida
MR,137992,viaje_sin_salida
MR,138007,viaje_sin_salida
MR,138031,viaje_sin_salida
MR,138046,viaje_sin_salida
MR,138125,viaje_sin_salida
MR,138191,viaje_sin_salida
MR,138262,viaje_sin_salida
MR,138340,viaje_sin_salida
MR,138384,viaje_sin_salida
MR,138662,viaje_sin_salida
MR,138811,viaje_sin_salida
MR,138821,viaje_sin_salida
MR,138865,viaje_sin_salida
MR,138913,viaje_sin_salida
MR,139014,viaje_sin_salida
MR,139206,viaje_sin_salida
MR,139231,viaje_sin_salida
MR,139324,viaje_sin_salida
MR,139383,viaje_sin_salida
MR,139641,viaje_sin_salida
MR,139650,viaje_sin_salida
MR,139964,viaje_sin_salida
MR,140040,viaje_sin_salida
MR,140169,viaje_sin_salida
MR,140205,viaje_sin_salida
MR,140314,viaje_sin_salida
MR,140341,viaje_sin_salida
MR,140411,viaje_sin_salida
MR,140415,viaje_sin_salida
MR,140554,viaje_sin_salida
MR,140609,viaje_sin_salida
MR,140619,viaje_sin_salida
MR,140774,viaje_sin_salida
MR,140778,viaje_sin_salida
MR,140825,viaje_sin_salida
MR,140840,viaje_sin_salida
MR,141076,viaje_sin_salida
MR,141102,viaje_sin_salida
MR,141111,viaje_sin_salida
MR,141136,viaje_sin_salida
MR,141265,viaje_sin_salida
MR,141364,viaje_sin_salida
MR,141460,viaje_sin_salida
MR,141476,viaje_sin_salida
MR,141485,viaje_sin_salida
MR,141582,viaje_sin_salida
MR,141830,viaje_sin_salida
MR,141878,viaje_sin_salida
MR,142336,viaje_sin_salida
MR,142337,viaje_sin_salida
MR,142378,viaje_sin_salida
MR,142487,viaje_sin_salida
MR,142488,viaje_sin_salida
MR,142584,viaje_sin_salida
MR,142720,viaje_sin_salida
MR,143049,viaje_sin_salida
MR,143088,viaje_sin_salida
MR,143194,viaje_sin_salida
MR,143222,viaje_sin_salida
MR,143231,viaje_sin_salida
MR,143354,viaje_sin_salida
MR,143364,viaje_sin_salida
MR,143482,viaje_sin_salida
MR,143663,viaje_sin_salida
MR,143693,viaje_sin_salida
MR,143764,viaje_sin_salida
MR,143769,viaje_sin_salida
MR,143778,viaje_sin_salida
MR,143898,viaje_sin_salida
MR,143991,viaje_sin_salida
MR,144067,viaje_sin_salida
MR,144106,viaje_sin_salida
MR,144128,viaje_sin_salida
MR,144190,viaje_sin_salida
MR,144213,viaje_sin_salida
MR,144338,viaje_sin_salida
MR,144401,viaje_sin_salida
MR,144515,viaje_sin_salida
MR,144564,viaje_sin_salida
MR,144605,viaje_sin_salida
MR,144917,viaje_sin_salida
MR,145058,viaje_sin_salida
MR,145068,viaje_sin_salida
MR,145152,viaje_sin_salida
MR,145176,viaje_sin_salida
MR,145190,viaje_sin_salida
MR,145225,viaje_sin_salida
MR,145228,viaje_sin_salida
MR,145349,viaje_sin_salida
MR,145516,viaje_sin_salida
MR,145661,viaje_sin_salida
MR,145696,viaje_sin_salida
MR,145722,viaje_sin_salida
MR,145875,viaje_sin_salida
MR,145989,viaje_sin_salida
MR,145991,viaje_sin_salida
MR,146072,viaje_sin_salida
MR,146126,viaje_sin_salida
MR,146286,viaje_sin_salida
MR,146287,viaje_sin_salida
MR,146365,viaje_sin_salida
MR,146376,viaje_sin_salida
MR,146476,viaje_sin_salida
MR,146491,viaje_sin_salida
MR,146496,viaje_sin_salida
MR,146600,viaje_sin_salida
MR,146615,viaje_sin_salida
MR,146762,viaje_sin_salida
MR,146811,viaje_sin_salida
MR,146817,viaje_sin_salida
MR,146852,viaje_sin_salida
MR,146890,viaje_sin_salida
MR,146953,viaje_sin_salida
MR,147065,viaje_sin_salida
MR,147071,viaje_sin_salida
MR,147091,viaje_sin_salida
MR,147247,viaje_sin_salida
MR,147422,viaje_sin_salida
MR,147427,viaje_sin_salida
MR,147557,viaje_sin_salida
MR,147641,viaje_sin_salida
MR,147666,viaje_sin_salida
MR,147745,viaje_sin_salida
MR,147861,viaje_sin_salida
MR,148114,viaje_sin_salida
MR,148117,viaje_sin_salida
MR,148178,viaje_sin_salida
MR,148236,viaje_sin_salida
MR,148411,viaje_sin_salida
MR,148452,viaje_sin_salida
MR,148482,viaje_sin_salida
MR,148626,viaje_sin_salida
MR,148696,viaje_sin_salida
MR,148746,viaje_sin_salida
MR,148758,viaje_sin_salida
MR,148875,viaje_sin_salida
MR,148879,viaje_sin_salida
MR,149028,viaje_sin_salida
MR,149078,viaje_sin_salida
MR,149124,viaje_sin_salida
MR,149137,viaje_sin_salida
MR,149254,viaje_sin_salida
MR,149391,viaje_sin_salida
MR,149564,viaje_sin_salida
MR,149629,viaje_sin_salida
MR,149681,viaje_sin_salida
MR,149984,viaje_sin_salida
MR,150121,viaje_sin_salida
MR,150224,viaje_sin_salida
MR,150225,viaje_sin_salida
MR,150418,viaje_sin_salida
MR,150465,viaje_sin_salida
MR,150564,viaje_sin_salida
MR,150890,viaje_sin_salida
MR,150947,viaje_sin_salida
MR,151031,viaje_sin_salida
MR,151183,viaje_sin_salida
MR,151185,viaje_sin_salida
MR,151274,viaje_sin_salida
MR,151292,viaje_sin_salida
MR,151499,viaje_sin_salida
MR,151564,viaje_sin_salida
MR,151588,viaje_sin_salida
MR,151647,viaje_sin_salida
MR,151979,viaje_sin_salida
MR,152154,viaje_sin_salida
MR,152163,viaje_sin_salida
MR,152172,viaje_sin_salida
MR,152288,viaje_sin_salida
MR,152328,viaje_sin_salida
MR,152367,viaje_sin_salida
MR,152451,viaje_sin_salida
MR,152520,viaje_sin_salida
MR,152593,viaje_sin_salida
MR,152626,viaje_sin_salida
MR,152861,viaje_sin_salida
MR,152888,viaje_sin_salida
MR,152905,viaje_sin_salida
MR,152957,viaje_sin_salida
MR,152974,viaje_sin_salida
MR,153104,viaje_sin_salida
MR,153106,viaje_sin_salida
MR,153127,viaje_sin_salida
MR,153148,viaje_sin_salida
MR,153184,viaje_sin_salida
MR,153320,viaje_sin_salida
MR,153361,viaje_sin_salida
MR,153481,viaje_sin_salida
MR,153618,viaje_sin_salida
MR,153818,viaje_sin_salida
MR,153934,viaje_sin_salida
MR,153979,viaje_sin_salida
MR,154082,viaje_sin_salida
MR,154228,viaje_sin_salida
MR,154320,viaje_sin_salida
MR,154386,viaje_sin_salida
MR,154563,viaje_sin_salida
MR,154575,viaje_sin_salida
MR,154607,viaje_sin_salida
MR,154629,viaje_sin_salida
MR,154670,viaje_sin_salida
MR,154814,viaje_sin_salida
MR,154836,viaje_sin_salida
MR,154933,viaje_sin_salida
MR,154985,viaje_sin_salida
MR,155135,viaje_sin_salida
MR,155164,viaje_sin_salida
MR,155183,viaje_sin_salida
MR,155206,viaje_sin_salida
MR,155227,viaje_sin_salida
MR,155255,viaje_sin_salida
MR,155380,viaje_sin_salida
MR,155501,viaje_sin_salida
MR,155565,viaje_sin_salida
MR,155616,viaje_sin_salida
MR,155838,viaje_sin_salida
MR,155873,viaje_sin_salida
MR,156009,viaje_sin_salida
MR,156013,viaje_sin_salida
MR,156166,viaje_sin_salida
MR,156207,viaje_sin_salida
MR,156318,viaje_sin_salida
MR,156440,viaje_sin_salida
MR,156533,viaje_sin_salida
MR,156656,viaje_sin_salida
MR,156677,viaje_sin_salida
MR,156810,viaje_sin_salida
MR,157094,viaje_sin_salida
MR,157096,viaje_sin_salida
MR,157175,viaje_sin_salida
MR,157285,viaje_sin_salida
MR,157312,viaje_sin_salida
MR,157523,viaje_sin_salida
MR,157604,viaje_sin_salida
MR,157648,viaje_sin_salida
MR,157649,viaje_sin_salida
MR,157694,viaje_sin_salida
MR,157911,viaje_sin_salida
MR,158100,viaje_sin_salida
MR,158177,viaje_sin_salida
MR,158202,viaje_sin_salida
MR,158206,viaje_sin_salida
MR,158242,viaje_sin_salida
MR,158278,viaje_sin_salida
MR,158354,viaje_sin_salida
MR,158359,viaje_sin_salida
MR,158446,viaje_sin_salida
MR,158560,viaje_sin_salida
MR,159019,viaje_sin_salida
MR,159090,viaje_sin_salida
MR,159172,viaje_sin_salida
MR,159191,viaje_sin_salida
MR,159257,viaje_sin_salida
MR,159288,viaje_sin_salida
MR,159370,viaje_sin_salida
MR,159437,viaje_sin_salida
MR,159485,viaje_sin_salida
MR,159515,viaje_sin_salida
MR,159545,viaje_sin_salida
MR,159592,viaje_sin_salida
MR,159599,viaje_sin_salida
MR,159669,viaje_sin_salida
MR,159713,viaje_sin_salida
MR,159723,viaje_sin_salida
MR,159767,viaje_sin_salida
MR,159815,viaje_sin_salida
MR,159853,viaje_sin_salida
MR,159874,viaje_sin_salida
MR,159892,viaje_sin_salida
MR,159980,viaje_sin_salida
MR,160009,viaje_sin_salida
MR,160311,viaje_sin_salida
MR,160485,viaje_sin_salida
MR,160550,viaje_sin_salida
MR,160738,viaje_sin_salida
MR,160846,viaje_sin_salida
MR,161242,viaje_sin_salida
MR,161255,viaje_sin_salida
MR,161285,viaje_sin_salida
MR,161436,viaje_sin_salida
MR,161487,viaje_sin_salida
MR,161512,viaje_sin_salida
MR,161562,viaje_sin_salida
MR,161662,viaje_sin_salida
MR,161695,viaje_sin_salida
MR,161702,viaje_sin_salida
MR,161735,viaje_sin_salida
MR,161796,viaje_sin_salida
MR,161975,viaje_sin_salida
MR,162014,viaje_sin_salida
MR,162194,viaje_sin_salida
MR,162264,viaje_sin_salida
MR,162274,viaje_sin_salida
MR,162328,viaje_sin_salida
MR,162405,viaje_sin_salida
MR,162438,viaje_sin_salida
MR,162454,viaje_sin_salida
MR,162536,viaje_sin_salida
MR,162636,viaje_sin_salida
MR,162639,viaje_sin_salida
MR,162739,viaje_sin_salida
MR,162770,viaje_sin_salida
MR,162789,viaje_sin_salida
MR,163000,viaje_sin_salida
MR,163131,viaje_sin_salida
MR,163152,viaje_sin_salida
MR,163174,viaje_sin_salida
MR,163195,viaje_sin_salida
MR,163360,viaje_sin_salida
MR,163364,viaje_sin_salida
MR,163614,viaje_sin_salida
MR,163734,viaje_sin_salida
MR,163736,viaje_sin_salida
MR,163794,viaje_sin_salida
MR,164025,viaje_sin_salida
MR,164078,viaje_sin_salida
MR,164081,viaje_sin_salida
MR,164107,viaje_sin_salida
MR,164135,viaje_sin_salida
MR,164160,viaje_sin_salida
MR,164303,viaje_sin_salida
MR,164314,viaje_sin_salida
MR,164439,viaje_sin_salida
MR,164912,viaje_sin_salida
MR,164938,viaje_sin_salida
MR,164974,viaje_sin_salida
MR,165123,viaje_sin_salida
MR,165124,viaje_sin_salida
MR,165141,viaje_sin_salida
MR,165153,viaje_sin_salida
MR,165230,viaje_sin_salida
MR,165309,viaje_sin_salida
MR,165332,viaje_sin_salida
MR,165340,viaje_sin_salida
MR,165390,viaje_sin_salida
MR,165462,viaje_sin_salida
MR,165587,viaje_sin_salida
MR,165816,viaje_sin_salida
MR,165884,viaje_sin_salida
MR,166085,viaje_sin_salida
MR,166133,viaje_sin_salida
MR,166207,viaje_sin_salida
MR,166234,viaje_sin_salida
MR,166458,viaje_sin_salida
MR,166474,viaje_sin_salida
MR,166582,viaje_sin_salida
MR,166631,viaje_sin_salida
MR,166691,viaje_sin_salida
MR,166752,viaje_sin_salida
MR,166837,viaje_sin_salida
MR,166858,viaje_sin_salida
MR,167072,viaje_sin_salida
MR,167082,viaje_sin_salida
MR,167287,viaje_sin_salida
MR,167323,viaje_sin_salida
MR,167632,viaje_sin_salida
MR,167668,viaje_sin_salida
MR,167777,viaje_sin_salida
MR,167808,viaje_sin_salida
MR,167813,viaje_sin_salida
MR,167815,viaje_sin_salida
MR,167837,viaje_sin_salida
MR,167857,viaje_sin_salida
MR,167956,viaje_sin_salida
MR,168099,viaje_sin_salida
MR,168182,viaje_sin_salida
MR,168294,viaje_sin_salida
MR,168534,viaje_sin_salida
MR,168561,viaje_sin_salida
MR,168736,viaje_sin_salida
MR,168782,viaje_sin_salida
MR,168833,viaje_sin_salida
MR,168997,viaje_sin_salida
MR,169051,viaje_sin_salida
MR,169058,viaje_sin_salida
MR,169214,viaje_sin_salida
MR,169262,viaje_sin_salida
MR,169426,viaje_sin_salida
MR,169455,viaje_sin_salida
MR,169612,viaje_sin_salida
MR,169744,viaje_sin_salida
MR,169759,viaje_sin_salida
MR,169764,viaje_sin_salida
MR,169781,viaje_sin_salida
MR,169874,viaje_sin_salida
MR,169924,viaje_sin_salida
MR,169978,viaje_sin_salida
MR,170002,viaje_sin_salida
MR,170063,viaje_sin_salida
MR,170109,viaje_sin_salida
MR,170116,viaje_sin_salida
MR,170132,viaje_sin_salida
MR,170232,viaje_sin_salida
MR,170237,viaje_sin_salida
MR,170311,viaje_sin_salida
MR,170457,viaje_sin_salida
MR,170472,viaje_sin_salida
MR,170551,viaje_sin_salida
MR,170564,viaje_sin_salida
MR,170696,viaje_sin_salida
MR,170722,viaje_sin_salida
MR,170782,viaje_sin_salida
MR,170909,viaje_sin_salida
MR,170932,viaje_sin_salida
MR,170936,viaje_sin_salida
MR,170987,viaje_sin_salida
MR,171013,viaje_sin_salida
MR,171056,viaje_sin_salida
MR,171103,viaje_sin_salida
MR,171258,viaje_sin_salida
MR,171281,viaje_sin_salida
MR,171408,viaje_sin_salida
MR,171412,viaje_sin_salida
MR,171475,viaje_sin_salida
MR,171499,viaje_sin_salida
MR,171741,viaje_sin_salida
MR,171813,viaje_sin_salida
MR,171995,viaje_sin_salida
MR,172026,viaje_sin_salida
MR,172165,viaje_sin_salida
MR,172221,viaje_sin_salida
MR,172394,viaje_sin_salida
MR,172764,viaje_sin_salida
MR,172836,viaje_sin_salida
MR,172927,viaje_sin_salida
MR,172956,viaje_sin_salida
MR,172980,viaje_sin_salida
MR,172981,viaje_sin_salida
MR,172997,viaje_sin_salida
MR,173069,viaje_sin_salida
MR,173334,viaje_sin_salida
MR,173364,viaje_sin_salida
MR,173399,viaje_sin_salida
MR,173436,viaje_sin_salida
MR,173439,viaje_sin_salida
MR,173646,viaje_sin_salida
MR,173651,viaje_sin_salida
MR,173895,viaje_sin_salida
MR,173957,viaje_sin_salida
MR,173960,viaje_sin_salida
MR,173979,viaje_sin_salida
MR,174132,viaje_sin_salida
MR,174139,viaje_sin_salida
MR,174222,viaje_sin_salida
MR,174312,viaje_sin_salida
MR,174419,viaje_sin_salida
MR,174501,viaje_sin_salida
MR,174559,viaje_sin_salida
MR,174704,viaje_sin_salida
MR,174866,viaje_sin_salida
MR,174961,viaje_sin_salida
MR,174982,viaje_sin_salida
MR,175095,viaje_sin_salida
MR,175414,viaje_sin_salida
MR,175430,viaje_sin_salida
MR,175458,viaje_sin_salida
MR,175518,viaje_sin_salida
MR,175862,viaje_sin_salida
MR,175866,viaje_sin_salida
MR,176066,viaje_sin_salida
MR,176090,viaje_sin_salida
MR,176203,viaje_sin_salida
MR,176320,viaje_sin_salida
MR,176419,viaje_sin_salida
MR,176698,viaje_sin_salida
MR,176761,viaje_sin_salida
MR,176835,viaje_sin_salida
MR,176846,viaje_sin_salida
MR,176878,viaje_sin_salida
MR,176882,viaje_sin_salida
MR,176926,viaje_sin_salida
MR,177102,viaje_sin_salida
MR,177139,viaje_sin_salida
MR,177216,viaje_sin_salida
MR,177304,viaje_sin_salida
MR,177355,viaje_sin_salida
MR,177571,viaje_sin_salida
MR,177732,viaje_sin_salida
MR,177835,viaje_sin_salida
MR,177944,viaje_sin_salida
MR,177967,viaje_sin_salida
MR,178003,viaje_sin_salida
MR,178059,viaje_sin_salida
MR,178379,viaje_sin_salida
MR,178425,viaje_sin_salida
MR,178508,viaje_sin_salida
MR,178510,viaje_sin_salida
MR,178634,viaje_sin_salida
MR,178697,viaje_sin_salida
MR,178698,viaje_sin_salida
MR,178922,viaje_sin_salida
MR,178953,viaje_sin_salida
MR,179030,viaje_sin_salida
MR,179043,viaje_sin_salida
MR,179384,viaje_sin_salida
MR,179429,viaje_sin_salida
MR,179833,viaje_sin_salida
MR,179872,viaje_sin_salida
MR,180022,viaje_sin_salida
MR,180204,viaje_sin_salida
MR,180245,viaje_sin_salida
MR,180294,viaje_sin_salida
MR,180297,viaje_sin_salida
MR,180342,viaje_sin_salida
MR,180429,viaje_sin_salida
MR,180473,viaje_sin_salida
MR,180606,viaje_sin_salida
MR,180822,viaje_sin_salida
MR,180903,viaje_sin_salida
MR,180952,viaje_sin_salida
MR,180980,viaje_sin_salida
MR,181150,viaje_sin_salida
MR,181210,viaje_sin_salida
MR,181274,viaje_sin_salida
MR,181466,viaje_sin_salida
MR,181659,viaje_sin_salida
MR,181816,viaje_sin_salida
MR,181926,viaje_sin_salida
MR,182041,viaje_sin_salida
MR,182103,viaje_sin_salida
MR,182143,viaje_sin_salida
MR,182195,viaje_sin_salida
MR,182199,viaje_sin_salida
MR,182225,viaje_sin_salida
MR,182516,viaje_sin_salida
MR,182625,viaje_sin_salida
MR,182644,viaje_sin_salida
MR,182681,viaje_sin_salida
MR,182699,viaje_sin_salida
MR,182832,viaje_sin_salida
MR,183149,viaje_sin_salida
MR,183200,viaje_sin_salida
MR,183215,viaje_sin_salida
MR,183273,viaje_sin_salida
MR,183506,viaje_sin_salida
MR,183507,viaje_sin_salida
MR,183612,viaje_sin_salida
MR,183642,viaje_sin_salida
MR,183739,viaje_sin_salida
MR,183778,viaje_sin_salida
MR,183877,viaje_sin_salida
MR,184041,viaje_sin_salida
MR,184120,viaje_sin_salida
MR,184167,viaje_sin_salida
MR,184255,viaje_sin_salida
MR,184295,viaje_sin_salida
MR,184427,viaje_sin_salida
MR,184464,viaje_sin_salida
MR,184470,viaje_sin_salida
MR,184476,viaje_sin_salida
MR,184503,viaje_sin_salida
MR,184537,viaje_sin_salida
MR,184561,viaje_sin_salida
MR,184569,viaje_sin_salida
MR,184659,viaje_sin_salida
MR,184700,viaje_sin_salida
MR,184721,viaje_sin_salida
MR,184739,viaje_sin_salida
MR,184754,viaje_sin_salida
MR,184892,viaje_sin_salida
MR,185106,viaje_sin_salida
MR,185138,viaje_sin_salida
MR,185297,viaje_sin_salida
MR,185325,viaje_sin_salida
MR,185333,viaje_sin_salida
MR,185364,viaje_sin_salida
MR,185438,viaje_sin_salida
MR,185640,viaje_sin_salida
MR,185705,viaje_sin_salida
MR,185743,viaje_sin_salida
MR,185831,viaje_sin_salida
MR,185846,viaje_sin_salida
MR,185876,viaje_sin_salida
MR,185927,viaje_sin_salida
MR,185958,viaje_sin_salida
MR,185984,viaje_sin_salida
MR,186044,viaje_sin_salida
MR,186067,viaje_sin_salida
MR,186165,viaje_sin_salida
MR,186173,viaje_sin_salida
MR,186297,viaje_sin_salida
MR,186462,viaje_sin_salida
MR,186481,viaje_sin_salida
MR,186530,viaje_sin_salida
MR,186601,viaje_sin_salida
MR,186671,viaje_sin_salida
MR,186718,viaje_sin_salida
MR,186916,viaje_sin_salida
MR,186938,viaje_sin_salida
MR,186988,viaje_sin_salida
MR,186993,viaje_sin_salida
MR,187019,viaje_sin_salida
MR,187053,viaje_sin_salida
MR,187117,viaje_sin_salida
MR,187265,viaje_sin_salida
MR,187278,viaje_sin_salida
MR,187379,viaje_sin_salida
MR,187569,viaje_sin_salida
MR,187592,viaje_sin_salida
MR,187774,viaje_sin_salida
MR,187822,viaje_sin_salida
MR,188100,viaje_sin_salida
MR,188154,viaje_sin_salida
MR,188274,viaje_sin_salida
MR,188296,viaje_sin_salida
MR,188368,viaje_sin_salida
MR,188466,viaje_sin_salida
MR,188628,viaje_sin_salida
MR,188649,viaje_sin_salida
MR,188805,viaje_sin_salida
MR,188861,viaje_sin_salida
MR,188944,viaje_sin_salida
MR,189017,viaje_sin_salida
MR,189023,viaje_sin_salida
MR,189068,viaje_sin_salida
MR,189123,viaje_sin_salida
MR,189126,viaje_sin_salida
MR,189169,viaje_sin_salida
MR,189203,viaje_sin_salida
MR,189219,viaje_sin_salida
MR,189258,viaje_sin_salida
MR,189310,viaje_sin_salida
MR,189324,viaje_sin_salida
MR,189424,viaje_sin_salida
MR,189556,viaje_sin_salida
MR,189563,viaje_sin_salida
MR,189645,viaje_sin_salida
MR,189662,viaje_sin_salida
MR,189812,viaje_sin_salida
MR,189928,viaje_sin_salida
MR,190025,viaje_sin_salida
MR,190047,viaje_sin_salida
MR,190124,viaje_sin_salida
MR,190212,viaje_sin_salida
MR,190240,viaje_sin_salida
MR,190385,viaje_sin_salida
MR,190560,viaje_sin_salida
MR,190578,viaje_sin_salida
MR,190593,viaje_sin_salida
MR,190626,viaje_sin_salida
MR,190763,viaje_sin_salida
MR,190943,viaje_sin_salida
MR,191047,viaje_sin_salida
MR,191064,viaje_sin_salida
MR,191090,viaje_sin_salida
MR,191118,viaje_sin_salida
MR,191149,viaje_sin_salida
MR,191240,viaje_sin_salida
MR,191252,viaje_sin_salida
MR,191264,viaje_sin_salida
MR,191289,viaje_sin_salida
MR,191674,viaje_sin_salida
MR,191701,viaje_sin_salida
MR,191784,viaje_sin_salida
MR,191923,viaje_sin_salida
MR,191933,viaje_sin_salida
MR,192087,viaje_sin_salida
MR,192149,viaje_sin_salida
MR,192159,viaje_sin_salida
MR,192292,viaje_sin_salida
MR,192450,viaje_sin_salida
MR,192493,viaje_sin_salida
MR,192608,viaje_sin_salida
MR,192799,viaje_sin_salida
MR,192942,viaje_sin_salida
MR,193034,viaje_sin_salida
MR,193047,viaje_sin_salida
MR,193107,viaje_sin_salida
MR,193184,viaje_sin_salida
MR,193275,viaje_sin_salida
MR,193285,viaje_sin_salida
MR,193321,viaje_sin_salida
MR,193485,viaje_sin_salida
MR,193587,viaje_sin_salida
MR,193664,viaje_sin_salida
MR,193701,viaje_sin_salida
MR,193887,viaje_sin_salida
MR,193987,viaje_sin_salida
MR,193996,viaje_sin_salida
MR,194000,viaje_sin_salida
MR,194023,viaje_sin_salida
MR,194058,viaje_sin_salida
MR,194222,viaje_sin_salida
MR,194347,viaje_sin_salida
MR,194439,viaje_sin_salida
MR,194575,viaje_sin_salida
MR,194583,viaje_sin_salida
MR,194607,viaje_sin_salida
MR,194611,viaje_sin_salida
MR,194853,viaje_sin_salida
MR,194866,viaje_sin_salida
MR,194957,viaje_sin_salida
MR,194964,viaje_sin_salida
MR,195124,viaje_sin_salida
MR,195283,viaje_sin_salida
MR,195432,viaje_sin_salida
MR,195502,viaje_sin_salida
MR,195626,viaje_sin_salida
MR,195647,viaje_sin_salida
MR,195710,viaje_sin_salida
MR,195828,viaje_sin_salida
MR,195833,viaje_sin_salida
MR,195894,viaje_sin_salida
MR,195963,viaje_sin_salida
MR,195969,viaje_sin_salida
MR,196006,viaje_sin_salida
MR,196123,viaje_sin_salida
MR,196269,viaje_sin_salida
MR,196304,viaje_sin_salida
MR,196392,viaje_sin_salida
MR,196422,viaje_sin_salida
MR,196494,viaje_sin_salida
MR,196503,viaje_sin_salida
MR,196628,viaje_sin_salida
MR,196680,viaje_sin_salida
MR,196788,viaje_sin_salida
MR,196796,viaje_sin_salida
MR,196851,viaje_sin_salida
MR,197086,viaje_sin_salida
MR,197114,viaje_sin_salida
MR,197233,viaje_sin_salida
MR,197235,viaje_sin_salida
MR,197309,viaje_sin_salida
MR,197323,viaje_sin_salida
MR,197348,viaje_sin_salida
MR,197399,viaje_sin_salida
MR,197416,viaje_sin_salida
MR,197469,viaje_sin_salida
MR,197578,viaje_sin_salida
MR,197624,viaje_sin_salida
MR,197649,viaje_sin_salida
MR,197781,viaje_sin_salida
MR,197811,viaje_sin_salida
MR,198019,viaje_sin_salida
MR,198176,viaje_sin_salida
MR,198197,viaje_sin_salida
MR,198205,viaje_sin_salida
MR,198318,viaje_sin_salida
MR,198356,viaje_sin_salida
MR,198368,viaje_sin_salida
MR,198377,viaje_sin_salida
MR,198698,viaje_sin_salida
MR,198756,viaje_sin_salida
MR,198824,viaje_sin_salida
MR,198864,viaje_sin_salida
MR,198888,viaje_sin_salida
MR,198997,viaje_sin_salida
MR,199375,viaje_sin_salida
MR,199404,viaje_sin_salida
MR,199460,viaje_sin_salida
MR,199631,viaje_sin_salida
MR,199667,viaje_sin_salida
MR,199695,viaje_sin_salida
MR,199710,viaje_sin_salida
MR,199886,viaje_sin_salida
MR,199927,viaje_sin_salida
MR,199950,viaje_sin_salida
MR,200058,viaje_sin_salida
MR,200198,viaje_sin_salida
MR,200439,viaje_sin_salida
MR,200475,viaje_sin_salida
MR,200560,viaje_sin_salida
MR,200757,viaje_sin_salida
MR,200779,viaje_sin_salida
MR,200802,viaje_sin_salida
MR,200835,viaje_sin_salida
MR,200919,viaje_sin_salida
MR,200972,viaje_sin_salida
MR,201082,viaje_sin_salida
MR,201129,viaje_sin_salida
MR,201281,viaje_sin_salida
MR,201319,viaje_sin_salida
MR,201352,viaje_sin_salida
MR,201526,viaje_sin_salida
MR,201576,viaje_sin_salida
MR,201645,viaje_sin_salida
MR,201699,viaje_sin_salida
MR,201803,viaje_sin_salida
MR,202193,viaje_sin_salida
MR,202410,viaje_sin_salida
MR,202629,viaje_sin_salida
MR,202716,viaje_sin_salida
MR,202958,viaje_sin_salida
MR,203029,viaje_sin_salida
MR,203079,viaje_sin_salida
MR,203335,viaje_sin_salida
MR,203359,viaje_sin_salida
MR,203426,viaje_sin_salida
MR,203501,viaje_sin_salida
MR,203592,viaje_sin_salida
MR,203595,viaje_sin_salida
MR,203641,viaje_sin_salida
MR,203806,viaje_sin_salida
MR,203851,viaje_sin_salida
MR,203881,viaje_sin_salida
MR,204352,viaje_sin_salida
MR,204361,viaje_sin_salida
MR,204362,viaje_sin_salida
MR,204510,viaje_sin_salida
MR,204803,viaje_sin_salida
MR,204905,viaje_sin_salida
MR,204930,viaje_sin_salida
MR,205003,viaje_sin_salida
MR,205042,viaje_sin_salida
MR,205171,viaje_sin_salida
MR,205246,viaje_sin_salida
MR,205441,viaje_sin_salida
MR,205452,viaje_sin_salida
MR,205500,viaje_sin_salida
MR,205621,viaje_sin_salida
MR,205627,viaje_sin_salida
MR,205817,viaje_sin_salida
MR,205893,viaje_sin_salida
MR,206005,viaje_sin_salida
MR,206007,viaje_sin_salida
MR,206169,viaje_sin_salida
MR,206177,viaje_sin_salida
MR,206201,viaje_sin_salida
MR,206253,viaje_sin_salida
MR,206254,viaje_sin_salida
MR,206316,viaje_sin_salida
MR,206324,viaje_sin_salida
MR,206325,viaje_sin_salida
MR,206331,viaje_sin_salida
MR,206394,viaje_sin_salida
MR,206397,viaje_sin_salida
MR,206439,viaje_sin_salida
MR,206466,viaje_sin_salida
MR,206504,viaje_sin_salida
MR,206677,viaje_sin_salida
MR,206813,viaje_sin_salida
MR,206874,viaje_sin_salida
MR,206918,viaje_sin_salida
MR,206942,viaje_sin_salida
MR,207021,viaje_sin_salida
MR,207042,viaje_sin_salida
MR,207119,viaje_sin_salida
MR,207225,viaje_sin_salida
MR,207246,viaje_sin_salida
MR,207292,viaje_sin_salida
MR,207342,viaje_sin_salida
MR,207365,viaje_sin_salida
MR,207542,viaje_sin_salida
MR,207559,viaje_sin_salida
MR,207679,viaje_sin_salida
MR,207795,viaje_sin_salida
MR,207847,viaje_sin_salida
MR,207928,viaje_sin_salida
MR,207945,viaje_sin_salida
MR,208031,viaje_sin_salida
MR,208160,viaje_sin_salida
MR,208528,viaje_sin_salida
MR,208557,viaje_sin_salida
MR,208841,viaje_sin_salida
MR,208904,viaje_sin_salida
MR,208991,viaje_sin_salida
MR,209261,viaje_sin_salida
MR,209302,viaje_sin_salida
MR,209407,viaje_sin_salida
MR,209553,viaje_sin_salida
MR,209614,viaje_sin_salida
MR,209646,viaje_sin_salida
MR,209703,viaje_sin_salida
MR,209716,viaje_sin_salida
MR,209812,viaje_sin_salida
MR,210178,viaje_sin_salida
MR,210211,viaje_sin_salida
MR,210224,viaje_sin_salida
MR,210285,viaje_sin_salida
MR,210310,viaje_sin_salida
MR,210342,viaje_sin_salida
MR,210425,viaje_sin_salida
MR,210429,viaje_sin_salida
MR,210579,viaje_sin_salida
MR,210919,viaje_sin_salida
MR,210921,viaje_sin_salida
MR,210927,viaje_sin_salida
MR,210964,viaje_sin_salida
MR,211037,viaje_sin_salida
MR,211240,viaje_sin_salida
MR,211256,viaje_sin_salida
MR,211258,viaje_sin_salida
MR,211398,viaje_sin_salida
MR,211404,viaje_sin_salida
MR,211512,viaje_sin_salida
MR,211614,viaje_sin_salida
MR,211651,viaje_sin_salida
MR,211661,viaje_sin_salida
MR,211671,viaje_sin_salida
MR,211733,viaje_sin_salida
MR,211800,viaje_sin_salida
MR,211819,viaje_sin_salida
MR,211848,viaje_sin_salida
MR,212015,viaje_sin_salida
MR,212050,viaje_sin_salida
MR,212114,viaje_sin_salida
MR,212125,viaje_sin_salida
MR,212158,viaje_sin_salida
MR,212175,viaje_sin_salida
MR,212181,viaje_sin_salida
MR,212221,viaje_sin_salida
MR,212234,viaje_sin_salida
MR,212248,viaje_sin_salida
MR,212401,viaje_sin_salida
MR,212424,viaje_sin_salida
MR,212455,viaje_sin_salida
MR,212596,viaje_sin_salida
MR,212689,viaje_sin_salida
MR,212747,viaje_sin_salida
MR,212809,viaje_sin_salida
MR,212822,viaje_sin_salida
MR,212900,viaje_sin_salida
MR,212914,viaje_sin_salida
MR,213025,viaje_sin_salida
MR,213034,viaje_sin_salida
MR,213119,viaje_sin_salida
MR,213154,viaje_sin_salida
MR,213235,viaje_sin_salida
MR,213583,viaje_sin_salida
MR,213585,viaje_sin_salida
MR,213614,viaje_sin_salida
MR,213712,viaje_sin_salida
MR,213801,viaje_sin_salida
MR,213815,viaje_sin_salida
MR,213928,viaje_sin_salida
MR,214051,viaje_sin_salida
MR,214132,viaje_sin_salida
MR,214133,viaje_sin_salida
MR,214365,viaje_sin_salida
MR,214475,viaje_sin_salida
MR,214504,viaje_sin_salida
MR,214687,viaje_sin_salida
MR,214899,viaje_sin_salida
MR,214942,viaje_sin_salida
MR,215019,viaje_sin_salida
MR,215038,viaje_sin_salida
MR,215197,viaje_sin_salida
MR,215214,viaje_sin_salida
MR,215285,viaje_sin_salida
MR,215313,viaje_sin_salida
MR,215442,viaje_sin_salida
MR,215665,viaje_sin_salida
MR,215681,viaje_sin_salida
MR,215701,viaje_sin_salida
MR,215836,viaje_sin_salida
MR,215922,viaje_sin_salida
MR,215994,viaje_sin_salida
MR,216041,viaje_sin_salida
MR,216201,viaje_sin_salida
MR,216241,viaje_sin_salida
MR,216254,viaje_sin_salida
MR,216303,viaje_sin_salida
MR,216381,viaje_sin_salida
MR,216432,viaje_sin_salida
MR,216479,viaje_sin_salida
MR,216494,viaje_sin_salida
MR,216520,viaje_sin_salida
MR,216571,viaje_sin_salida
MR,216622,viaje_sin_salida
MR,216628,viaje_sin_salida
MR,216732,viaje_sin_salida
MR,216794,viaje_sin_salida
MR,216878,viaje_sin_salida
MR,217238,viaje_sin_salida
MR,217331,viaje_sin_salida
MR,217352,viaje_sin_salida
MR,217382,viaje_sin_salida
MR,217445,viaje_sin_salida
MR,217456,viaje_sin_salida
MR,217865,viaje_sin_salida
MR,217904,viaje_sin_salida
MR,217961,viaje_sin_salida
MR,217976,viaje_sin_salida
MR,218117,viaje_sin_salida
MR,218188,viaje_sin_salida
MR,218231,viaje_sin_salida
MR,218248,viaje_sin_salida
MR,218265,viaje_sin_salida
MR,218352,viaje_sin_salida
MR,218356,viaje_sin_salida
MR,218371,viaje_sin_salida
MR,218396,viaje_sin_salida
MR,218439,viaje_sin_salida
MR,218462,viaje_sin_salida
MR,218471,viaje_sin_salida
MR,218475,viaje_sin_salida
MR,218537,viaje_sin_salida
MR,218585,viaje_sin_salida
MR,218606,viaje_sin_salida
MR,218622,viaje_sin_salida
MR,218712,viaje_sin_salida
MR,218815,viaje_sin_salida
MR,219037,viaje_sin_salida
MR,219055,viaje_sin_salida
MR,219102,viaje_sin_salida
MR,219382,viaje_sin_salida
MR,219439,viaje_sin_salida
MR,219608,viaje_sin_salida
MR,219648,viaje_sin_salida
MR,219749,viaje_sin_salida
MR,219765,viaje_sin_salida
MR,219766,viaje_sin_salida
MR,219855,viaje_sin_salida
MR,219891,viaje_sin_salida
MR,220019,viaje_sin_salida
MR,220027,viaje_sin_salida
MR,220091,viaje_sin_salida
MR,220445,viaje_sin_salida
MR,220689,viaje_sin_salida
MR,220727,viaje_sin_salida
MR,220731,viaje_sin_salida
MR,220884,viaje_sin_salida
MR,220889,viaje_sin_salida
MR,220921,viaje_sin_salida
MR,221153,viaje_sin_salida
MR,221174,viaje_sin_salida
MR,221209,viaje_sin_salida
MR,221232,viaje_sin_salida
MR,221337,viaje_sin_salida
MR,221764,viaje_sin_salida
MR,221777,viaje_sin_salida
MR,221858,viaje_sin_salida
MR,221871,viaje_sin_salida
MR,221920,viaje_sin_salida
MR,221933,viaje_sin_salida
MR,222216,viaje_sin_salida
MR,222239,viaje_sin_salida
MR,222261,viaje_sin_salida
MR,222388,viaje_sin_salida
MR,222439,viaje_sin_salida
MR,222460,viaje_sin_salida
MR,222599,viaje_sin_salida
MR,222710,viaje_sin_salida
MR,222752,viaje_sin_salida
MR,222767,viaje_sin_salida
MR,222824,viaje_sin_salida
MR,222959,viaje_sin_salida
MR,222993,viaje_sin_salida
MR,223011,viaje_sin_salida
MR,223021,viaje_sin_salida
MR,223072,viaje_sin_salida
MR,223092,viaje_sin_salida
MR,223250,viaje_sin_salida
MR,223262,viaje_sin_salida
MR,223323,viaje_sin_salida
MR,223339,viaje_sin_salida
MR,223515,viaje_sin_salida
MR,223656,viaje_sin_salida
MR,223788,viaje_sin_salida
MR,223902,viaje_sin_salida
MR,223918,viaje_sin_salida
MR,224076,viaje_sin_salida
MR,224153,viaje_sin_salida
MR,224207,viaje_sin_salida
MR,224248,viaje_sin_salida
MR,224371,viaje_sin_salida
MR,224407,viaje_sin_salida
MR,224560,viaje_sin_salida
MR,224606,viaje_sin_salida
MR,224756,viaje_sin_salida
MR,224772,viaje_sin_salida
MR,224819,viaje_sin_salida
MR,224847,viaje_sin_salida
MR,224849,viaje_sin_salida
MR,224854,viaje_sin_salida
MR,224916,viaje_sin_salida
MR,224944,viaje_sin_salida
MR,225011,viaje_sin_salida
MR,225061,viaje_sin_salida
MR,225099,viaje_sin_salida
MR,225235,viaje_sin_salida
MR,225460,viaje_sin_salida
MR,225497,viaje_sin_salida
MR,225536,viaje_sin_salida
MR,225602,viaje_sin_salida
MR,225710,viaje_sin_salida
MR,225827,viaje_sin_salida
MR,225944,viaje_sin_salida
MR,225989,viaje_sin_salida
MR,226004,viaje_sin_salida
MR,226011,viaje_sin_salida
MR,226106,viaje_sin_salida
MR,226195,viaje_sin_salida
MR,226234,viaje_sin_salida
MR,226302,viaje_sin_salida
MR,226325,viaje_sin_salida
MR,226374,viaje_sin_salida
MR,226415,viaje_sin_salida
MR,226419,viaje_sin_salida
MR,226449,viaje_sin_salida
MR,226581,viaje_sin_salida
MR,226649,viaje_sin_salida
MR,226746,viaje_sin_salida
MR,226774,viaje_sin_salida
MR,226788,viaje_sin_salida
MR,226791,viaje_sin_salida
MR,226912,viaje_sin_salida
MR,227058,viaje_sin_salida
MR,227074,viaje_sin_salida
MR,227204,viaje_sin_salida
MR,227213,viaje_sin_salida
MR,227261,viaje_sin_salida
MR,227308,viaje_sin_salida
MR,227315,viaje_sin_salida
MR,227367,viaje_sin_salida
MR,227387,viaje_sin_salida
MR,227506,viaje_sin_salida
MR,227787,viaje_sin_salida
MR,228249,viaje_sin_salida
MR,228257,viaje_sin_salida
MR,228413,viaje_sin_salida
MR,228550,viaje_sin_salida
MR,228567,viaje_sin_salida
MR,228688,viaje_sin_salida
MR,228724,viaje_sin_salida
MR,228740,viaje_sin_salida
MR,228994,viaje_sin_salida
MR,229050,viaje_sin_salida
MR,229172,viaje_sin_salida
MR,229177,viaje_sin_salida
MR,229270,viaje_sin_salida
MR,229436,viaje_sin_salida
MR,229534,viaje_sin_salida
MR,229605,viaje_sin_salida
MR,229634,viaje_sin_salida
MR,229787,viaje_sin_salida
MR,229925,viaje_sin_salida
MR,230127,viaje_sin_salida
MR,230321,viaje_sin_salida
MR,230345,viaje_sin_salida
MR,230349,viaje_sin_salida
MR,230408,viaje_sin_salida
MR,230602,viaje_sin_salida
MR,230636,viaje_sin_salida
MR,230740,viaje_sin_salida
MR,230880,viaje_sin_salida
MR,231427,viaje_sin_salida
MR,231501,viaje_sin_salida
MR,231534,viaje_sin_salida
MR,231705,viaje_sin_salida
MR,231761,viaje_sin_salida
MR,231893,viaje_sin_salida
MR,231950,viaje_sin_salida
MR,231968,viaje_sin_salida
MR,232079,viaje_sin_salida
MR,232279,viaje_sin_salida
MR,232346,viaje_sin_salida
MR,232425,viaje_sin_salida
MR,232428,viaje_sin_salida
MR,232513,viaje_sin_salida
MR,232544,viaje_sin_salida
MR,232634,viaje_sin_salida
MR,232659,viaje_sin_salida
MR,232736,viaje_sin_salida
MR,232743,viaje_sin_salida
MR,232858,viaje_sin_salida
MR,232981,viaje_sin_salida
MR,233021,viaje_sin_salida
MR,233134,viaje_sin_salida
MR,233158,viaje_sin_salida
MR,233277,viaje_sin_salida
MR,233337,viaje_sin_salida
MR,233569,viaje_sin_salida
MR,233570,viaje_sin_salida
MR,233587,viaje_sin_salida
MR,233729,viaje_sin_salida
MR,233743,viaje_sin_salida
MR,233786,viaje_sin_salida
MR,233798,viaje_sin_salida
MR,233872,viaje_sin_salida
MR,234001,viaje_sin_salida
MR,234046,viaje_sin_salida
MR,234061,viaje_sin_salida
MR,234144,viaje_sin_salida
MR,234145,viaje_sin_salida
MR,234401,viaje_sin_salida
MR,234464,viaje_sin_salida
MR,234676,viaje_sin_salida
MR,234784,viaje_sin_salida
MR,234865,viaje_sin_salida
MR,235468,viaje_sin_salida
MR,235506,viaje_sin_salida
MR,235743,viaje_sin_salida
MR,235797,viaje_sin_salida
MR,235860,viaje_sin_salida
MR,235901,viaje_sin_salida
MR,236081,viaje_sin_salida
MR,236187,viaje_sin_salida
MR,236262,viaje_sin_salida
MR,236322,viaje_sin_salida
MR,236376,viaje_sin_salida
MR,236405,viaje_sin_salida
MR,236627,viaje_sin_salida
MR,236770,viaje_sin_salida
MR,236919,viaje_sin_salida
MR,236997,viaje_sin_salida
MR,237093,viaje_sin_salida
MR,237286,viaje_sin_salida
MR,237319,viaje_sin_salida
MR,237741,viaje_sin_salida
MR,237834,viaje_sin_salida
MR,238070,viaje_sin_salida
MR,238092,viaje_sin_salida
MR,238105,viaje_sin_salida
MR,238139,viaje_sin_salida
MR,238195,viaje_sin_salida
MR,238210,viaje_sin_salida
MR,238219,viaje_sin_salida
MR,238262,viaje_sin_salida
MR,238265,viaje_sin_salida
MR,238316,viaje_sin_salida
MR,238439,viaje_sin_salida
MR,238521,viaje_sin_salida
MR,238633,viaje_sin_salida
MR,238772,viaje_sin_salida
MR,239171,viaje_sin_salida
MR,239316,viaje_sin_salida
MR,239325,viaje_sin_salida
MR,239489,viaje_sin_salida
MR,239531,viaje_sin_salida
MR,239667,viaje_sin_salida
MR,239836,viaje_sin_salida
MR,239839,viaje_sin_salida
MR,239853,viaje_sin_salida
MR,239862,viaje_sin_salida
MR,239890,viaje_sin_salida
MR,239920,viaje_sin_salida
MR,240156,viaje_sin_salida
MR,240163,viaje_sin_salida
MR,240328,viaje_sin_salida
MR,240476,viaje_sin_salida
MR,240479,viaje_sin_salida
MR,240576,viaje_sin_salida
MR,240577,viaje_sin_salida
MR,240631,viaje_sin_salida
MR,240671,viaje_sin_salida
MR,240925,viaje_sin_salida
MR,241196,viaje_sin_salida
MR,241376,viaje_sin_salida
MR,241383,viaje_sin_salida
MR,241551,viaje_sin_salida
MR,241787,viaje_sin_salida
MR,241801,viaje_sin_salida
MR,241814,viaje_sin_salida
MR,241936,viaje_sin_salida
MR,241976,viaje_sin_salida
MR,242052,viaje_sin_salida
MR,242070,viaje_sin_salida
MR,242286,viaje_sin_salida
MR,242299,viaje_sin_salida
MR,242437,viaje_sin_salida
MR,242622,viaje_sin_salida
MR,242779,viaje_sin_salida
MR,242879,viaje_sin_salida
MR,242904,viaje_sin_salida
MR,243061,viaje_sin_salida
MR,243064,viaje_sin_salida
MR,243160,viaje_sin_salida
MR,243166,viaje_sin_salida
MR,243171,viaje_sin_salida
MR,243310,viaje_sin_salida
MR,243369,viaje_sin_salida
MR,243420,viaje_sin_salida
MR,243436,viaje_sin_salida
MR,243530,viaje_sin_salida
MR,243749,viaje_sin_salida
MR,243819,viaje_sin_salida
MR,244025,viaje_sin_salida
MR,244151,viaje_sin_salida
MR,244200,viaje_sin_salida
MR,244201,viaje_sin_salida
MR,244361,viaje_sin_salida
MR,244469,viaje_sin_salida
MR,244583,viaje_sin_salida
MR,244607,viaje_sin_salida
MR,244667,viaje_sin_salida
MR,244755,viaje_sin_salida
MR,244792,viaje_sin_salida
MR,244793,viaje_sin_salida
MR,244889,viaje_sin_salida
MR,245118,viaje_sin_salida
MR,245216,viaje_sin_salida
MR,245289,viaje_sin_salida
MR,245340,viaje_sin_salida
MR,245364,viaje_sin_salida
MR,245397,viaje_sin_salida
MR,245426,viaje_sin_salida
MR,245473,viaje_sin_salida
MR,245602,viaje_sin_salida
MR,245683,viaje_sin_salida
MR,245748,viaje_sin_salida
MR,245866,viaje_sin_salida
MR,245922,viaje_sin_salida
MR,245986,viaje_sin_salida
MR,246087,viaje_sin_salida
MR,246118,viaje_sin_salida
MR,246254,viaje_sin_salida
MR,246267,viaje_sin_salida
MR,246323,viaje_sin_salida
MR,246479,viaje_sin_salida
MR,246550,viaje_sin_salida
MR,246605,viaje_sin_salida
MR,246807,viaje_sin_salida
MR,246889,viaje_sin_salida
MR,247220,viaje_sin_salida
MR,247377,viaje_sin_salida
MR,247496,viaje_sin_salida
MR,247564,viaje_sin_salida
MR,247702,viaje_sin_salida
MR,247763,viaje_sin_salida
MR,247785,viaje_sin_salida
MR,247802,viaje_sin_salida
MR,247993,viaje_sin_salida
MR,248020,viaje_sin_salida
MR,248067,viaje_sin_salida
MR,248102,viaje_sin_salida
MR,248237,viaje_sin_salida
MR,248243,viaje_sin_salida
MR,248272,viaje_sin_salida
MR,248315,viaje_sin_salida
MR,248669,viaje_sin_salida
MR,248714,viaje_sin_salida
MR,248730,viaje_sin_salida
MR,248813,viaje_sin_salida
MR,248963,viaje_sin_salida
MR,248972,viaje_sin_salida
MR,248991,viaje_sin_salida
MR,249053,viaje_sin_salida
MR,249113,viaje_sin_salida
MR,249233,viaje_sin_salida
MR,249310,viaje_sin_salida
MR,249397,viaje_sin_salida
MR,249412,viaje_sin_salida
MR,249475,viaje_sin_salida
MR,249535,viaje_sin_salida
MR,249723,viaje_sin_salida
MR,249883,viaje_sin_salida
MR,249959,viaje_sin_salida
MR,249966,viaje_sin_salida
MR,250122,viaje_sin_salida
MR,250155,viaje_sin_salida
MR,250164,viaje_sin_salida
MR,250203,viaje_sin_salida
MR,250212,viaje_sin_salida
MR,250297,viaje_sin_salida
MR,250312,viaje_sin_salida
MR,250365,viaje_sin_salida
MR,250590,viaje_sin_salida
MR,250593,viaje_sin_salida
MR,250638,viaje_sin_salida
MR,250656,viaje_sin_salida
MR,250748,viaje_sin_salida
MR,250844,viaje_sin_salida
MR,250868,viaje_sin_salida
MR,251151,viaje_sin_salida
MR,251279,viaje_sin_salida
MR,251400,viaje_sin_salida
MR,251564,viaje_sin_salida
MR,251565,viaje_sin_salida
MR,251590,viaje_sin_salida
MR,251692,viaje_sin_salida
MR,251765,viaje_sin_salida
MR,251878,viaje_sin_salida
MR,251959,viaje_sin_salida
MR,252100,viaje_sin_salida
MR,252129,viaje_sin_salida
MR,252139,viaje_sin_salida
MR,252148,viaje_sin_salida
MR,252162,viaje_sin_salida
MR,252218,viaje_sin_salida
MR,252265,viaje_sin_salida
MR,252520,viaje_sin_salida
MR,252538,viaje_sin_salida
MR,252540,viaje_sin_salida
MR,252838,viaje_sin_salida
MR,253118,viaje_sin_salida
MR,253146,viaje_sin_salida
MR,253203,viaje_sin_salida
MR,253306,viaje_sin_salida
MR,253336,viaje_sin_salida
MR,253466,viaje_sin_salida
MR,253506,viaje_sin_salida
MR,253586,viaje_sin_salida
MR,253612,viaje_sin_salida
MR,253669,viaje_sin_salida
MR,253728,viaje_sin_salida
MR,253755,viaje_sin_salida
MR,253787,viaje_sin_salida
MR,253817,viaje_sin_salida
MR,253888,viaje_sin_salida
MR,254142,viaje_sin_salida
MR,254156,viaje_sin_salida
MR,254221,viaje_sin_salida
MR,254377,viaje_sin_salida
MR,254406,viaje_sin_salida
MR,254440,viaje_sin_salida
MR,254477,viaje_sin_salida
MR,254525,viaje_sin_salida
MR,254685,viaje_sin_salida
MR,254823,viaje_sin_salida
MR,254873,viaje_sin_salida
MR,254938,viaje_sin_salida
MR,255045,viaje_sin_salida
MR,255176,viaje_sin_salida
MR,255189,viaje_sin_salida
MR,255218,viaje_sin_salida
MR,255266,viaje_sin_salida
MR,255340,viaje_sin_salida
MR,255587,viaje_sin_salida
MR,255649,viaje_sin_salida
MR,255667,viaje_sin_salida
MR,256036,viaje_sin_salida
MR,256076,viaje_sin_salida
MR,256104,viaje_sin_salida
MR,256181,viaje_sin_salida
MR,256190,viaje_sin_salida
MR,256415,viaje_sin_salida
MR,256438,viaje_sin_salida
MR,256487,viaje_sin_salida
MR,256668,viaje_sin_salida
MR,256670,viaje_sin_salida
MR,256686,viaje_sin_salida
MR,256724,viaje_sin_salida
MR,257154,viaje_sin_salida
MR,257193,viaje_sin_salida
MR,257196,viaje_sin_salida
MR,257260,viaje_sin_salida
MR,257356,viaje_sin_salida
MR,257384,viaje_sin_salida
MR,257584,viaje_sin_salida
MR,257753,viaje_sin_salida
MR,257885,viaje_sin_salida
MR,257978,viaje_sin_salida
MR,257989,viaje_sin_salida
MR,258050,viaje_sin_salida
MR,258133,viaje_sin_salida
MR,258164,viaje_sin_salida
MR,258285,viaje_sin_salida
MR,258341,viaje_sin_salida
MR,258912,viaje_sin_salida
MR,258913,viaje_sin_salida
MR,258928,viaje_sin_salida
MR,258978,viaje_sin_salida
MR,259011,viaje_sin_salida
MR,259012,viaje_sin_salida
MR,259055,viaje_sin_salida
MR,259170,viaje_sin_salida
MR,259355,viaje_sin_salida
MR,259406,viaje_sin_salida
MR,259483,viaje_sin_salida
MR,259566,viaje_sin_salida
MR,259651,viaje_sin_salida
MR,259758,viaje_sin_salida
MR,259783,viaje_sin_salida
MR,259973,viaje_sin_salida
MR,260024,viaje_sin_salida
MR,260042,viaje_sin_salida
MR,260053,viaje_sin_salida
MR,260128,viaje_sin_salida
MR,260188,viaje_sin_salida
MR,260316,viaje_sin_salida
MR,260322,viaje_sin_salida
MR,260332,viaje_sin_salida
MR,260343,viaje_sin_salida
MR,260348,viaje_sin_salida
MR,260363,viaje_sin_salida
MR,260430,viaje_sin_salida
MR,260431,viaje_sin_salida
MR,260451,viaje_sin_salida
MR,260482,viaje_sin_salida
MR,260552,viaje_sin_salida
MR,260640,viaje_sin_salida
MR,260898,viaje_sin_salida
MR,260908,viaje_sin_salida
MR,261007,viaje_sin_salida
MR,261250,viaje_sin_salida
MR,261329,viaje_sin_salida
MR,261535,viaje_sin_salida
MR,261542,viaje_sin_salida
MR,261545,viaje_sin_salida
MR,261566,viaje_sin_salida
MR,261613,viaje_sin_salida
MR,261662,viaje_sin_salida
MR,261677,viaje_sin_salida
MR,261768,viaje_sin_salida
MR,262032,viaje_sin_salida
MR,262144,viaje_sin_salida
MR,262186,viaje_sin_salida
MR,262193,viaje_sin_salida
MR,262197,viaje_sin_salida
MR,262358,viaje_sin_salida
MR,262425,viaje_sin_salida
MR,262780,viaje_sin_salida
MR,262958,viaje_sin_salida
MR,262969,viaje_sin_salida
MR,263010,viaje_sin_salida
MR,263114,viaje_sin_salida
MR,263135,viaje_sin_salida
MR,263150,viaje_sin_salida
MR,263169,viaje_sin_salida
MR,263287,viaje_sin_salida
MR,263292,viaje_sin_salida
MR,263305,viaje_sin_salida
MR,263350,viaje_sin_salida
MR,263485,viaje_sin_salida
MR,263759,viaje_sin_salida
MR,263953,viaje_sin_salida
MR,264082,viaje_sin_salida
MR,264149,viaje_sin_salida
MR,264258,viaje_sin_salida
MR,264306,viaje_sin_salida
MR,264518,viaje_sin_salida
MR,264667,viaje_sin_salida
MR,264706,viaje_sin_salida
MR,264720,viaje_sin_salida
MR,264848,viaje_sin_salida
MR,264901,viaje_sin_salida
MR,265080,viaje_sin_salida
MR,265085,viaje_sin_salida
MR,265150,viaje_sin_salida
MR,265169,viaje_sin_salida
MR,265202,viaje_sin_salida
MR,265213,viaje_sin_salida
MR,265295,viaje_sin_salida
MR,265310,viaje_sin_salida
MR,265386,viaje_sin_salida
MR,265458,viaje_sin_salida
MR,265744,viaje_sin_salida
MR,265795,viaje_sin_salida
MR,265940,viaje_sin_salida
MR,265976,viaje_sin_salida
MR,266010,viaje_sin_salida
MR,266252,viaje_sin_salida
MR,266298,viaje_sin_salida
MR,266487,viaje_sin_salida
MR,266533,viaje_sin_salida
MR,266687,viaje_sin_salida
MR,266801,viaje_sin_salida
MR,266807,viaje_sin_salida
MR,267048,viaje_sin_salida
MR,267296,viaje_sin_salida
MR,267367,viaje_sin_salida
MR,267473,viaje_sin_salida
MR,267668,viaje_sin_salida
MR,267764,viaje_sin_salida
MR,267980,viaje_sin_salida
MR,268004,viaje_sin_salida
MR,268014,viaje_sin_salida
MR,268043,viaje_sin_salida
MR,268124,viaje_sin_salida
MR,268176,viaje_sin_salida
MR,268239,viaje_sin_salida
MR,268241,viaje_sin_salida
MR,268697,viaje_sin_salida
MR,268996,viaje_sin_salida
MR,269064,viaje_sin_salida
MR,269076,viaje_sin_salida
MR,269112,viaje_sin_salida
MR,269114,viaje_sin_salida
MR,269123,viaje_sin_salida
MR,269248,viaje_sin_salida
MR,269353,viaje_sin_salida
MR,269364,viaje_sin_salida
MR,269415,viaje_sin_salida
MR,269507,viaje_sin_salida
MR,269557,viaje_sin_salida
MR,269561,viaje_sin_salida
MR,269639,viaje_sin_salida
MR,269652,viaje_sin_salida
MR,269683,viaje_sin_salida
MR,269750,viaje_sin_salida
MR,269752,viaje_sin_salida
MR,269785,viaje_sin_salida
MR,269898,viaje_sin_salida
MR,269973,viaje_sin_salida
MR,270047,viaje_sin_salida
MR,270088,viaje_sin_salida
MR,270157,viaje_sin_salida
MR,270298,viaje_sin_salida
MR,270456,viaje_sin_salida
MR,270491,viaje_sin_salida
MR,270509,viaje_sin_salida
MR,270618,viaje_sin_salida
MR,270629,viaje_sin_salida
MR,270735,viaje_sin_salida
MR,270832,viaje_sin_salida
MR,270973,viaje_sin_salida
MR,271265,viaje_sin_salida
MR,271453,viaje_sin_salida
MR,271483,viaje_sin_salida
MR,271584,viaje_sin_salida
MR,271718,viaje_sin_salida
MR,271755,viaje_sin_salida
MR,271762,viaje_sin_salida
MR,271797,viaje_sin_salida
MR,271833,viaje_sin_salida
MR,272028,viaje_sin_salida
MR,272086,viaje_sin_salida
MR,272287,viaje_sin_salida
MR,272304,viaje_sin_salida
MR,272352,viaje_sin_salida
MR,272353,viaje_sin_salida
MR,272518,viaje_sin_salida
MR,272559,viaje_sin_salida
MR,272585,viaje_sin_salida
MR,272665,viaje_sin_salida
MR,272688,viaje_sin_salida
MR,272768,viaje_sin_salida
MR,272780,viaje_sin_salida
MR,272867,viaje_sin_salida
MR,272879,viaje_sin_salida
MR,273004,viaje_sin_salida
MR,273112,viaje_sin_salida
MR,273122,viaje_sin_salida
MR,273123,viaje_sin_salida
MR,273149,viaje_sin_salida
MR,273253,viaje_sin_salida
MR,273307,viaje_sin_salida
MR,273515,viaje_sin_salida
MR,273592,viaje_sin_salida
MR,273627,viaje_sin_salida
MR,273660,viaje_sin_salida
MR,273734,viaje_sin_salida
MR,273859,viaje_sin_salida
MR,273956,viaje_sin_salida
MR,273975,viaje_sin_salida
MR,274019,viaje_sin_salida
MR,274031,viaje_sin_salida
MR,274067,viaje_sin_salida
MR,274155,viaje_sin_salida
MR,274236,viaje_sin_salida
MR,274715,viaje_sin_salida
MR,274778,viaje_sin_salida
MR,275049,viaje_sin_salida
MR,275204,viaje_sin_salida
MR,275397,viaje_sin_salida
MR,275423,viaje_sin_salida
MR,275511,viaje_sin_salida
MR,275570,viaje_sin_salida
MR,275735,viaje_sin_salida
MR,276167,viaje_sin_salida
MR,276395,viaje_sin_salida
MR,276476,viaje_sin_salida
MR,276551,viaje_sin_salida
MR,276585,viaje_sin_salida
MR,276716,viaje_sin_salida
MR,276723,viaje_sin_salida
MR,276895,viaje_sin_salida
MR,276898,viaje_sin_salida
MR,277009,viaje_sin_salida
MR,277362,viaje_sin_salida
MR,277376,viaje_sin_salida
MR,277388,viaje_sin_salida
MR,277412,viaje_sin_salida
MR,277667,viaje_sin_salida
MR,277874,viaje_sin_salida
MR,277971,viaje_sin_salida
MR,277988,viaje_sin_salida
MR,278034,viaje_sin_salida
MR,278165,viaje_sin_salida
MR,278184,viaje_sin_salida
MR,278480,viaje_sin_salida
MR,278509,viaje_sin_salida
MR,278539,viaje_sin_salida
MR,278992,viaje_sin_salida
MR,279260,viaje_sin_salida
MR,279364,viaje_sin_salida
MR,279381,viaje_sin_salida
MR,279504,viaje_sin_salida
MR,279518,viaje_sin_salida
MR,279520,viaje_sin_salida
MR,279527,viaje_sin_salida
MR,279660,viaje_sin_salida
MR,279672,viaje_sin_salida
MR,279673,viaje_sin_salida
MR,279706,viaje_sin_salida
MR,279782,viaje_sin_salida
MR,279841,viaje_sin_salida
MR,279889,viaje_sin_salida
MR,279909,viaje_sin_salida
MR,280112,viaje_sin_salida
MR,280147,viaje_sin_salida
MR,280176,viaje_sin_salida
MR,280360,viaje_sin_salida
MR,280510,viaje_sin_salida
MR,280535,viaje_sin_salida
MR,280551,viaje_sin_salida
MR,280596,viaje_sin_salida
MR,280737,viaje_sin_salida
MR,280784,viaje_sin_salida
MR,280807,viaje_sin_salida
MR,281063,viaje_sin_salida
MR,281396,viaje_sin_salida
MR,281450,viaje_sin_salida
MR,281602,viaje_sin_salida
MR,281607,viaje_sin_salida
MR,281645,viaje_sin_salida
MR,281734,viaje_sin_salida
MR,281739,viaje_sin_salida
MR,281794,viaje_sin_salida
MR,281826,viaje_sin_salida
MR,281829,viaje_sin_salida
MR,282054,viaje_sin_salida
MR,282083,viaje_sin_salida
MR,282099,viaje_sin_salida
MR,282179,viaje_sin_salida
MR,282237,viaje_sin_salida
MR,282327,viaje_sin_salida
MR,282450,viaje_sin_salida
MR,282471,viaje_sin_salida
MR,282658,viaje_sin_salida
MR,282673,viaje_sin_salida
MR,282748,viaje_sin_salida
MR,282804,viaje_sin_salida
MR,282860,viaje_sin_salida
MR,282984,viaje_sin_salida
MR,282994,viaje_sin_salida
MR,283021,viaje_sin_salida
MR,283078,viaje_sin_salida
MR,283093,viaje_sin_salida
MR,283247,viaje_sin_salida
MR,283265,viaje_sin_salida
MR,283379,viaje_sin_salida
MR,283430,viaje_sin_salida
MR,283671,viaje_sin_salida
MR,283982,viaje_sin_salida
MR,284054,viaje_sin_salida
MR,284145,viaje_sin_salida
MR,284337,viaje_sin_salida
MR,284433,viaje_sin_salida
MR,284580,viaje_sin_salida
MR,284590,viaje_sin_salida
MR,284640,viaje_sin_salida
MR,284687,viaje_sin_salida
MR,284742,viaje_sin_salida
MR,285019,viaje_sin_salida
MR,285051,viaje_sin_salida
MR,285067,viaje_sin_salida
MR,285094,viaje_sin_salida
MR,285171,viaje_sin_salida
MR,285259,viaje_sin_salida
MR,285267,viaje_sin_salida
MR,285316,viaje_sin_salida
MR,285382,viaje_sin_salida
MR,285573,viaje_sin_salida
MR,285677,viaje_sin_salida
MR,285768,viaje_sin_salida
MR,285793,viaje_sin_salida
MR,285980,viaje_sin_salida
MR,285990,viaje_sin_salida
MR,286044,viaje_sin_salida
MR,286084,viaje_sin_salida
MR,286208,viaje_sin_salida
MR,286504,viaje_sin_salida
MR,286540,viaje_sin_salida
MR,286556,viaje_sin_salida
MR,286571,viaje_sin_salida
MR,286727,viaje_sin_salida
MR,286877,viaje_sin_salida
MR,287038,viaje_sin_salida
MR,287284,viaje_sin_salida
MR,287331,viaje_sin_salida
MR,287334,viaje_sin_salida
MR,287509,viaje_sin_salida
MR,287573,viaje_sin_salida
MR,287648,viaje_sin_salida
MR,287698,viaje_sin_salida
MR,287801,viaje_sin_salida
MR,287845,viaje_sin_salida
MR,287872,viaje_sin_salida
MR,287947,viaje_sin_salida
MR,287971,viaje_sin_salida
MR,287974,viaje_sin_salida
MR,288062,viaje_sin_salida
MR,288203,viaje_sin_salida
MR,288494,viaje_sin_salida
MR,288549,viaje_sin_salida
MR,288596,viaje_sin_salida
MR,288615,viaje_sin_salida
MR,288717,viaje_sin_salida
MR,288800,viaje_sin_salida
MR,288932,viaje_sin_salida
MR,288940,viaje_sin_salida
MR,289052,viaje_sin_salida
MR,289072,viaje_sin_salida
MR,289213,viaje_sin_salida
MR,289304,viaje_sin_salida
MR,289478,viaje_sin_salida
MR,289590,viaje_sin_salida
MR,289620,viaje_sin_salida
MR,289656,viaje_sin_salida
MR,289770,viaje_sin_salida
MR,289893,viaje_sin_salida
MR,289908,viaje_sin_salida
MR,289959,viaje_sin_salida
MR,289963,viaje_sin_salida
MR,290003,viaje_sin_salida
MR,290010,viaje_sin_salida
MR,290219,viaje_sin_salida
MR,290381,viaje_sin_salida
MR,290407,viaje_sin_salida
MR,290503,viaje_sin_salida
MR,290519,viaje_sin_salida
MR,290574,viaje_sin_salida
MR,290706,viaje_sin_salida
MR,290894,viaje_sin_salida
MR,290983,viaje_sin_salida
MR,291047,viaje_sin_salida
MR,291090,viaje_sin_salida
MR,291127,viaje_sin_salida
MR,291191,viaje_sin_salida
MR,291196,viaje_sin_salida
MR,291289,viaje_sin_salida
MR,291352,viaje_sin_salida
MR,291393,viaje_sin_salida
MR,291509,viaje_sin_salida
MR,291558,viaje_sin_salida
MR,291578,viaje_sin_salida
MR,291780,viaje_sin_salida
MR,291792,viaje_sin_salida
MR,291810,viaje_sin_salida
MR,291849,viaje_sin_salida
MR,291869,viaje_sin_salida
MR,292005,viaje_sin_salida
MR,292076,viaje_sin_salida
MR,292116,viaje_sin_salida
MR,292417,viaje_sin_salida
MR,292458,viaje_sin_salida
MR,292499,viaje_sin_salida
MR,292551,viaje_sin_salida
MR,292666,viaje_sin_salida
MR,292671,viaje_sin_salida
MR,292717,viaje_sin_salida
MR,292737,viaje_sin_salida
MR,292813,viaje_sin_salida
MR,292841,viaje_sin_salida
MR,292884,viaje_sin_salida
MR,292939,viaje_sin_salida
MR,293024,viaje_sin_salida
MR,293209,viaje_sin_salida
MR,293224,viaje_sin_salida
MR,293231,viaje_sin_salida
MR,293233,viaje_sin_salida
MR,293248,viaje_sin_salida
MR,293254,viaje_sin_salida
MR,293262,viaje_sin_salida
MR,293491,viaje_sin_salida
MR,293515,viaje_sin_salida
MR,293698,viaje_sin_salida
MR,293701,viaje_sin_salida
MR,293872,viaje_sin_salida
MR,293909,viaje_sin_salida
MR,293967,viaje_sin_salida
MR,293977,viaje_sin_salida
MR,294015,viaje_sin_salida
MR,294134,viaje_sin_salida
MR,294169,viaje_sin_salida
MR,294265,viaje_sin_salida
MR,294275,viaje_sin_salida
MR,294356,viaje_sin_salida
MR,294540,viaje_sin_salida
MR,294571,viaje_sin_salida
MR,294587,viaje_sin_salida
MR,294602,viaje_sin_salida
MR,294784,viaje_sin_salida
MR,294792,viaje_sin_salida
MR,294796,viaje_sin_salida
MR,294877,viaje_sin_salida
MR,295022,viaje_sin_salida
MR,295088,viaje_sin_salida
MR,295238,viaje_sin_salida
MR,295246,viaje_sin_salida
MR,295304,viaje_sin_salida
MR,295379,viaje_sin_salida
MR,295470,viaje_sin_salida
MR,295536,viaje_sin_salida
MR,295611,viaje_sin_salida
MR,295897,viaje_sin_salida
MR,295909,viaje_sin_salida
MR,295929,viaje_sin_salida
MR,296058,viaje_sin_salida
MR,296127,viaje_sin_salida
MR,296468,viaje_sin_salida
MR,296481,viaje_sin_salida
MR,296526,viaje_sin_salida
MR,296589,viaje_sin_salida
MR,296592,viaje_sin_salida
MR,296656,viaje_sin_salida
MR,296921,viaje_sin_salida
MR,297049,viaje_sin_salida
MR,297068,viaje_sin_salida
MR,297069,viaje_sin_salida
MR,297313,viaje_sin_salida
MR,297477,viaje_sin_salida
MR,297515,viaje_sin_salida
MR,297585,viaje_sin_salida
MR,297933,viaje_sin_salida
MR,298041,viaje_sin_salida
MR,298179,viaje_sin_salida
MR,298266,viaje_sin_salida
MR,298514,viaje_sin_salida
MR,298538,viaje_sin_salida
MR,298551,viaje_sin_salida
MR,298563,viaje_sin_salida
MR,298683,viaje_sin_salida
MR,298868,viaje_sin_salida
MR,298883,viaje_sin_salida
MR,298914,viaje_sin_salida
MR,298921,viaje_sin_salida
MR,299033,viaje_sin_salida
MR,299091,viaje_sin_salida
